grid_id,cnt_store,cnt_112,cnt_5crime,cnt_cctv,cnt_patrol,sigungu,x_center,y_center,hotspot,z_112,z_5crime,z_cctv,z_patrol,need_score,rank_in_sigungu
다라334275,36,15,9,2,0,강진군,933450.0,1627550.0,True,0.9478247207640287,5.139069748387142,0.9091548272984092,-0.4343722427630695,5.849503176883501,1
다라328273,23,21,4,0,0,강진군,932850.0,1627350.0,True,1.6942366883657014,1.9079181101796574,-0.7510409442899902,-0.4343722427630695,4.194861392071888,2
다라329273,26,41,0,0,0,강진군,932950.0,1627350.0,True,4.182276580371277,-0.67700320038633,-0.7510409442899902,-0.4343722427630695,4.097979973511477,3
다라330275,43,15,4,1,0,강진군,933050.0,1627550.0,True,0.9478247207640287,1.9079181101796574,0.07905694150420949,-0.4343722427630695,3.0334004815731164,4
다라330273,38,28,1,1,0,강진군,933050.0,1627350.0,True,2.565050650567653,-0.030772872744833216,0.07905694150420949,-0.4343722427630695,2.71193542845225,5
다라333275,15,15,3,1,0,강진군,933350.0,1627550.0,True,0.9478247207640287,1.2616877825381605,0.07905694150420949,-0.4343722427630695,2.3871701539316197,6
다라373358,17,6,4,0,0,강진군,937350.0,1635850.0,True,-0.17179323063848026,1.9079181101796574,-0.7510409442899902,-0.4343722427630695,2.3288314730677073,7
다라329274,40,24,3,4,0,강진군,932950.0,1627450.0,True,2.0674426721665378,1.2616877825381605,2.5693505988868086,-0.4343722427630695,2.2616412766428287,8
다라333273,14,6,3,0,0,강진군,933350.0,1627350.0,True,-0.17179323063848026,1.2616877825381605,-0.7510409442899902,-0.4343722427630695,1.6826011454262102,9
다라328274,19,21,2,3,0,강진군,932850.0,1627450.0,True,1.6942366883657014,0.6154574548966636,1.739252713092609,-0.4343722427630695,1.6572539080975952,10
다라329275,23,10,2,0,0,강진군,932950.0,1627550.0,True,0.3258147477626348,0.6154574548966636,-0.7510409442899902,-0.4343722427630695,1.5339787961858282,11
다라332276,21,19,2,3,0,강진군,933250.0,1627650.0,True,1.4454326991651438,0.6154574548966636,1.739252713092609,-0.4343722427630695,1.4084499188970376,12
다라330274,26,16,1,1,0,강진군,933050.0,1627450.0,True,1.0722267153643075,-0.030772872744833216,0.07905694150420949,-0.4343722427630695,1.2191114932489042,13
다라333274,23,12,1,0,0,강진군,933350.0,1627450.0,True,0.5746187369631923,-0.030772872744833216,-0.7510409442899902,-0.4343722427630695,1.1365524577448889,14
다라327276,14,16,2,3,0,강진군,932750.0,1627650.0,True,1.0722267153643075,0.6154574548966636,1.739252713092609,-0.4343722427630695,1.0352439350962013,15
다라331275,45,16,0,0,0,강진군,933150.0,1627550.0,True,1.0722267153643075,-0.67700320038633,-0.7510409442899902,-0.4343722427630695,0.9879301085045074,16
다라331273,14,10,1,0,0,강진군,933150.0,1627350.0,True,0.3258147477626348,-0.030772872744833216,-0.7510409442899902,-0.4343722427630695,0.8877484685443315,17
다라334273,10,6,3,2,0,강진군,933450.0,1627350.0,True,-0.17179323063848026,1.2616877825381605,0.9091548272984092,-0.4343722427630695,0.8525032596320103,18
다라342278,10,4,2,0,0,강진군,934250.0,1627850.0,True,-0.4205972198390378,0.6154574548966636,-0.7510409442899902,-0.4343722427630695,0.7875668285841557,19
다라330272,25,10,2,2,0,강진군,933050.0,1627250.0,True,0.3258147477626348,0.6154574548966636,0.9091548272984092,-0.4343722427630695,0.7038809103916285,20
다라332274,21,8,2,2,0,강진군,933250.0,1627450.0,True,0.07701075856207729,0.6154574548966636,0.9091548272984092,-0.4343722427630695,0.455076921191071,21
다라331276,27,8,1,1,0,강진군,933150.0,1627650.0,True,0.07701075856207729,-0.030772872744833216,0.07905694150420949,-0.4343722427630695,0.2238955364466741,22
다라333276,11,3,1,0,0,강진군,933350.0,1627650.0,True,-0.5449992144393165,-0.030772872744833216,-0.7510409442899902,-0.4343722427630695,0.01693450634238014,23
다라331274,43,19,1,5,0,강진군,933150.0,1627450.0,True,1.4454326991651438,-0.030772872744833216,3.399448484681008,-0.4343722427630695,-0.06787829453865862,24
다라373065,17,13,1,0,1,강진군,937350.0,1606550.0,True,0.6990207315634711,-0.030772872744833216,-0.7510409442899902,2.3021728866442683,-0.1073181123585012,25
다라332275,41,7,0,0,0,강진군,933250.0,1627550.0,True,-0.04739123603820149,-0.67700320038633,-0.7510409442899902,-0.4343722427630695,-0.13168784289800162,26
다라334274,24,5,1,1,0,강진군,933450.0,1627450.0,True,-0.296195225238759,-0.030772872744833216,0.07905694150420949,-0.4343722427630695,-0.1493104473541622,27
다라332272,17,9,0,1,0,강진군,933250.0,1627250.0,True,0.20141275316235605,-0.67700320038633,0.07905694150420949,-0.4343722427630695,-0.2979327965945439,28
다라374063,11,1,3,0,1,강진군,937450.0,1606350.0,True,-0.7938032036398741,1.2616877825381605,-0.7510409442899902,2.3021728866442683,-0.3076813922788526,29
다라373063,7,0,1,0,0,강진군,937350.0,1606350.0,True,-0.9182051982401529,-0.030772872744833216,-0.7510409442899902,-0.4343722427630695,-0.3562714774584563,30
다라373357,18,4,0,0,0,강진군,937350.0,1635750.0,True,-0.4205972198390378,-0.67700320038633,-0.7510409442899902,-0.4343722427630695,-0.5048938266988379,31
다라373359,12,4,0,0,0,강진군,937350.0,1635950.0,True,-0.4205972198390378,-0.67700320038633,-0.7510409442899902,-0.4343722427630695,-0.5048938266988379,31
다라330270,9,4,0,0,0,강진군,933050.0,1627050.0,True,-0.4205972198390378,-0.67700320038633,-0.7510409442899902,-0.4343722427630695,-0.5048938266988379,31
다라373064,24,3,0,0,0,강진군,937350.0,1606450.0,True,-0.5449992144393165,-0.67700320038633,-0.7510409442899902,-0.4343722427630695,-0.6292958212991167,32
다라330271,18,3,0,0,0,강진군,933050.0,1627150.0,True,-0.5449992144393165,-0.67700320038633,-0.7510409442899902,-0.4343722427630695,-0.6292958212991167,32
다라374356,6,3,0,0,0,강진군,937450.0,1635650.0,True,-0.5449992144393165,-0.67700320038633,-0.7510409442899902,-0.4343722427630695,-0.6292958212991167,32
다라372065,20,4,1,2,0,강진군,937250.0,1606550.0,True,-0.4205972198390378,-0.030772872744833216,0.9091548272984092,-0.4343722427630695,-0.6887613848515408,33
다라332273,12,2,0,0,0,강진군,933250.0,1627350.0,True,-0.6694012090395953,-0.67700320038633,-0.7510409442899902,-0.4343722427630695,-0.7536978158993954,34
다라325274,9,1,0,0,0,강진군,932550.0,1627450.0,True,-0.7938032036398741,-0.67700320038633,-0.7510409442899902,-0.4343722427630695,-0.8780998104996742,35
다라352253,6,1,0,0,0,강진군,935250.0,1625350.0,True,-0.7938032036398741,-0.67700320038633,-0.7510409442899902,-0.4343722427630695,-0.8780998104996742,35
다라335274,6,1,0,0,0,강진군,933550.0,1627450.0,True,-0.7938032036398741,-0.67700320038633,-0.7510409442899902,-0.4343722427630695,-0.8780998104996742,35
다라327274,6,2,1,2,0,강진군,932750.0,1627450.0,True,-0.6694012090395953,-0.030772872744833216,0.9091548272984092,-0.4343722427630695,-0.9375653740520984,36
다라373066,13,0,0,0,0,강진군,937350.0,1606650.0,True,-0.9182051982401529,-0.67700320038633,-0.7510409442899902,-0.4343722427630695,-1.002501805099953,37
다라2813,8,0,0,0,0,강진군,928500.0,1613500.0,True,-0.9182051982401529,-0.67700320038633,-0.7510409442899902,-0.4343722427630695,-1.002501805099953,37
다라327275,6,0,0,0,0,강진군,932750.0,1627550.0,True,-0.9182051982401529,-0.67700320038633,-0.7510409442899902,-0.4343722427630695,-1.002501805099953,37
다라328269,6,0,0,0,0,강진군,932850.0,1626950.0,True,-0.9182051982401529,-0.67700320038633,-0.7510409442899902,-0.4343722427630695,-1.002501805099953,37
다라376063,6,0,0,0,0,강진군,937650.0,1606350.0,True,-0.9182051982401529,-0.67700320038633,-0.7510409442899902,-0.4343722427630695,-1.002501805099953,37
다라327269,6,0,0,0,0,강진군,932750.0,1626950.0,True,-0.9182051982401529,-0.67700320038633,-0.7510409442899902,-0.4343722427630695,-1.002501805099953,37
다라326274,12,3,0,1,0,강진군,932650.0,1627450.0,True,-0.5449992144393165,-0.67700320038633,0.07905694150420949,-0.4343722427630695,-1.0443447641962165,38
다라377063,10,5,1,0,1,강진군,937750.0,1606350.0,True,-0.296195225238759,-0.030772872744833216,-0.7510409442899902,2.3021728866442683,-1.1025340691607313,39
다라372064,13,10,0,0,1,강진군,937250.0,1606450.0,True,0.3258147477626348,-0.67700320038633,-0.7510409442899902,2.3021728866442683,-1.1267544238008342,40
다라330276,11,9,0,3,0,강진군,933050.0,1627650.0,True,0.20141275316235605,-0.67700320038633,1.739252713092609,-0.4343722427630695,-1.1280306823887438,41
다라291169,6,2,0,1,0,강진군,929150.0,1616950.0,True,-0.6694012090395953,-0.67700320038633,0.07905694150420949,-0.4343722427630695,-1.1687467587964953,42
다라329276,6,1,0,1,0,강진군,932950.0,1627650.0,True,-0.7938032036398741,-0.67700320038633,0.07905694150420949,-0.4343722427630695,-1.293148753396774,43
다라334276,16,4,2,2,1,강진군,933450.0,1627650.0,True,-0.4205972198390378,0.6154574548966636,0.9091548272984092,2.3021728866442683,-1.410803621913713,44
다라331271,6,0,0,1,0,강진군,933150.0,1627150.0,True,-0.9182051982401529,-0.67700320038633,0.07905694150420949,-0.4343722427630695,-1.4175507479970528,45
다라335275,10,3,0,2,0,강진군,933550.0,1627550.0,True,-0.5449992144393165,-0.67700320038633,0.9091548272984092,-0.4343722427630695,-1.4593937070933165,46
다라332279,8,0,0,2,0,강진군,933250.0,1627950.0,True,-0.9182051982401529,-0.67700320038633,0.9091548272984092,-0.4343722427630695,-1.8325996908941529,47
다라348159,8,2,0,0,1,강진군,934850.0,1615950.0,True,-0.6694012090395953,-0.67700320038633,-0.7510409442899902,2.3021728866442683,-2.1219703806030643,48
다라325273,22,5,0,1,1,강진군,932550.0,1627350.0,True,-0.296195225238759,-0.67700320038633,0.07905694150420949,2.3021728866442683,-2.1638133396993275,49
다라275332,8,2,0,1,1,강진군,927550.0,1633250.0,True,-0.6694012090395953,-0.67700320038633,0.07905694150420949,2.3021728866442683,-2.5370193235001643,50
다라372066,7,1,0,1,1,강진군,937250.0,1606650.0,True,-0.7938032036398741,-0.67700320038633,0.07905694150420949,2.3021728866442683,-2.6614213181004427,51
다라274333,7,2,1,4,1,강진군,927450.0,1633350.0,True,-0.6694012090395953,-0.030772872744833216,2.5693505988868086,2.3021728866442683,-3.135935824549967,52
다라799236,16,32,3,3,0,고흥군,979950.0,1623650.0,True,1.9645454187460403,3.1709464555361584,-0.031382057981079466,-0.5979513685996171,5.450158587572547,1
다라805238,12,69,0,4,0,고흥군,980550.0,1623850.0,True,5.13804186441272,-0.5148400149209998,0.29812955082025455,-0.5979513685996171,4.7731127583814015,2
다라665146,16,16,3,0,0,고흥군,966550.0,1614650.0,True,0.592222631430719,3.1709464555361584,-1.0199168843850814,-0.5979513685996171,4.5721032134592265,3
다라799237,45,49,3,8,2,고흥군,979950.0,1623750.0,True,3.422638380268569,3.1709464555361584,1.6161759860255906,2.6217867700137054,4.474603457785079,4
다라670145,7,9,3,4,0,고흥군,967050.0,1614550.0,True,-0.008168588019734026,3.1709464555361584,0.29812955082025455,-0.5979513685996171,3.3126887764061053,5
다라805237,30,28,2,8,0,고흥군,980550.0,1623750.0,True,1.6214647219172098,1.9423509653837723,1.6161759860255906,-0.5979513685996171,3.0547033785879956,6
다라665147,20,21,3,8,1,고흥군,966550.0,1614750.0,True,1.021073502466757,3.1709464555361584,1.6161759860255906,1.0119177007070443,2.877973114636598,7
다라798234,18,15,2,4,0,고흥군,979850.0,1623450.0,True,0.5064524572235114,1.9423509653837723,0.29812955082025455,-0.5979513685996171,2.5987143314969647,8
다라805239,14,4,3,3,1,고흥군,980550.0,1623950.0,True,-0.4370194590557719,3.1709464555361584,-0.031382057981079466,1.0119177007070443,2.243659175117404,9
다라667149,26,7,2,3,0,고흥군,966750.0,1614950.0,True,-0.17970893643414917,1.9423509653837723,-0.031382057981079466,-0.5979513685996171,2.077308742239971,10
다라804238,44,17,1,1,0,고흥군,980450.0,1623850.0,True,0.6779928056379266,0.7137554752313862,-0.6904052755837475,-0.5979513685996171,2.0359266029609953,11
다라801236,19,24,1,5,0,고흥군,980150.0,1623650.0,True,1.2783840250883796,0.7137554752313862,0.6276411596215885,-0.5979513685996171,1.97729460480878,12
다라664149,36,13,1,0,0,고흥군,966450.0,1614950.0,True,0.3349121088090963,0.7137554752313862,-1.0199168843850814,-0.5979513685996171,1.8576017105328317,13
다라802237,50,20,2,14,0,고흥군,980250.0,1623750.0,True,0.9353033282595493,1.9423509653837723,3.593245638833595,-0.5979513685996171,1.380007158526333,14
다라665149,18,64,0,13,2,고흥군,966550.0,1614950.0,True,4.709190993376683,-0.5148400149209998,3.2637340300322606,2.6217867700137054,1.2515905784326997,15
다라796237,11,6,1,1,0,고흥군,979650.0,1623750.0,True,-0.26547911064135676,0.7137554752313862,-0.6904052755837475,-0.5979513685996171,1.0924546866817118,16
다라804237,22,26,0,4,0,고흥군,980450.0,1623750.0,True,1.4499243735027947,-0.5148400149209998,0.29812955082025455,-0.5979513685996171,1.084995267471476,17
다라801237,24,37,0,10,0,고흥군,980150.0,1623750.0,True,2.393396289782078,-0.5148400149209998,2.275199203628259,-0.5979513685996171,1.0399323573467572,18
다라802239,33,11,1,4,0,고흥군,980250.0,1623950.0,True,0.16337176039468113,0.7137554752313862,0.29812955082025455,-0.5979513685996171,1.0270381445157486,19
다라803237,49,21,1,5,1,고흥군,980350.0,1623750.0,True,1.021073502466757,0.7137554752313862,0.6276411596215885,1.0119177007070443,0.9150495475338267,20
다라668153,12,2,1,0,0,고흥군,966850.0,1615350.0,True,-0.608559807470187,0.7137554752313862,-1.0199168843850814,-0.5979513685996171,0.9141297942535485,21
다라670147,11,16,0,0,0,고흥군,967050.0,1614750.0,True,0.592222631430719,-0.5148400149209998,-1.0199168843850814,-0.5979513685996171,0.8863167430020684,22
다라800236,10,11,1,5,0,고흥군,980050.0,1623650.0,True,0.16337176039468113,0.7137554752313862,0.6276411596215885,-0.5979513685996171,0.8622823401150816,23
다라961077,7,15,0,0,0,고흥군,996150.0,1607750.0,True,0.5064524572235114,-0.5148400149209998,-1.0199168843850814,-0.5979513685996171,0.8005465687948607,24
다라670146,11,6,1,3,0,고흥군,967050.0,1614650.0,True,-0.26547911064135676,0.7137554752313862,-0.031382057981079466,-0.5979513685996171,0.7629430778803776,25
다라800235,10,3,1,2,0,고흥군,980050.0,1623550.0,True,-0.5227896332629794,0.7137554752313862,-0.36089366678241347,-0.5979513685996171,0.670388359659422,26
다라798237,29,25,0,6,0,고흥군,979850.0,1623750.0,True,1.3641541992955872,-0.5148400149209998,0.9571527684229225,-0.5979513685996171,0.6697134844629347,27
다라797236,6,1,1,1,0,고흥군,979750.0,1623650.0,True,-0.6943299816773947,0.7137554752313862,-0.6904052755837475,-0.5979513685996171,0.6636038156456738,28
다라797237,12,3,1,3,0,고흥군,979750.0,1623750.0,True,-0.5227896332629794,0.7137554752313862,-0.031382057981079466,-0.5979513685996171,0.505632555258755,29
다라666151,28,17,0,3,0,고흥군,966650.0,1615150.0,True,0.6779928056379266,-0.5148400149209998,-0.031382057981079466,-0.5979513685996171,0.477819504007275,30
다라666150,26,18,1,2,2,고흥군,966650.0,1615050.0,True,0.7637629798451342,0.7137554752313862,-0.36089366678241347,2.6217867700137054,0.34707190346087446,31
다라806239,15,12,1,4,1,고흥군,980650.0,1623950.0,True,0.24914193460188871,0.7137554752313862,0.29812955082025455,1.0119177007070443,0.3078737840696254,32
다라668149,34,15,0,3,0,고흥군,966850.0,1614950.0,True,0.5064524572235114,-0.5148400149209998,-0.031382057981079466,-0.5979513685996171,0.30627915559285984,33
다라667150,22,9,0,0,0,고흥군,966750.0,1615050.0,True,-0.008168588019734026,-0.5148400149209998,-1.0199168843850814,-0.5979513685996171,0.2859255235516153,34
다라847427,8,6,1,2,1,고흥군,984750.0,1642750.0,True,-0.26547911064135676,0.7137554752313862,-0.36089366678241347,1.0119177007070443,0.12276434762771393,35
다라668148,14,9,0,1,0,고흥군,966850.0,1614850.0,True,-0.008168588019734026,-0.5148400149209998,-0.6904052755837475,-0.5979513685996171,0.12116971915094837,36
다라669148,11,7,0,0,0,고흥군,966950.0,1614850.0,True,-0.17970893643414917,-0.5148400149209998,-1.0199168843850814,-0.5979513685996171,0.1143851751372002,37
다라801238,8,7,0,0,0,고흥군,980150.0,1623850.0,True,-0.17970893643414917,-0.5148400149209998,-1.0199168843850814,-0.5979513685996171,0.1143851751372002,37
다라847429,9,9,0,2,0,고흥군,984750.0,1642950.0,True,-0.008168588019734026,-0.5148400149209998,-0.36089366678241347,-0.5979513685996171,-0.04358608524971869,38
다라665148,45,14,0,5,0,고흥군,966550.0,1614850.0,True,0.42068228301630384,-0.5148400149209998,0.6276411596215885,-0.5979513685996171,-0.10900262741568173,39
다라872315,12,4,0,0,0,고흥군,987250.0,1631550.0,True,-0.4370194590557719,-0.5148400149209998,-1.0199168843850814,-0.5979513685996171,-0.14292534748442248,40
다라667152,6,4,0,0,0,고흥군,966750.0,1615250.0,True,-0.4370194590557719,-0.5148400149209998,-1.0199168843850814,-0.5979513685996171,-0.14292534748442248,40
다라663149,23,12,1,7,1,고흥군,966350.0,1614950.0,True,0.24914193460188871,0.7137554752313862,1.2866643772242565,1.0119177007070443,-0.18639362913237556,41
다라806236,18,13,0,5,0,고흥군,980650.0,1623650.0,True,0.3349121088090963,-0.5148400149209998,0.6276411596215885,-0.5979513685996171,-0.1947728016228893,42
다라872317,8,7,0,2,0,고흥군,987250.0,1631750.0,True,-0.17970893643414917,-0.5148400149209998,-0.36089366678241347,-0.5979513685996171,-0.2151264336641338,43
다라668150,15,5,0,1,0,고흥군,966850.0,1615050.0,True,-0.3512492848485643,-0.5148400149209998,-0.6904052755837475,-0.5979513685996171,-0.22191097767788187,44
다라672145,13,5,0,1,0,고흥군,967250.0,1614550.0,True,-0.3512492848485643,-0.5148400149209998,-0.6904052755837475,-0.5979513685996171,-0.22191097767788187,44
다라801239,11,5,0,1,0,고흥군,980150.0,1623950.0,True,-0.3512492848485643,-0.5148400149209998,-0.6904052755837475,-0.5979513685996171,-0.22191097767788187,44
다라670148,10,5,0,1,0,고흥군,967050.0,1614850.0,True,-0.3512492848485643,-0.5148400149209998,-0.6904052755837475,-0.5979513685996171,-0.22191097767788187,44
다라960078,9,3,0,0,0,고흥군,996050.0,1607850.0,True,-0.5227896332629794,-0.5148400149209998,-1.0199168843850814,-0.5979513685996171,-0.22869552169163004,45
다라661149,11,1,1,2,1,고흥군,966150.0,1614950.0,True,-0.6943299816773947,0.7137554752313862,-0.36089366678241347,1.0119177007070443,-0.306086523408324,46
다라800238,9,2,0,0,0,고흥군,980050.0,1623850.0,True,-0.608559807470187,-0.5148400149209998,-1.0199168843850814,-0.5979513685996171,-0.3144656958988375,47
다라957079,9,2,0,0,0,고흥군,995750.0,1607950.0,True,-0.608559807470187,-0.5148400149209998,-1.0199168843850814,-0.5979513685996171,-0.3144656958988375,47
다라667148,8,2,0,0,0,고흥군,966750.0,1614850.0,True,-0.608559807470187,-0.5148400149209998,-1.0199168843850814,-0.5979513685996171,-0.3144656958988375,47
다라802238,29,9,0,4,0,고흥군,980250.0,1623850.0,True,-0.008168588019734026,-0.5148400149209998,0.29812955082025455,-0.5979513685996171,-0.3730976940510527,48
다라670149,8,7,0,3,0,고흥군,967050.0,1614950.0,True,-0.17970893643414917,-0.5148400149209998,-0.031382057981079466,-0.5979513685996171,-0.37988223806480076,49
다라802240,11,3,0,1,0,고흥군,980250.0,1624050.0,True,-0.5227896332629794,-0.5148400149209998,-0.6904052755837475,-0.5979513685996171,-0.393451326092297,50
다라806238,9,3,0,1,0,고흥군,980650.0,1623850.0,True,-0.5227896332629794,-0.5148400149209998,-0.6904052755837475,-0.5979513685996171,-0.393451326092297,50
다라853196,8,3,0,1,0,고흥군,985350.0,1619650.0,True,-0.5227896332629794,-0.5148400149209998,-0.6904052755837475,-0.5979513685996171,-0.393451326092297,50
다라805241,6,3,0,1,0,고흥군,980550.0,1624150.0,True,-0.5227896332629794,-0.5148400149209998,-0.6904052755837475,-0.5979513685996171,-0.393451326092297,50
다라667151,22,1,0,0,0,고흥군,966750.0,1615150.0,True,-0.6943299816773947,-0.5148400149209998,-1.0199168843850814,-0.5979513685996171,-0.4002358701060454,51
다라799238,13,1,0,0,0,고흥군,979950.0,1623850.0,True,-0.6943299816773947,-0.5148400149209998,-1.0199168843850814,-0.5979513685996171,-0.4002358701060454,51
다라803240,11,1,0,0,0,고흥군,980350.0,1624050.0,True,-0.6943299816773947,-0.5148400149209998,-1.0199168843850814,-0.5979513685996171,-0.4002358701060454,51
다라669149,8,1,0,0,0,고흥군,966950.0,1614950.0,True,-0.6943299816773947,-0.5148400149209998,-1.0199168843850814,-0.5979513685996171,-0.4002358701060454,51
다라670150,8,6,0,3,0,고흥군,967050.0,1615050.0,True,-0.26547911064135676,-0.5148400149209998,-0.031382057981079466,-0.5979513685996171,-0.4656524122720083,52
다라795234,14,4,0,2,0,고흥군,979550.0,1623450.0,True,-0.4370194590557719,-0.5148400149209998,-0.36089366678241347,-0.5979513685996171,-0.4724369562857565,53
다라804239,14,2,0,1,0,고흥군,980450.0,1623950.0,True,-0.608559807470187,-0.5148400149209998,-0.6904052755837475,-0.5979513685996171,-0.47922150029950444,54
다라873317,13,2,0,1,0,고흥군,987350.0,1631750.0,True,-0.608559807470187,-0.5148400149209998,-0.6904052755837475,-0.5979513685996171,-0.47922150029950444,54
다라657076,8,2,0,1,0,고흥군,965750.0,1607650.0,True,-0.608559807470187,-0.5148400149209998,-0.6904052755837475,-0.5979513685996171,-0.47922150029950444,54
다라890286,7,0,0,0,0,고흥군,989050.0,1628650.0,True,-0.7801001558846022,-0.5148400149209998,-1.0199168843850814,-0.5979513685996171,-0.48600604431325284,55
다라854195,7,13,0,2,1,고흥군,985450.0,1619550.0,True,0.3349121088090963,-0.5148400149209998,-0.36089366678241347,1.0119177007070443,-0.505439923074219,56
다라807243,6,1,0,1,0,고흥군,980750.0,1624350.0,True,-0.6943299816773947,-0.5148400149209998,-0.6904052755837475,-0.5979513685996171,-0.5649916745067123,57
다라803238,11,8,0,0,1,고흥군,980350.0,1623850.0,True,-0.0939387622269416,-0.5148400149209998,-1.0199168843850814,1.0119177007070443,-0.6047791853089229,58
다라834129,8,10,0,6,0,고흥군,983450.0,1612950.0,True,0.07760158618747355,-0.5148400149209998,0.9571527684229225,-0.5979513685996171,-0.6168391286451791,59
다라666148,8,2,0,2,0,고흥군,966650.0,1614850.0,True,-0.608559807470187,-0.5148400149209998,-0.36089366678241347,-0.5979513685996171,-0.6439773047001716,60
다라674145,11,0,0,1,0,고흥군,967450.0,1614550.0,True,-0.7801001558846022,-0.5148400149209998,-0.6904052755837475,-0.5979513685996171,-0.6507618487139197,61
다라808235,8,7,0,5,0,고흥군,980850.0,1623550.0,True,-0.17970893643414917,-0.5148400149209998,0.6276411596215885,-0.5979513685996171,-0.7093938468661347,62
다라804236,8,10,0,2,1,고흥군,980450.0,1623650.0,True,0.07760158618747355,-0.5148400149209998,-0.36089366678241347,1.0119177007070443,-0.7627504456958417,63
다라847428,17,6,0,5,0,고흥군,984750.0,1642850.0,True,-0.26547911064135676,-0.5148400149209998,0.6276411596215885,-0.5979513685996171,-0.7951640210733422,64
다라656074,6,0,0,2,0,고흥군,965650.0,1607450.0,True,-0.7801001558846022,-0.5148400149209998,-0.36089366678241347,-0.5979513685996171,-0.8155176531145867,65
다라673145,9,13,0,4,1,고흥군,967350.0,1614550.0,True,0.3349121088090963,-0.5148400149209998,0.29812955082025455,1.0119177007070443,-0.834951531875553,66
다라665150,9,3,0,4,0,고흥군,966550.0,1615050.0,True,-0.5227896332629794,-0.5148400149209998,0.29812955082025455,-0.5979513685996171,-0.887718739294298,67
다라958079,17,5,0,1,1,고흥군,995850.0,1607950.0,True,-0.3512492848485643,-0.5148400149209998,-0.6904052755837475,1.0119177007070443,-1.0268455123312126,68
다라836127,6,2,0,5,0,고흥군,983650.0,1612750.0,True,-0.608559807470187,-0.5148400149209998,0.6276411596215885,-0.5979513685996171,-1.1382447179021724,69
다라666149,23,7,0,8,0,고흥군,966650.0,1614950.0,True,-0.17970893643414917,-0.5148400149209998,1.6161759860255906,-0.5979513685996171,-1.2036612600681358,70
다라852197,9,1,0,0,1,고흥군,985250.0,1619750.0,True,-0.6943299816773947,-0.5148400149209998,-1.0199168843850814,1.0119177007070443,-1.205170404759376,71
다라807244,7,2,0,1,1,고흥군,980750.0,1624450.0,True,-0.608559807470187,-0.5148400149209998,-0.6904052755837475,1.0119177007070443,-1.2841560349528351,72
다라673149,8,3,0,2,1,고흥군,967350.0,1614950.0,True,-0.5227896332629794,-0.5148400149209998,-0.36089366678241347,1.0119177007070443,-1.3631416651462946,73
다라702191,14,1,0,1,1,고흥군,970250.0,1619150.0,True,-0.6943299816773947,-0.5148400149209998,-0.6904052755837475,1.0119177007070443,-1.369926209160043,74
다라963078,6,1,0,1,1,고흥군,996350.0,1607850.0,True,-0.6943299816773947,-0.5148400149209998,-0.6904052755837475,1.0119177007070443,-1.369926209160043,74
다라799234,27,5,0,8,0,고흥군,979950.0,1623450.0,True,-0.3512492848485643,-0.5148400149209998,1.6161759860255906,-0.5979513685996171,-1.375201608482551,75
다라853197,10,2,0,2,1,고흥군,985350.0,1619750.0,True,-0.608559807470187,-0.5148400149209998,-0.36089366678241347,1.0119177007070443,-1.448911839353502,76
다라835127,6,0,0,1,1,고흥군,983550.0,1612750.0,True,-0.7801001558846022,-0.5148400149209998,-0.6904052755837475,1.0119177007070443,-1.4556963833672505,77
다라654072,8,0,0,6,0,고흥군,965450.0,1607250.0,True,-0.7801001558846022,-0.5148400149209998,0.9571527684229225,-0.5979513685996171,-1.4745408707172547,78
다라874316,13,5,0,5,1,고흥군,987450.0,1631650.0,True,-0.3512492848485643,-0.5148400149209998,0.6276411596215885,1.0119177007070443,-1.6858687299338806,79
다라872316,15,6,0,6,1,고흥군,987250.0,1631650.0,True,-0.26547911064135676,-0.5148400149209998,0.9571527684229225,1.0119177007070443,-1.76485436012734,80
다라807235,7,0,0,8,0,고흥군,980750.0,1623550.0,True,-0.7801001558846022,-0.5148400149209998,1.6161759860255906,-0.5979513685996171,-1.8040524795185886,81
다라873316,34,9,0,3,2,고흥군,987350.0,1631650.0,True,-0.008168588019734026,-0.5148400149209998,-0.031382057981079466,2.6217867700137054,-1.8182109589570468,82
다라701191,10,1,0,4,1,고흥군,970150.0,1619150.0,True,-0.6943299816773947,-0.5148400149209998,0.29812955082025455,1.0119177007070443,-1.8641936223620441,83
다라797234,17,0,0,10,0,고흥군,979750.0,1623450.0,True,-0.7801001558846022,-0.5148400149209998,2.275199203628259,-0.5979513685996171,-2.133564088319923,84
다라800237,33,13,0,7,2,고흥군,980050.0,1623750.0,True,0.3349121088090963,-0.5148400149209998,1.2866643772242565,2.6217867700137054,-2.1341534797308848,85
다라657075,8,0,0,6,1,고흥군,965750.0,1607550.0,True,-0.7801001558846022,-0.5148400149209998,0.9571527684229225,1.0119177007070443,-2.2794754053705857,86
다라833128,9,2,1,10,2,고흥군,983350.0,1612850.0,True,-0.608559807470187,0.7137554752313862,2.275199203628259,2.6217867700137054,-2.343297319059783,87
다라832127,7,1,0,4,2,고흥군,983250.0,1612750.0,True,-0.6943299816773947,-0.5148400149209998,0.29812955082025455,2.6217867700137054,-2.6691281570153746,88
다라848429,7,4,0,9,2,고흥군,984850.0,1642950.0,True,-0.4370194590557719,-0.5148400149209998,1.9456875948269248,2.6217867700137054,-3.235596656397087,89
다라813984,19,48,0,0,0,곡성군,981350.0,1698450.0,True,5.099044798175134,-0.4334607234315054,-0.45532084640474313,-0.4313310928137537,5.108910044352877,1
다라811982,7,33,0,1,0,곡성군,981150.0,1698250.0,True,3.3259678569915074,-0.4334607234315054,0.9106416928094865,-0.4313310928137537,2.652851833562136,2
다라670979,8,0,2,0,1,곡성군,967050.0,1697950.0,True,-0.5748014136124696,3.585902348387908,-0.45532084640474313,1.4018260516446994,2.53784833215546,3
다라775818,14,5,2,0,2,곡성군,977550.0,1681850.0,True,0.01622423344873911,3.585902348387908,-0.45532084640474313,3.2349831961031525,2.212295406987442,4
다라666978,8,6,1,0,0,곡성군,966650.0,1697850.0,True,0.13442936286098084,1.5762208124782013,-0.45532084640474313,-0.4313310928137537,2.1539761449484303,5
다라669977,12,5,1,0,0,곡성군,966950.0,1697750.0,True,0.01622423344873911,1.5762208124782013,-0.45532084640474313,-0.4313310928137537,2.0357710155361888,6
다라667978,26,4,1,0,0,곡성군,966750.0,1697850.0,True,-0.10198089596350263,1.5762208124782013,-0.45532084640474313,-0.4313310928137537,1.917565886123947,7
다라815985,11,20,0,0,0,곡성군,981550.0,1698550.0,True,1.789301174632365,-0.4334607234315054,-0.45532084640474313,-0.4313310928137537,1.7991664208101081,8
다라776818,6,1,1,0,0,곡성군,977650.0,1681850.0,True,-0.45659628420022785,1.5762208124782013,-0.45532084640474313,-0.4313310928137537,1.562950497887222,9
다라669980,5,1,1,0,0,곡성군,966950.0,1698050.0,True,-0.45659628420022785,1.5762208124782013,-0.45532084640474313,-0.4313310928137537,1.562950497887222,9
다라666980,7,0,1,0,0,곡성군,966650.0,1698050.0,True,-0.5748014136124696,1.5762208124782013,-0.45532084640474313,-0.4313310928137537,1.4447453684749803,10
다라669979,13,16,0,0,0,곡성군,966950.0,1697950.0,True,1.316480656983398,-0.4334607234315054,-0.45532084640474313,-0.4313310928137537,1.326345903161141,11
다라811983,13,16,0,0,0,곡성군,981150.0,1698350.0,True,1.316480656983398,-0.4334607234315054,-0.45532084640474313,-0.4313310928137537,1.326345903161141,11
다라813983,14,7,0,0,0,곡성군,981350.0,1698350.0,True,0.2526344922732226,-0.4334607234315054,-0.45532084640474313,-0.4313310928137537,0.26249973845096564,12
다라812983,39,6,0,0,0,곡성군,981250.0,1698350.0,True,0.13442936286098084,-0.4334607234315054,-0.45532084640474313,-0.4313310928137537,0.14429460903872388,13
다라8198,8,5,0,0,0,곡성군,981500.0,1698500.0,True,0.01622423344873911,-0.4334607234315054,-0.45532084640474313,-0.4313310928137537,0.02608947962648217,14
다라812982,16,4,0,0,0,곡성군,981250.0,1698250.0,True,-0.10198089596350263,-0.4334607234315054,-0.45532084640474313,-0.4313310928137537,-0.09211564978575959,15
다라775817,15,4,0,0,0,곡성군,977550.0,1681750.0,True,-0.10198089596350263,-0.4334607234315054,-0.45532084640474313,-0.4313310928137537,-0.09211564978575959,15
다라666977,8,4,0,0,0,곡성군,966650.0,1697750.0,True,-0.10198089596350263,-0.4334607234315054,-0.45532084640474313,-0.4313310928137537,-0.09211564978575959,15
다라667979,7,4,0,0,0,곡성군,966750.0,1697950.0,True,-0.10198089596350263,-0.4334607234315054,-0.45532084640474313,-0.4313310928137537,-0.09211564978575959,15
다마716011,7,4,0,0,0,곡성군,971650.0,1701150.0,True,-0.10198089596350263,-0.4334607234315054,-0.45532084640474313,-0.4313310928137537,-0.09211564978575959,15
다라816985,8,3,0,0,0,곡성군,981650.0,1698550.0,True,-0.22018602537574436,-0.4334607234315054,-0.45532084640474313,-0.4313310928137537,-0.2103207791980013,16
다라669978,11,2,0,0,0,곡성군,966950.0,1697850.0,True,-0.3383911547879861,-0.4334607234315054,-0.45532084640474313,-0.4313310928137537,-0.328525908610243,17
다라813981,7,2,0,0,0,곡성군,981350.0,1698150.0,True,-0.3383911547879861,-0.4334607234315054,-0.45532084640474313,-0.4313310928137537,-0.328525908610243,17
다라809985,15,1,0,0,0,곡성군,980950.0,1698550.0,True,-0.45659628420022785,-0.4334607234315054,-0.45532084640474313,-0.4313310928137537,-0.4467310380224848,18
다라825980,14,1,0,0,0,곡성군,982550.0,1698050.0,True,-0.45659628420022785,-0.4334607234315054,-0.45532084640474313,-0.4313310928137537,-0.4467310380224848,18
다라812984,14,1,0,0,0,곡성군,981250.0,1698450.0,True,-0.45659628420022785,-0.4334607234315054,-0.45532084640474313,-0.4313310928137537,-0.4467310380224848,18
다라670978,13,1,0,0,0,곡성군,967050.0,1697850.0,True,-0.45659628420022785,-0.4334607234315054,-0.45532084640474313,-0.4313310928137537,-0.4467310380224848,18
다라818986,9,1,0,0,0,곡성군,981850.0,1698650.0,True,-0.45659628420022785,-0.4334607234315054,-0.45532084640474313,-0.4313310928137537,-0.4467310380224848,18
다라810984,9,1,0,0,0,곡성군,981050.0,1698450.0,True,-0.45659628420022785,-0.4334607234315054,-0.45532084640474313,-0.4313310928137537,-0.4467310380224848,18
다라673979,8,1,0,0,0,곡성군,967350.0,1697950.0,True,-0.45659628420022785,-0.4334607234315054,-0.45532084640474313,-0.4313310928137537,-0.4467310380224848,18
다라776817,7,1,0,0,0,곡성군,977650.0,1681750.0,True,-0.45659628420022785,-0.4334607234315054,-0.45532084640474313,-0.4313310928137537,-0.4467310380224848,18
다라817982,24,0,0,0,0,곡성군,981750.0,1698250.0,True,-0.5748014136124696,-0.4334607234315054,-0.45532084640474313,-0.4313310928137537,-0.5649361674347266,19
다마779016,8,0,0,0,0,곡성군,977950.0,1701650.0,True,-0.5748014136124696,-0.4334607234315054,-0.45532084640474313,-0.4313310928137537,-0.5649361674347266,19
다라684960,8,0,0,0,0,곡성군,968450.0,1696050.0,True,-0.5748014136124696,-0.4334607234315054,-0.45532084640474313,-0.4313310928137537,-0.5649361674347266,19
다라818995,8,0,0,0,0,곡성군,981850.0,1699550.0,True,-0.5748014136124696,-0.4334607234315054,-0.45532084640474313,-0.4313310928137537,-0.5649361674347266,19
다라811980,7,0,0,0,0,곡성군,981150.0,1698050.0,True,-0.5748014136124696,-0.4334607234315054,-0.45532084640474313,-0.4313310928137537,-0.5649361674347266,19
다라824978,6,0,0,0,0,곡성군,982450.0,1697850.0,True,-0.5748014136124696,-0.4334607234315054,-0.45532084640474313,-0.4313310928137537,-0.5649361674347266,19
다라775819,11,11,0,2,0,곡성군,977550.0,1681950.0,True,0.7254550099221895,-0.4334607234315054,2.276604232023716,-0.4313310928137537,-0.630642283114297,20
다라813982,11,3,0,1,0,곡성군,981350.0,1698250.0,True,-0.22018602537574436,-0.4334607234315054,0.9106416928094865,-0.4313310928137537,-0.893302048805116,21
다라816986,14,1,0,1,0,곡성군,981650.0,1698650.0,True,-0.45659628420022785,-0.4334607234315054,0.9106416928094865,-0.4313310928137537,-1.1297123076295996,22
다라668979,27,3,1,3,1,곡성군,966850.0,1697950.0,True,-0.22018602537574436,1.5762208124782013,3.642566771237945,1.4018260516446994,-1.1661616243388653,23
다라668978,15,0,0,1,0,곡성군,966850.0,1697850.0,True,-0.5748014136124696,-0.4334607234315054,0.9106416928094865,-0.4313310928137537,-1.2479174370418413,24
다라665976,7,1,0,0,1,곡성군,966550.0,1697650.0,True,-0.45659628420022785,-0.4334607234315054,-0.45532084640474313,1.4018260516446994,-1.3633096102517115,25
다라831973,6,0,0,0,1,곡성군,983150.0,1697350.0,True,-0.5748014136124696,-0.4334607234315054,-0.45532084640474313,1.4018260516446994,-1.4815147396639532,26
다라835839,8,3,0,2,0,곡성군,983550.0,1683950.0,True,-0.22018602537574436,-0.4334607234315054,2.276604232023716,-0.4313310928137537,-1.576283318412231,27
다라814984,21,3,0,1,1,곡성군,981450.0,1698450.0,True,-0.22018602537574436,-0.4334607234315054,0.9106416928094865,1.4018260516446994,-1.8098806210343426,28
다라667977,8,2,0,1,1,곡성군,966750.0,1697750.0,True,-0.3383911547879861,-0.4334607234315054,0.9106416928094865,1.4018260516446994,-1.9280857504465845,29
다라672979,5,4,0,3,0,곡성군,967250.0,1697950.0,True,-0.10198089596350263,-0.4334607234315054,3.642566771237945,-0.4313310928137537,-2.1410594586071037,30
다라815982,9,2,0,0,2,곡성군,981550.0,1698250.0,True,-0.3383911547879861,-0.4334607234315054,-0.45532084640474313,3.2349831961031525,-2.161683053068696,31
다라812981,20,7,0,1,2,곡성군,981250.0,1698150.0,True,0.2526344922732226,-0.4334607234315054,0.9106416928094865,3.2349831961031525,-2.253638675614602,32
라라171610,52,90,18,3,0,광양시,1017150.0,1661050.0,True,4.275888634253828,4.4736960279384,0.9058036275146392,-0.30692490702242564,8.450145301946122,1
라라179601,75,119,13,4,0,광양시,1017950.0,1660150.0,True,5.928356759697083,3.084292284173081,1.4442931856040508,-0.30692490702242564,8.443964904579353,2
라라173598,24,34,22,0,0,광양시,1017350.0,1659850.0,True,1.0849157023634062,5.585219022950657,-0.7096650467535953,-0.30692490702242564,7.178429702202074,3
라라178602,32,88,11,1,0,광양시,1017850.0,1660250.0,True,4.161925315257742,2.528530786666953,-0.17117548866418383,-0.30692490702242564,6.929506299768,4
라라179602,34,97,10,3,0,광양시,1017950.0,1660250.0,True,4.674760250740131,2.250650037913889,0.9058036275146392,-0.30692490702242564,6.625970928407913,5
라라177603,28,13,23,0,0,광양시,1017750.0,1660350.0,True,-0.11169914709550197,5.8630997717037205,-0.7096650467535953,-0.30692490702242564,6.2596956014962295,6
라라076649,44,39,10,0,0,광양시,1007650.0,1664950.0,True,1.3698239998536224,2.250650037913889,-0.7096650467535953,-0.30692490702242564,4.128769014655522,7
라라177609,29,24,10,0,0,광양시,1017750.0,1660950.0,True,0.5150991073829738,2.250650037913889,-0.7096650467535953,-0.30692490702242564,3.2740441221848733,8
라라059637,21,21,10,0,0,광양시,1005950.0,1663750.0,True,0.34415412888884406,2.250650037913889,-0.7096650467535953,-0.30692490702242564,3.1030991436907436,9
라라180601,39,29,7,0,0,광양시,1018050.0,1660150.0,True,0.80000740487319,1.417007791654697,-0.7096650467535953,-0.30692490702242564,2.7253101734158975,10
라라180596,22,34,4,0,0,광양시,1018050.0,1659650.0,True,1.0849157023634062,0.5833655453955051,-0.7096650467535953,-0.30692490702242564,2.176576224646922,11
라라081641,17,16,7,0,0,광양시,1008150.0,1664150.0,True,0.05924583139862779,1.417007791654697,-0.7096650467535953,-0.30692490702242564,1.9845485999413353,12
라라179603,28,39,3,2,0,광양시,1017950.0,1660350.0,True,1.3698239998536224,0.3054847966424412,0.3673140694252277,-0.30692490702242564,1.6451142152946625,13
라라067632,20,38,4,3,0,광양시,1006750.0,1663250.0,True,1.3128423403555791,0.5833655453955051,0.9058036275146392,-0.30692490702242564,1.5967685255049775,14
라라061636,28,23,4,0,0,광양시,1006150.0,1663650.0,True,0.45811744788493053,0.5833655453955051,-0.7096650467535953,-0.30692490702242564,1.5497779701684462,15
라라060629,36,3,8,0,0,광양시,1006050.0,1662950.0,True,-0.6815157420759345,1.694888540407761,-0.7096650467535953,-0.30692490702242564,1.5216677752198369,16
라라200630,22,71,0,7,0,광양시,1020050.0,1663050.0,True,3.1932371037910063,-0.5281574496167507,3.0597618598722853,-0.30692490702242564,1.2886611777493258,17
라라180603,35,23,3,0,0,광양시,1018050.0,1660350.0,True,0.45811744788493053,0.3054847966424412,-0.7096650467535953,-0.30692490702242564,1.2718972214153823,18
라라060635,17,28,1,0,0,광양시,1006050.0,1663550.0,True,0.7430257453751468,-0.25027670086368675,-0.7096650467535953,-0.30692490702242564,1.0010440213994705,19
라라177602,21,18,3,0,0,광양시,1017750.0,1660250.0,True,0.1732091503947143,0.3054847966424412,-0.7096650467535953,-0.30692490702242564,0.9869889239251659,20
라라171614,18,13,4,0,0,광양시,1017150.0,1661450.0,True,-0.11169914709550197,0.5833655453955051,-0.7096650467535953,-0.30692490702242564,0.9799613751880136,21
라라172610,33,40,2,4,0,광양시,1017250.0,1661050.0,True,1.4268056593516658,0.02760404788937723,1.4442931856040508,-0.30692490702242564,0.8857255679502305,22
라라060636,18,25,2,1,0,광양시,1006050.0,1663650.0,True,0.572080766881017,0.02760404788937723,-0.17117548866418383,-0.30692490702242564,0.838735012613699,23
라라181605,35,19,2,0,0,광양시,1018150.0,1660550.0,True,0.23019080989275753,0.02760404788937723,-0.7096650467535953,-0.30692490702242564,0.7660898346701452,24
라라173617,20,23,2,1,0,광양시,1017350.0,1661750.0,True,0.45811744788493053,0.02760404788937723,-0.17117548866418383,-0.30692490702242564,0.7247716936176125,25
라라181603,66,18,2,0,0,광양시,1018150.0,1660350.0,True,0.1732091503947143,0.02760404788937723,-0.7096650467535953,-0.30692490702242564,0.709108175172102,26
라라201630,31,22,2,1,0,광양시,1020150.0,1663050.0,True,0.4011357883868873,0.02760404788937723,-0.17117548866418383,-0.30692490702242564,0.6677900341195693,27
라라181598,30,21,3,2,0,광양시,1018150.0,1659850.0,True,0.34415412888884406,0.3054847966424412,0.3673140694252277,-0.30692490702242564,0.6194443443298843,28
라라181606,52,15,2,0,0,광양시,1018150.0,1660650.0,True,0.002264171900584537,0.02760404788937723,-0.7096650467535953,-0.30692490702242564,0.5381631966779723,29
라라178601,29,38,3,6,0,광양시,1017850.0,1660150.0,True,1.3128423403555791,0.3054847966424412,2.521272301782874,-0.30692490702242564,0.5111534396177961,30
라라082640,62,9,3,0,0,광양시,1008250.0,1664050.0,True,-0.339625785087675,0.3054847966424412,-0.7096650467535953,-0.30692490702242564,0.4741539884427767,31
라라180602,28,32,2,4,0,광양시,1018050.0,1660250.0,True,0.9709523833673197,0.02760404788937723,1.4442931856040508,-0.30692490702242564,0.4298722919658843,32
라라075649,18,13,2,0,0,광양시,1007550.0,1664950.0,True,-0.11169914709550197,0.02760404788937723,-0.7096650467535953,-0.30692490702242564,0.4241998776818857,33
라라170611,28,21,0,0,0,광양시,1017050.0,1661150.0,True,0.34415412888884406,-0.5281574496167507,-0.7096650467535953,-0.30692490702242564,0.3242916561601038,34
라라173599,17,11,3,1,0,광양시,1017350.0,1659950.0,True,-0.22566246609158847,0.3054847966424412,-0.17117548866418383,-0.30692490702242564,0.3188725283941575,35
라라079644,17,16,1,0,0,광양시,1007950.0,1664450.0,True,0.05924583139862779,-0.25027670086368675,-0.7096650467535953,-0.30692490702242564,0.3172641074229515,36
라라177593,41,1,4,0,0,광양시,1017750.0,1659350.0,True,-0.7954790610720209,0.5833655453955051,-0.7096650467535953,-0.30692490702242564,0.2961814612114947,37
라라181595,28,10,2,0,0,광양시,1018150.0,1659550.0,True,-0.2826441255896317,0.02760404788937723,-0.7096650467535953,-0.30692490702242564,0.253254899187756,38
라라203630,26,10,2,0,0,광양시,1020350.0,1663050.0,True,-0.2826441255896317,0.02760404788937723,-0.7096650467535953,-0.30692490702242564,0.253254899187756,38
라라182599,25,10,2,0,0,광양시,1018250.0,1659950.0,True,-0.2826441255896317,0.02760404788937723,-0.7096650467535953,-0.30692490702242564,0.253254899187756,38
라라198632,19,24,1,2,0,광양시,1019850.0,1663250.0,True,0.5150991073829738,-0.25027670086368675,0.3673140694252277,-0.30692490702242564,0.23462782531788604,39
라라076650,18,19,2,2,0,광양시,1007650.0,1665050.0,True,0.23019080989275753,0.02760404788937723,0.3673140694252277,-0.30692490702242564,0.2276002765807337,40
라라182659,24,9,2,0,0,광양시,1018250.0,1665950.0,True,-0.339625785087675,0.02760404788937723,-0.7096650467535953,-0.30692490702242564,0.19627323968971275,41
라라074638,16,9,2,0,0,광양시,1007450.0,1663850.0,True,-0.339625785087675,0.02760404788937723,-0.7096650467535953,-0.30692490702242564,0.19627323968971275,41
라라181591,18,4,3,0,0,광양시,1018150.0,1659150.0,True,-0.6245340825778912,0.3054847966424412,-0.7096650467535953,-0.30692490702242564,0.18924569095256047,42
라라070633,17,18,0,0,0,광양시,1007050.0,1663350.0,True,0.1732091503947143,-0.5281574496167507,-0.7096650467535953,-0.30692490702242564,0.15334667766597407,43
라라181607,41,13,1,0,0,광양시,1018150.0,1660750.0,True,-0.11169914709550197,-0.25027670086368675,-0.7096650467535953,-0.30692490702242564,0.1463191289288218,44
라라073651,18,13,1,0,0,광양시,1007350.0,1665150.0,True,-0.11169914709550197,-0.25027670086368675,-0.7096650467535953,-0.30692490702242564,0.1463191289288218,44
라라081642,18,13,1,0,0,광양시,1008150.0,1664250.0,True,-0.11169914709550197,-0.25027670086368675,-0.7096650467535953,-0.30692490702242564,0.1463191289288218,44
라라171611,19,27,1,3,0,광양시,1017150.0,1661150.0,True,0.6860440858771035,-0.25027670086368675,0.9058036275146392,-0.30692490702242564,0.13632802476731,45
라라081640,22,36,1,5,0,광양시,1008150.0,1664050.0,True,1.1988790213594926,-0.25027670086368675,1.9827827436934624,-0.30692490702242564,0.11067340216028745,46
라라180599,17,17,0,0,0,광양시,1018050.0,1659950.0,True,0.11622749089667105,-0.5281574496167507,-0.7096650467535953,-0.30692490702242564,0.09636501816793083,47
라라076644,25,12,1,0,0,광양시,1007650.0,1664450.0,True,-0.16868080659354523,-0.25027670086368675,-0.7096650467535953,-0.30692490702242564,0.0893374694307785,48
라라203600,21,7,2,0,0,광양시,1020350.0,1660050.0,True,-0.45358910408376146,0.02760404788937723,-0.7096650467535953,-0.30692490702242564,0.08230992069362628,49
라라175622,30,11,1,0,0,광양시,1017550.0,1662250.0,True,-0.22566246609158847,-0.25027670086368675,-0.7096650467535953,-0.30692490702242564,0.03235580993273526,50
라라077646,27,11,1,0,0,광양시,1007750.0,1664650.0,True,-0.22566246609158847,-0.25027670086368675,-0.7096650467535953,-0.30692490702242564,0.03235580993273526,50
라라170610,17,25,0,2,0,광양시,1017050.0,1661050.0,True,0.572080766881017,-0.5281574496167507,0.3673140694252277,-0.30692490702242564,0.013728736062865315,51
라라183601,20,5,2,0,0,광양시,1018350.0,1660150.0,True,-0.567552423079848,0.02760404788937723,-0.7096650467535953,-0.30692490702242564,-0.031653398302460306,52
라라172609,33,19,0,1,0,광양시,1017250.0,1660950.0,True,0.23019080989275753,-0.5281574496167507,-0.17117548866418383,-0.30692490702242564,-0.058916441880688425,53
라라197633,32,19,0,1,0,광양시,1019750.0,1663350.0,True,0.23019080989275753,-0.5281574496167507,-0.17117548866418383,-0.30692490702242564,-0.058916441880688425,53
라라099640,25,19,0,1,0,광양시,1009950.0,1664050.0,True,0.23019080989275753,-0.5281574496167507,-0.17117548866418383,-0.30692490702242564,-0.058916441880688425,53
라라170607,17,9,3,2,0,광양시,1017050.0,1660750.0,True,-0.339625785087675,0.3054847966424412,0.3673140694252277,-0.30692490702242564,-0.06433556964663481,54
라라182606,22,9,1,0,0,광양시,1018250.0,1660650.0,True,-0.339625785087675,-0.25027670086368675,-0.7096650467535953,-0.30692490702242564,-0.08160750906335126,55
라라182598,20,9,1,0,0,광양시,1018250.0,1659850.0,True,-0.339625785087675,-0.25027670086368675,-0.7096650467535953,-0.30692490702242564,-0.08160750906335126,55
라라079645,20,13,4,4,0,광양시,1007950.0,1664550.0,True,-0.11169914709550197,0.5833655453955051,1.4442931856040508,-0.30692490702242564,-0.09701774099080948,56
라라177600,32,8,2,1,0,광양시,1017750.0,1660050.0,True,-0.3966074445857182,0.02760404788937723,-0.17117548866418383,-0.30692490702242564,-0.12995319885303622,57
라라174622,33,17,0,1,0,광양시,1017450.0,1662250.0,True,0.11622749089667105,-0.5281574496167507,-0.17117548866418383,-0.30692490702242564,-0.1728797608767749,58
라라171613,17,17,0,1,0,광양시,1017150.0,1661350.0,True,0.11622749089667105,-0.5281574496167507,-0.17117548866418383,-0.30692490702242564,-0.1728797608767749,58
라라073652,20,7,1,0,0,광양시,1007350.0,1665250.0,True,-0.45358910408376146,-0.25027670086368675,-0.7096650467535953,-0.30692490702242564,-0.19557082805943773,59
라라069646,18,7,1,0,0,광양시,1006950.0,1664650.0,True,-0.45358910408376146,-0.25027670086368675,-0.7096650467535953,-0.30692490702242564,-0.19557082805943773,59
라라184659,15,11,0,0,0,광양시,1018450.0,1665950.0,True,-0.22566246609158847,-0.5281574496167507,-0.7096650467535953,-0.30692490702242564,-0.2455249388203287,60
라라201629,40,25,1,4,0,광양시,1020150.0,1662950.0,True,0.572080766881017,-0.25027670086368675,1.4442931856040508,-0.30692490702242564,-0.2468800732734823,61
라라198631,15,10,2,2,0,광양시,1019850.0,1663150.0,True,-0.2826441255896317,0.02760404788937723,0.3673140694252277,-0.30692490702242564,-0.28523465890165556,62
라라081643,30,5,1,0,0,광양시,1008150.0,1664350.0,True,-0.567552423079848,-0.25027670086368675,-0.7096650467535953,-0.30692490702242564,-0.3095341470555242,63
라라180595,18,14,0,1,0,광양시,1018050.0,1659550.0,True,-0.05471748759745872,-0.5281574496167507,-0.17117548866418383,-0.30692490702242564,-0.34382473937090474,64
라라180600,17,14,0,1,0,광양시,1018050.0,1660050.0,True,-0.05471748759745872,-0.5281574496167507,-0.17117548866418383,-0.30692490702242564,-0.34382473937090474,64
라라080648,17,14,0,1,0,광양시,1008050.0,1664850.0,True,-0.05471748759745872,-0.5281574496167507,-0.17117548866418383,-0.30692490702242564,-0.34382473937090474,64
라라199631,26,4,1,0,0,광양시,1019950.0,1663150.0,True,-0.6245340825778912,-0.25027670086368675,-0.7096650467535953,-0.30692490702242564,-0.3665158065535674,65
라라205602,14,4,1,0,0,광양시,1020550.0,1660250.0,True,-0.6245340825778912,-0.25027670086368675,-0.7096650467535953,-0.30692490702242564,-0.3665158065535674,65
라라171608,14,4,1,0,0,광양시,1017150.0,1660850.0,True,-0.6245340825778912,-0.25027670086368675,-0.7096650467535953,-0.30692490702242564,-0.3665158065535674,65
라라174616,35,8,0,0,0,광양시,1017450.0,1661650.0,True,-0.3966074445857182,-0.5281574496167507,-0.7096650467535953,-0.30692490702242564,-0.41646991731445837,66
라라171606,22,8,0,0,0,광양시,1017150.0,1660650.0,True,-0.3966074445857182,-0.5281574496167507,-0.7096650467535953,-0.30692490702242564,-0.41646991731445837,66
라라172606,17,8,0,0,0,광양시,1017250.0,1660650.0,True,-0.3966074445857182,-0.5281574496167507,-0.7096650467535953,-0.30692490702242564,-0.41646991731445837,66
라라211606,44,3,1,0,0,광양시,1021150.0,1660650.0,True,-0.6815157420759345,-0.25027670086368675,-0.7096650467535953,-0.30692490702242564,-0.42349746605161065,67
라라181600,23,7,0,0,0,광양시,1018150.0,1660050.0,True,-0.45358910408376146,-0.5281574496167507,-0.7096650467535953,-0.30692490702242564,-0.4734515768125016,68
라라172608,22,7,0,0,0,광양시,1017250.0,1660850.0,True,-0.45358910408376146,-0.5281574496167507,-0.7096650467535953,-0.30692490702242564,-0.4734515768125016,68
라라074640,14,7,0,0,0,광양시,1007450.0,1664050.0,True,-0.45358910408376146,-0.5281574496167507,-0.7096650467535953,-0.30692490702242564,-0.4734515768125016,68
라라101639,21,2,1,0,0,광양시,1010150.0,1663950.0,True,-0.7384974015739777,-0.25027670086368675,-0.7096650467535953,-0.30692490702242564,-0.4804791255496539,69
라라078644,37,11,2,3,0,광양시,1007850.0,1664450.0,True,-0.22566246609158847,0.02760404788937723,0.9058036275146392,-0.30692490702242564,-0.497497778448318,70
라라171609,24,11,2,3,0,광양시,1017150.0,1660950.0,True,-0.22566246609158847,0.02760404788937723,0.9058036275146392,-0.30692490702242564,-0.497497778448318,70
라라182607,35,6,1,1,0,광양시,1018250.0,1660750.0,True,-0.5105707635818048,-0.25027670086368675,-0.17117548866418383,-0.30692490702242564,-0.5217972666021867,71
라라173614,17,6,0,0,0,광양시,1017350.0,1661450.0,True,-0.5105707635818048,-0.5281574496167507,-0.7096650467535953,-0.30692490702242564,-0.5304332363105451,72
라라061637,15,6,0,0,0,광양시,1006150.0,1663750.0,True,-0.5105707635818048,-0.5281574496167507,-0.7096650467535953,-0.30692490702242564,-0.5304332363105451,72
라라182601,22,34,1,7,0,광양시,1018250.0,1660150.0,True,1.0849157023634062,-0.25027670086368675,3.0597618598722853,-0.30692490702242564,-0.5417794749252105,73
라라077649,20,15,1,3,0,광양시,1007750.0,1664950.0,True,0.002264171900584537,-0.25027670086368675,0.9058036275146392,-0.30692490702242564,-0.5474518892092091,74
라라100639,26,10,0,1,0,광양시,1010050.0,1663950.0,True,-0.2826441255896317,-0.5281574496167507,-0.17117548866418383,-0.30692490702242564,-0.5717513773630777,75
라라183599,22,5,0,0,0,광양시,1018350.0,1659950.0,True,-0.567552423079848,-0.5281574496167507,-0.7096650467535953,-0.30692490702242564,-0.5874148958085883,76
라라172607,22,5,0,0,0,광양시,1017250.0,1660750.0,True,-0.567552423079848,-0.5281574496167507,-0.7096650467535953,-0.30692490702242564,-0.5874148958085883,76
라라069645,21,5,0,0,0,광양시,1006950.0,1664550.0,True,-0.567552423079848,-0.5281574496167507,-0.7096650467535953,-0.30692490702242564,-0.5874148958085883,76
라라070648,16,5,0,0,0,광양시,1007050.0,1664850.0,True,-0.567552423079848,-0.5281574496167507,-0.7096650467535953,-0.30692490702242564,-0.5874148958085883,76
라라181596,22,4,0,0,0,광양시,1018150.0,1659650.0,True,-0.6245340825778912,-0.5281574496167507,-0.7096650467535953,-0.30692490702242564,-0.6443965553066315,77
라라081645,18,4,0,0,0,광양시,1008150.0,1664550.0,True,-0.6245340825778912,-0.5281574496167507,-0.7096650467535953,-0.30692490702242564,-0.6443965553066315,77
라라076648,27,32,0,6,0,광양시,1007650.0,1664850.0,True,0.9709523833673197,-0.5281574496167507,2.521272301782874,-0.30692490702242564,-0.6643787636296552,78
라라174617,20,3,0,0,0,광양시,1017450.0,1661750.0,True,-0.6815157420759345,-0.5281574496167507,-0.7096650467535953,-0.30692490702242564,-0.7013782148046748,79
라라074641,18,3,0,0,0,광양시,1007450.0,1664150.0,True,-0.6815157420759345,-0.5281574496167507,-0.7096650467535953,-0.30692490702242564,-0.7013782148046748,79
라라179610,15,3,0,0,0,광양시,1017950.0,1661050.0,True,-0.6815157420759345,-0.5281574496167507,-0.7096650467535953,-0.30692490702242564,-0.7013782148046748,79
라라178610,21,12,1,3,0,광양시,1017850.0,1661050.0,True,-0.16868080659354523,-0.25027670086368675,0.9058036275146392,-0.30692490702242564,-0.7183968677033388,80
라라060630,127,2,0,0,0,광양시,1006050.0,1663050.0,True,-0.7384974015739777,-0.5281574496167507,-0.7096650467535953,-0.30692490702242564,-0.758359874302718,81
라라181599,20,2,0,0,0,광양시,1018150.0,1659950.0,True,-0.7384974015739777,-0.5281574496167507,-0.7096650467535953,-0.30692490702242564,-0.758359874302718,81
라라183600,19,2,0,0,0,광양시,1018350.0,1660050.0,True,-0.7384974015739777,-0.5281574496167507,-0.7096650467535953,-0.30692490702242564,-0.758359874302718,81
라라181592,18,2,0,0,0,광양시,1018150.0,1659250.0,True,-0.7384974015739777,-0.5281574496167507,-0.7096650467535953,-0.30692490702242564,-0.758359874302718,81
라라176622,16,2,0,0,0,광양시,1017650.0,1662250.0,True,-0.7384974015739777,-0.5281574496167507,-0.7096650467535953,-0.30692490702242564,-0.758359874302718,81
라라071648,15,2,0,0,0,광양시,1007150.0,1664850.0,True,-0.7384974015739777,-0.5281574496167507,-0.7096650467535953,-0.30692490702242564,-0.758359874302718,81
라라180610,20,1,0,0,0,광양시,1018050.0,1661050.0,True,-0.7954790610720209,-0.5281574496167507,-0.7096650467535953,-0.30692490702242564,-0.8153415338007612,82
라라235609,15,1,0,0,0,광양시,1023550.0,1660950.0,True,-0.7954790610720209,-0.5281574496167507,-0.7096650467535953,-0.30692490702242564,-0.8153415338007612,82
라라082645,15,1,0,0,0,광양시,1008250.0,1664550.0,True,-0.7954790610720209,-0.5281574496167507,-0.7096650467535953,-0.30692490702242564,-0.8153415338007612,82
라라172614,18,15,0,3,0,광양시,1017250.0,1661450.0,True,0.002264171900584537,-0.5281574496167507,0.9058036275146392,-0.30692490702242564,-0.825332637962273,83
라라080644,24,10,0,2,0,광양시,1008050.0,1664450.0,True,-0.2826441255896317,-0.5281574496167507,0.3673140694252277,-0.30692490702242564,-0.8409961564077835,84
라라182600,23,5,1,2,0,광양시,1018250.0,1660050.0,True,-0.567552423079848,-0.25027670086368675,0.3673140694252277,-0.30692490702242564,-0.8480237051449357,85
라라061630,28,0,0,0,0,광양시,1006150.0,1663050.0,True,-0.8524607205700643,-0.5281574496167507,-0.7096650467535953,-0.30692490702242564,-0.8723231932988045,86
라라198634,36,14,0,3,0,광양시,1019850.0,1663450.0,True,-0.05471748759745872,-0.5281574496167507,0.9058036275146392,-0.30692490702242564,-0.8823142974603162,87
라라098642,17,9,1,3,0,광양시,1009850.0,1664250.0,True,-0.339625785087675,-0.25027670086368675,0.9058036275146392,-0.30692490702242564,-0.8893418461974685,88
라라098640,19,3,2,3,0,광양시,1009850.0,1664050.0,True,-0.6815157420759345,0.02760404788937723,0.9058036275146392,-0.30692490702242564,-0.953351054432664,89
라라204630,26,20,2,0,1,광양시,1020450.0,1663050.0,True,0.28717246939080077,0.02760404788937723,-0.7096650467535953,3.2581259360842107,-0.9594539273851297,90
라라198633,17,2,0,1,0,광양시,1019850.0,1663350.0,True,-0.7384974015739777,-0.5281574496167507,-0.17117548866418383,-0.30692490702242564,-1.027604653347424,91
라라178596,22,11,0,3,0,광양시,1017850.0,1659650.0,True,-0.22566246609158847,-0.5281574496167507,0.9058036275146392,-0.30692490702242564,-1.053259275954446,92
라라076637,19,5,1,3,0,광양시,1007650.0,1663750.0,True,-0.567552423079848,-0.25027670086368675,0.9058036275146392,-0.30692490702242564,-1.1172684841896414,93
라라170613,18,5,1,3,0,광양시,1017050.0,1661350.0,True,-0.567552423079848,-0.25027670086368675,0.9058036275146392,-0.30692490702242564,-1.1172684841896414,93
라라172612,22,3,0,2,0,광양시,1017250.0,1661250.0,True,-0.6815157420759345,-0.5281574496167507,0.3673140694252277,-0.30692490702242564,-1.2398677728940863,94
라라172617,26,6,0,3,0,광양시,1017250.0,1661750.0,True,-0.5105707635818048,-0.5281574496167507,0.9058036275146392,-0.30692490702242564,-1.3381675734446623,95
라라077644,20,1,0,2,0,광양시,1007750.0,1664450.0,True,-0.7954790610720209,-0.5281574496167507,0.3673140694252277,-0.30692490702242564,-1.3538310918901728,96
라라178619,30,0,0,2,0,광양시,1017850.0,1661950.0,True,-0.8524607205700643,-0.5281574496167507,0.3673140694252277,-0.30692490702242564,-1.410812751388216,97
라라178620,15,0,0,2,0,광양시,1017850.0,1662050.0,True,-0.8524607205700643,-0.5281574496167507,0.3673140694252277,-0.30692490702242564,-1.410812751388216,97
라라197632,27,16,1,0,1,광양시,1019750.0,1663250.0,True,0.05924583139862779,-0.25027670086368675,-0.7096650467535953,3.2581259360842107,-1.4652613141303668,98
라라200633,15,13,1,0,1,광양시,1020050.0,1663350.0,True,-0.11169914709550197,-0.25027670086368675,-0.7096650467535953,3.2581259360842107,-1.6362062926244965,99
라라080645,14,8,0,5,0,광양시,1008050.0,1664550.0,True,-0.3966074445857182,-0.5281574496167507,1.9827827436934624,-0.30692490702242564,-1.7626938125379872,100
라라170612,18,9,1,0,1,광양시,1017050.0,1661250.0,True,-0.339625785087675,-0.25027670086368675,-0.7096650467535953,3.2581259360842107,-1.8641329306166694,101
라라183606,15,1,0,4,0,광양시,1018350.0,1660650.0,True,-0.7954790610720209,-0.5281574496167507,1.4442931856040508,-0.30692490702242564,-1.8923206499795846,102
라라179596,27,16,2,3,1,광양시,1017950.0,1659650.0,True,0.05924583139862779,0.02760404788937723,0.9058036275146392,3.2581259360842107,-1.9951149025114199,103
라라179608,18,3,1,6,0,광양시,1017950.0,1660850.0,True,-0.6815157420759345,-0.25027670086368675,2.521272301782874,-0.30692490702242564,-2.0389661403198454,104
라라078645,16,7,1,1,1,광양시,1007850.0,1664550.0,True,-0.45358910408376146,-0.25027670086368675,-0.17117548866418383,3.2581259360842107,-2.2473410286574618,105
라라202630,33,7,0,0,1,광양시,1020250.0,1663050.0,True,-0.45358910408376146,-0.5281574496167507,-0.7096650467535953,3.2581259360842107,-2.2559769983658198,106
라라081644,16,4,0,6,0,광양시,1008150.0,1664450.0,True,-0.6245340825778912,-0.5281574496167507,2.521272301782874,-0.30692490702242564,-2.2598652295748662,107
라라205630,17,16,1,3,1,광양시,1020550.0,1663050.0,True,0.05924583139862779,-0.25027670086368675,0.9058036275146392,3.2581259360842107,-2.272995651264484,108
라라172613,23,3,0,6,0,광양시,1017250.0,1661350.0,True,-0.6815157420759345,-0.5281574496167507,2.521272301782874,-0.30692490702242564,-2.3168468890729095,109
라라199634,24,13,1,3,1,광양시,1019950.0,1663450.0,True,-0.11169914709550197,-0.25027670086368675,0.9058036275146392,3.2581259360842107,-2.4439406297586137,110
라라173622,14,8,1,2,1,광양시,1017350.0,1662250.0,True,-0.3966074445857182,-0.25027670086368675,0.3673140694252277,3.2581259360842107,-2.459604148204124,111
라라181601,14,25,0,5,1,광양시,1018150.0,1660150.0,True,0.572080766881017,-0.5281574496167507,1.9827827436934624,3.2581259360842107,-2.5765310226245703,112
라라181608,28,4,1,2,1,광양시,1018150.0,1660850.0,True,-0.6245340825778912,-0.25027670086368675,0.3673140694252277,3.2581259360842107,-2.687530786196297,113
라라098645,16,4,0,2,1,광양시,1009850.0,1664550.0,True,-0.6245340825778912,-0.5281574496167507,0.3673140694252277,3.2581259360842107,-2.9654115349493613,114
라라077645,17,3,0,9,0,광양시,1007750.0,1664550.0,True,-0.6815157420759345,-0.5281574496167507,4.136740976051109,-0.30692490702242564,-3.124581226207027,115
다라968904,16,58,2,0,0,구례군,996850.0,1690450.0,True,6.238539604104649,1.651290575089763,-0.6074567392307871,-0.3638034375544994,8.375460267587055,1
다라972905,101,22,3,3,0,구례군,997250.0,1690550.0,True,1.9742213937040032,2.8334645095290254,1.3060319893461922,-0.3638034375544994,4.336571627337183,2
다라968910,7,4,3,1,0,구례군,996850.0,1691050.0,True,-0.15793771149632022,2.8334645095290254,0.03037283696153939,-0.3638034375544994,2.8422420983291854,3
다라970903,25,11,2,1,0,구례군,997050.0,1690350.0,True,0.6712352738593611,1.651290575089763,0.03037283696153939,-0.3638034375544994,2.489241149245604,4
다라971904,21,18,1,0,0,구례군,997150.0,1690450.0,True,1.5004082592150425,0.46911664065050096,-0.6074567392307871,-0.3638034375544994,2.4551549882581867,5
다라970906,11,8,2,0,0,구례군,997050.0,1690650.0,True,0.31587542299264054,1.651290575089763,-0.6074567392307871,-0.3638034375544994,2.452796086475047,6
다라970904,44,25,2,4,1,구례군,997050.0,1690450.0,True,2.329581244570724,1.651290575089763,1.9438615655385187,2.182820625326997,1.9175307242277286,7
다라967903,34,12,1,0,0,구례군,996750.0,1690350.0,True,0.7896885574816013,0.46911664065050096,-0.6074567392307871,-0.3638034375544994,1.7444352865247454,8
다라970902,15,11,1,0,0,구례군,997050.0,1690250.0,True,0.6712352738593611,0.46911664065050096,-0.6074567392307871,-0.3638034375544994,1.6259820029025054,9
다라971906,11,1,2,0,0,구례군,997150.0,1690650.0,True,-0.5132975623630408,1.651290575089763,-0.6074567392307871,-0.3638034375544994,1.6236231011193656,10
다라970900,7,8,2,4,0,구례군,997050.0,1690050.0,True,0.31587542299264054,1.651290575089763,1.9438615655385187,-0.3638034375544994,1.1771369340903939,11
다라966909,9,7,1,0,0,구례군,996650.0,1690950.0,True,0.19742213937040035,0.46911664065050096,-0.6074567392307871,-0.3638034375544994,1.1521688684135447,12
다라968905,11,4,1,0,0,구례군,996850.0,1690550.0,True,-0.15793771149632022,0.46911664065050096,-0.6074567392307871,-0.3638034375544994,0.796809017546824,13
다라969906,10,4,1,0,0,구례군,996950.0,1690650.0,True,-0.15793771149632022,0.46911664065050096,-0.6074567392307871,-0.3638034375544994,0.796809017546824,13
다라968903,18,5,3,0,2,구례군,996850.0,1690350.0,True,-0.039484427874080026,2.8334645095290254,-0.6074567392307871,4.729444688208493,0.7329861071660924,14
다라970905,24,3,1,0,0,구례군,997050.0,1690550.0,True,-0.2763909951185604,0.46911664065050096,-0.6074567392307871,-0.3638034375544994,0.6783557339245838,15
다라971905,13,3,1,0,0,구례군,997150.0,1690550.0,True,-0.2763909951185604,0.46911664065050096,-0.6074567392307871,-0.3638034375544994,0.6783557339245838,15
다라970901,13,12,0,0,0,구례군,997050.0,1690150.0,True,0.7896885574816013,-0.7130572937887614,-0.6074567392307871,-0.3638034375544994,0.5622613520854831,16
다라970907,10,2,1,0,0,구례군,997050.0,1690750.0,True,-0.3948442787408006,0.46911664065050096,-0.6074567392307871,-0.3638034375544994,0.5599024503023436,17
다라967902,27,4,1,1,0,구례군,996750.0,1690250.0,True,-0.15793771149632022,0.46911664065050096,0.03037283696153939,-0.3638034375544994,0.4778942294506608,18
다라966910,8,1,1,0,0,구례군,996650.0,1691050.0,True,-0.5132975623630408,0.46911664065050096,-0.6074567392307871,-0.3638034375544994,0.4414491666801034,19
다라972904,16,12,0,1,0,구례군,997250.0,1690450.0,True,0.7896885574816013,-0.7130572937887614,0.03037283696153939,-0.3638034375544994,0.24334656398931992,20
다라965909,6,10,1,0,1,구례군,996550.0,1690950.0,True,0.5527819902371209,0.46911664065050096,-0.6074567392307871,2.182820625326997,0.2342166878395171,21
다라973903,7,3,1,2,0,구례군,997350.0,1690350.0,True,-0.2763909951185604,0.46911664065050096,0.6682024131538659,-0.3638034375544994,0.04052615773225732,22
다라967897,8,7,0,0,0,구례군,996750.0,1689750.0,True,0.19742213937040035,-0.7130572937887614,-0.6074567392307871,-0.3638034375544994,-0.030005066025717786,23
다라967904,23,6,1,0,1,구례군,996750.0,1690450.0,True,0.07896885574816016,0.46911664065050096,-0.6074567392307871,2.182820625326997,-0.2395964466494438,24
다라988941,10,5,0,0,0,구례군,998850.0,1694150.0,True,-0.039484427874080026,-0.7130572937887614,-0.6074567392307871,-0.3638034375544994,-0.2669116332701981,25
다라972906,8,5,0,0,0,구례군,997250.0,1690650.0,True,-0.039484427874080026,-0.7130572937887614,-0.6074567392307871,-0.3638034375544994,-0.2669116332701981,25
다라969905,13,3,1,3,0,구례군,996950.0,1690550.0,True,-0.2763909951185604,0.46911664065050096,1.3060319893461922,-0.3638034375544994,-0.2783886303639059,26
다라967906,17,7,0,1,0,구례군,996750.0,1690650.0,True,0.19742213937040035,-0.7130572937887614,0.03037283696153939,-0.3638034375544994,-0.3489198541218811,27
다라975906,8,6,0,1,0,구례군,997550.0,1690650.0,True,0.07896885574816016,-0.7130572937887614,0.03037283696153939,-0.3638034375544994,-0.46737313774412126,28
다라967905,22,3,0,0,0,구례군,996750.0,1690550.0,True,-0.2763909951185604,-0.7130572937887614,-0.6074567392307871,-0.3638034375544994,-0.5038182005146784,29
다라957857,5,2,0,0,0,구례군,995750.0,1685750.0,True,-0.3948442787408006,-0.7130572937887614,-0.6074567392307871,-0.3638034375544994,-0.6222714841369187,30
다라969904,18,5,1,1,1,구례군,996950.0,1690450.0,True,-0.039484427874080026,0.46911664065050096,0.03037283696153939,2.182820625326997,-0.6769645183678472,31
다라989942,12,1,0,0,0,구례군,998950.0,1694250.0,True,-0.5132975623630408,-0.7130572937887614,-0.6074567392307871,-0.3638034375544994,-0.7407247677591587,32
다라970910,10,1,0,0,0,구례군,997050.0,1691050.0,True,-0.5132975623630408,-0.7130572937887614,-0.6074567392307871,-0.3638034375544994,-0.7407247677591587,32
다라967910,9,1,0,0,0,구례군,996750.0,1691050.0,True,-0.5132975623630408,-0.7130572937887614,-0.6074567392307871,-0.3638034375544994,-0.7407247677591587,32
다마961023,8,1,0,0,0,구례군,996150.0,1702350.0,True,-0.5132975623630408,-0.7130572937887614,-0.6074567392307871,-0.3638034375544994,-0.7407247677591587,32
다라966901,8,1,0,0,0,구례군,996650.0,1690150.0,True,-0.5132975623630408,-0.7130572937887614,-0.6074567392307871,-0.3638034375544994,-0.7407247677591587,32
다라964910,6,1,0,0,0,구례군,996450.0,1691050.0,True,-0.5132975623630408,-0.7130572937887614,-0.6074567392307871,-0.3638034375544994,-0.7407247677591587,32
다라973906,6,1,0,0,0,구례군,997350.0,1690650.0,True,-0.5132975623630408,-0.7130572937887614,-0.6074567392307871,-0.3638034375544994,-0.7407247677591587,32
다라968906,6,3,0,1,0,구례군,996850.0,1690650.0,True,-0.2763909951185604,-0.7130572937887614,0.03037283696153939,-0.3638034375544994,-0.8227329886108418,33
다라969903,14,0,0,0,0,구례군,996950.0,1690350.0,True,-0.631750845985281,-0.7130572937887614,-0.6074567392307871,-0.3638034375544994,-0.859178051381399,34
다라973907,11,0,0,0,0,구례군,997350.0,1690750.0,True,-0.631750845985281,-0.7130572937887614,-0.6074567392307871,-0.3638034375544994,-0.859178051381399,34
라라092895,10,0,0,0,0,구례군,1009250.0,1689550.0,True,-0.631750845985281,-0.7130572937887614,-0.6074567392307871,-0.3638034375544994,-0.859178051381399,34
다라967907,10,0,0,0,0,구례군,996750.0,1690750.0,True,-0.631750845985281,-0.7130572937887614,-0.6074567392307871,-0.3638034375544994,-0.859178051381399,34
다마960023,9,0,0,0,0,구례군,996050.0,1702350.0,True,-0.631750845985281,-0.7130572937887614,-0.6074567392307871,-0.3638034375544994,-0.859178051381399,34
다라921975,8,0,0,0,0,구례군,992150.0,1697550.0,True,-0.631750845985281,-0.7130572937887614,-0.6074567392307871,-0.3638034375544994,-0.859178051381399,34
다라983906,6,0,0,0,0,구례군,998350.0,1690650.0,True,-0.631750845985281,-0.7130572937887614,-0.6074567392307871,-0.3638034375544994,-0.859178051381399,34
다라964914,6,0,0,0,0,구례군,996450.0,1691450.0,True,-0.631750845985281,-0.7130572937887614,-0.6074567392307871,-0.3638034375544994,-0.859178051381399,34
라라091897,6,0,0,0,0,구례군,1009150.0,1689750.0,True,-0.631750845985281,-0.7130572937887614,-0.6074567392307871,-0.3638034375544994,-0.859178051381399,34
라라092898,5,0,0,0,0,구례군,1009250.0,1689850.0,True,-0.631750845985281,-0.7130572937887614,-0.6074567392307871,-0.3638034375544994,-0.859178051381399,34
다라967901,23,6,1,2,1,구례군,996750.0,1690150.0,True,0.07896885574816016,0.46911664065050096,0.6682024131538659,2.182820625326997,-0.8774260228417703,35
다라967900,10,5,0,3,0,구례군,996750.0,1690050.0,True,-0.039484427874080026,-0.7130572937887614,1.3060319893461922,-0.3638034375544994,-1.223655997558688,36
다라973904,9,6,0,4,0,구례군,997350.0,1690450.0,True,0.07896885574816016,-0.7130572937887614,1.9438615655385187,-0.3638034375544994,-1.424117502032611,37
다라967908,7,3,0,3,0,구례군,996750.0,1690850.0,True,-0.2763909951185604,-0.7130572937887614,1.3060319893461922,-0.3638034375544994,-1.4605625648031682,38
다라966903,6,3,0,3,0,구례군,996650.0,1690350.0,True,-0.2763909951185604,-0.7130572937887614,1.3060319893461922,-0.3638034375544994,-1.4605625648031682,38
다라967909,6,3,0,3,0,구례군,996750.0,1690950.0,True,-0.2763909951185604,-0.7130572937887614,1.3060319893461922,-0.3638034375544994,-1.4605625648031682,38
다마963024,8,0,0,2,0,구례군,996350.0,1702450.0,True,-0.631750845985281,-0.7130572937887614,0.6682024131538659,-0.3638034375544994,-1.4970076275737254,39
라라023891,5,1,0,0,1,구례군,1002350.0,1689150.0,True,-0.5132975623630408,-0.7130572937887614,-0.6074567392307871,2.182820625326997,-2.014036799199907,40
다라965910,8,2,0,5,0,구례군,996550.0,1691050.0,True,-0.3948442787408006,-0.7130572937887614,2.581691141730845,-0.3638034375544994,-2.216845424617735,41
다마963025,9,0,0,7,0,구례군,996350.0,1702550.0,True,-0.631750845985281,-0.7130572937887614,3.857350294115498,-0.3638034375544994,-3.0915815680545418,42
라라093894,6,0,0,4,1,구례군,1009350.0,1689450.0,True,-0.631750845985281,-0.7130572937887614,1.9438615655385187,2.182820625326997,-3.4081492352068,43
다라351700,42,13,8,0,0,나주시,935150.0,1670050.0,True,0.18947421944764756,4.396560249258122,-0.7531030335249471,-0.308835551790951,5.117003761363718,1
다라398726,21,99,0,1,1,나주시,939850.0,1672650.0,True,6.847557543694015,-0.7096644528410913,0.0,2.820698039690686,4.727544071007581,2
다라284702,9,15,7,0,0,나주시,928450.0,1670250.0,True,0.3443133665231445,3.75828216149572,-0.7531030335249471,-0.308835551790951,4.633564820676813,3
다라349699,39,44,5,0,1,나주시,934950.0,1669950.0,True,2.58948099911785,2.4817259859709164,-0.7531030335249471,2.820698039690686,4.037409482005897,4
다라341693,24,5,7,0,0,나주시,934150.0,1669350.0,True,-0.4298823688543401,3.75828216149572,-0.7531030335249471,-0.308835551790951,3.8593690852993285,5
다라289712,19,54,4,1,1,나주시,928950.0,1671250.0,True,3.363676734495334,1.843447898208515,0.0,2.820698039690686,3.7967756128585055,6
다라400724,15,42,4,0,1,나주시,940050.0,1672450.0,True,2.4346418520423527,1.843447898208515,-0.7531030335249471,2.820698039690686,3.244292247167998,7
다라354697,60,30,3,0,0,나주시,935450.0,1669750.0,True,1.5056069695893712,1.2051698104461135,-0.7531030335249471,-0.308835551790951,3.2417460726934335,8
다라344702,58,5,6,0,0,나주시,934450.0,1670250.0,True,-0.4298823688543401,3.1200040737333183,-0.7531030335249471,-0.308835551790951,3.221090997536927,9
다라399726,18,69,0,3,0,나주시,939950.0,1672650.0,True,4.5249703375615615,-0.7096644528410913,1.5062060670498942,-0.308835551790951,3.2166206270909985,10
다라354696,37,27,4,2,0,나주시,935450.0,1669650.0,True,1.2733482489761259,1.843447898208515,0.7531030335249471,-0.308835551790951,2.894662406317643,11
다라344710,13,0,6,0,0,나주시,934450.0,1671050.0,True,-0.8169802365430824,3.1200040737333183,-0.7531030335249471,-0.308835551790951,2.833993129848185,12
다라348698,40,37,1,0,0,나주시,934850.0,1669850.0,True,2.0475439843536103,-0.07138636507868969,-0.7531030335249471,-0.308835551790951,2.5071269119328696,13
다라281669,32,32,2,1,0,나주시,928150.0,1666950.0,True,1.660446116664868,0.5668917226837118,0.0,-0.308835551790951,2.3817556152440553,14
다라284704,29,27,3,2,0,나주시,928450.0,1670450.0,True,1.2733482489761259,1.2051698104461135,0.7531030335249471,-0.308835551790951,2.2563843185552415,15
다라287710,24,42,0,0,0,나주시,928750.0,1671050.0,True,2.4346418520423527,-0.7096644528410913,-0.7531030335249471,-0.308835551790951,2.2559466918592106,16
다라348697,56,21,3,1,0,나주시,934850.0,1669750.0,True,0.8088308077496352,1.2051698104461135,0.0,-0.308835551790951,2.168418394091224,17
다라285723,13,13,3,0,0,나주시,928550.0,1672350.0,True,0.18947421944764756,1.2051698104461135,-0.7531030335249471,-0.308835551790951,1.92561332255171,18
다라364698,17,4,4,0,0,나주시,936450.0,1669850.0,True,-0.5073019423920886,1.843447898208515,-0.7531030335249471,-0.308835551790951,1.8671152484743754,19
다라348699,82,27,2,2,0,나주시,934850.0,1669950.0,True,1.2733482489761259,0.5668917226837118,0.7531030335249471,-0.308835551790951,1.6181062307928396,20
다라349700,70,16,2,0,0,나주시,934950.0,1670050.0,True,0.42173294006089296,0.5668917226837118,-0.7531030335249471,-0.308835551790951,1.5195939554025537,21
다라350699,88,17,3,2,0,나주시,935050.0,1669950.0,True,0.49915251359864143,1.2051698104461135,0.7531030335249471,-0.308835551790951,1.4821885831777568,22
다라286721,26,12,3,1,0,나주시,928650.0,1672150.0,True,0.11205464590989911,1.2051698104461135,0.0,-0.308835551790951,1.471642232251488,23
다라409719,23,19,4,0,1,나주시,940950.0,1671950.0,True,0.6539916606741384,1.843447898208515,-0.7531030335249471,2.820698039690686,1.4636420557997838,24
다라288710,16,15,2,0,0,나주시,928850.0,1671050.0,True,0.3443133665231445,0.5668917226837118,-0.7531030335249471,-0.308835551790951,1.4421743818648052,25
다라290713,19,23,1,0,0,나주시,929050.0,1671350.0,True,0.9636699548251322,-0.07138636507868969,-0.7531030335249471,-0.308835551790951,1.4232528824043915,26
다라276669,9,10,3,1,0,나주시,927650.0,1666950.0,True,-0.04278450116559781,1.2051698104461135,0.0,-0.308835551790951,1.316803085175991,27
다라355693,24,5,3,0,0,나주시,935550.0,1669350.0,True,-0.4298823688543401,1.2051698104461135,-0.7531030335249471,-0.308835551790951,1.3062567342497224,28
다라287711,29,26,1,1,0,나주시,928750.0,1671150.0,True,1.1959286754383776,-0.07138636507868969,0.0,-0.308835551790951,1.2789600862551633,29
다라349698,46,11,2,0,0,나주시,934950.0,1669850.0,True,0.034635072372150646,0.5668917226837118,-0.7531030335249471,-0.308835551790951,1.1324960877138115,30
다라349701,31,10,2,0,0,나주시,934950.0,1670150.0,True,-0.04278450116559781,0.5668917226837118,-0.7531030335249471,-0.308835551790951,1.055076514176063,31
다라288709,16,10,2,0,0,나주시,928850.0,1670950.0,True,-0.04278450116559781,0.5668917226837118,-0.7531030335249471,-0.308835551790951,1.055076514176063,31
다라286710,47,11,3,2,0,나주시,928650.0,1671050.0,True,0.034635072372150646,1.2051698104461135,0.7531030335249471,-0.308835551790951,1.017671141951266,32
다라282670,19,32,1,3,0,나주시,928250.0,1667050.0,True,1.660446116664868,-0.07138636507868969,1.5062060670498942,-0.308835551790951,0.9903744939567067,33
다라352700,24,9,2,0,0,나주시,935250.0,1670050.0,True,-0.12020407470334628,0.5668917226837118,-0.7531030335249471,-0.308835551790951,0.9776569406383147,34
다라344697,156,0,3,0,0,나주시,934450.0,1669750.0,True,-0.8169802365430824,1.2051698104461135,-0.7531030335249471,-0.308835551790951,0.9191588665609802,35
다라405722,13,0,3,0,0,나주시,940550.0,1672250.0,True,-0.8169802365430824,1.2051698104461135,-0.7531030335249471,-0.308835551790951,0.9191588665609802,35
다라408720,12,7,2,0,0,나주시,940850.0,1672050.0,True,-0.2750432217788432,0.5668917226837118,-0.7531030335249471,-0.308835551790951,0.8228177935628176,36
다라355696,30,6,2,0,0,나주시,935550.0,1669650.0,True,-0.35246279531659164,0.5668917226837118,-0.7531030335249471,-0.308835551790951,0.7453982200250693,37
다라355695,35,14,1,0,0,나주시,935550.0,1669550.0,True,0.266893792985396,-0.07138636507868969,-0.7531030335249471,-0.308835551790951,0.7264767205646554,38
다라286722,24,21,0,0,0,나주시,928650.0,1672250.0,True,0.8088308077496352,-0.7096644528410913,-0.7531030335249471,-0.308835551790951,0.630135647566493,39
다라400725,23,21,0,0,0,나주시,940050.0,1672550.0,True,0.8088308077496352,-0.7096644528410913,-0.7531030335249471,-0.308835551790951,0.630135647566493,39
다라286709,12,4,2,0,0,나주시,928650.0,1670950.0,True,-0.5073019423920886,0.5668917226837118,-0.7531030335249471,-0.308835551790951,0.5905590729495722,40
다라285710,17,10,3,3,0,나주시,928550.0,1671050.0,True,-0.04278450116559781,1.2051698104461135,1.5062060670498942,-0.308835551790951,0.563700051651044,41
다라355694,56,13,2,2,0,나주시,935550.0,1669450.0,True,0.18947421944764756,0.5668917226837118,0.7531030335249471,-0.308835551790951,0.5342322012643612,42
다라407719,18,3,2,0,0,나주시,940750.0,1671950.0,True,-0.584721515929837,0.5668917226837118,-0.7531030335249471,-0.308835551790951,0.5131394994118239,43
다라353696,18,11,1,0,0,나주시,935350.0,1669650.0,True,0.034635072372150646,-0.07138636507868969,-0.7531030335249471,-0.308835551790951,0.49421799995141,44
다라285722,32,19,0,0,0,나주시,928550.0,1672250.0,True,0.6539916606741384,-0.7096644528410913,-0.7531030335249471,-0.308835551790951,0.4752965004909962,45
다라342701,14,12,2,2,0,나주시,934250.0,1670150.0,True,0.11205464590989911,0.5668917226837118,0.7531030335249471,-0.308835551790951,0.45681262772661285,46
다라352701,14,2,2,0,0,나주시,935250.0,1670150.0,True,-0.6621410894675855,0.5668917226837118,-0.7531030335249471,-0.308835551790951,0.4357199258740753,47
다라355697,40,10,1,0,0,나주시,935550.0,1669750.0,True,-0.04278450116559781,-0.07138636507868969,-0.7531030335249471,-0.308835551790951,0.41679842641366155,48
다라348700,77,9,1,0,0,나주시,934850.0,1670050.0,True,-0.12020407470334628,-0.07138636507868969,-0.7531030335249471,-0.308835551790951,0.3393788528759131,49
다라406722,29,8,1,0,0,나주시,940650.0,1672250.0,True,-0.19762364824109474,-0.07138636507868969,-0.7531030335249471,-0.308835551790951,0.26195927933816465,50
다라337685,14,7,1,0,0,나주시,933750.0,1668550.0,True,-0.2750432217788432,-0.07138636507868969,-0.7531030335249471,-0.308835551790951,0.18453970580041618,51
다라347696,11,7,1,0,0,나주시,934750.0,1669650.0,True,-0.2750432217788432,-0.07138636507868969,-0.7531030335249471,-0.308835551790951,0.18453970580041618,51
다라286723,17,11,1,1,0,나주시,928650.0,1672350.0,True,0.034635072372150646,-0.07138636507868969,0.0,-0.308835551790951,0.11766648318893647,52
다라275668,10,6,1,0,0,나주시,927550.0,1666850.0,True,-0.35246279531659164,-0.07138636507868969,-0.7531030335249471,-0.308835551790951,0.10712013226266776,53
다라286720,23,10,1,1,0,나주시,928650.0,1672050.0,True,-0.04278450116559781,-0.07138636507868969,0.0,-0.308835551790951,0.04024690965118802,54
다라187610,9,5,1,0,0,나주시,918750.0,1661050.0,True,-0.4298823688543401,-0.07138636507868969,-0.7531030335249471,-0.308835551790951,0.029700558724919224,55
다라3569,18,13,0,0,0,나주시,935500.0,1669500.0,True,0.18947421944764756,-0.7096644528410913,-0.7531030335249471,-0.308835551790951,0.010779059264505342,56
다라276666,14,6,2,2,0,나주시,927650.0,1666650.0,True,-0.35246279531659164,0.5668917226837118,0.7531030335249471,-0.308835551790951,-0.007704813499877894,57
다라281694,17,4,1,0,0,나주시,928150.0,1669450.0,True,-0.5073019423920886,-0.07138636507868969,-0.7531030335249471,-0.308835551790951,-0.0477190148128292,58
다라276668,17,4,1,0,0,나주시,927650.0,1666850.0,True,-0.5073019423920886,-0.07138636507868969,-0.7531030335249471,-0.308835551790951,-0.0477190148128292,58
다라288708,17,4,1,0,0,나주시,928850.0,1670850.0,True,-0.5073019423920886,-0.07138636507868969,-0.7531030335249471,-0.308835551790951,-0.0477190148128292,58
다라285693,11,4,1,0,0,나주시,928550.0,1669350.0,True,-0.5073019423920886,-0.07138636507868969,-0.7531030335249471,-0.308835551790951,-0.0477190148128292,58
다라286711,24,11,1,2,0,나주시,928650.0,1671150.0,True,0.034635072372150646,-0.07138636507868969,0.7531030335249471,-0.308835551790951,-0.2588850335735371,59
다라284706,9,1,1,0,0,나주시,928450.0,1670650.0,True,-0.739560663005334,-0.07138636507868969,-0.7531030335249471,-0.308835551790951,-0.27997773542607457,60
다라406723,8,1,1,0,0,나주시,940650.0,1672350.0,True,-0.739560663005334,-0.07138636507868969,-0.7531030335249471,-0.308835551790951,-0.27997773542607457,60
다라347693,36,14,0,1,0,나주시,934750.0,1669350.0,True,0.266893792985396,-0.7096644528410913,0.0,-0.308835551790951,-0.28835288396021974,61
다라347692,30,14,0,1,0,나주시,934750.0,1669250.0,True,0.266893792985396,-0.7096644528410913,0.0,-0.308835551790951,-0.28835288396021974,61
다라350698,18,14,0,1,0,나주시,935050.0,1669850.0,True,0.266893792985396,-0.7096644528410913,0.0,-0.308835551790951,-0.28835288396021974,61
다라407722,16,9,0,0,0,나주시,940750.0,1672250.0,True,-0.12020407470334628,-0.7096644528410913,-0.7531030335249471,-0.308835551790951,-0.29889923488648845,62
다라355701,42,10,1,2,0,나주시,935550.0,1670150.0,True,-0.04278450116559781,-0.07138636507868969,0.7531030335249471,-0.308835551790951,-0.33630460711128557,63
다라349685,11,16,2,5,0,나주시,934950.0,1668550.0,True,0.42173294006089296,0.5668917226837118,3.0124121340997885,-0.308835551790951,-0.36316362840981403,64
다라285709,9,16,2,5,0,나주시,928550.0,1670950.0,True,0.42173294006089296,0.5668917226837118,3.0124121340997885,-0.308835551790951,-0.36316362840981403,64
다라278671,13,8,0,0,0,나주시,927850.0,1667150.0,True,-0.19762364824109474,-0.7096644528410913,-0.7531030335249471,-0.308835551790951,-0.376318808424237,65
다라289714,12,8,0,0,0,나주시,928950.0,1671450.0,True,-0.19762364824109474,-0.7096644528410913,-0.7531030335249471,-0.308835551790951,-0.376318808424237,65
다라282671,11,8,0,0,0,나주시,928250.0,1667150.0,True,-0.19762364824109474,-0.7096644528410913,-0.7531030335249471,-0.308835551790951,-0.376318808424237,65
다라348695,51,7,0,0,0,나주시,934850.0,1669550.0,True,-0.2750432217788432,-0.7096644528410913,-0.7531030335249471,-0.308835551790951,-0.4537383819619854,66
다라276680,11,21,0,3,0,나주시,927650.0,1668050.0,True,0.8088308077496352,-0.7096644528410913,1.5062060670498942,-0.308835551790951,-0.49951890272092764,67
다라400726,15,11,0,1,0,나주시,940050.0,1672650.0,True,0.034635072372150646,-0.7096644528410913,0.0,-0.308835551790951,-0.520611604573465,68
다라290714,12,6,0,0,0,나주시,929050.0,1671450.0,True,-0.35246279531659164,-0.7096644528410913,-0.7531030335249471,-0.308835551790951,-0.5311579554997339,69
다라286716,10,6,0,0,0,나주시,928650.0,1671650.0,True,-0.35246279531659164,-0.7096644528410913,-0.7531030335249471,-0.308835551790951,-0.5311579554997339,69
다라353697,41,25,0,4,0,나주시,935350.0,1669750.0,True,1.118509101900629,-0.7096644528410913,2.2593091005748414,-0.308835551790951,-0.5663921253324073,70
다라353699,41,15,0,2,0,나주시,935350.0,1669950.0,True,0.3443133665231445,-0.7096644528410913,0.7531030335249471,-0.308835551790951,-0.5874848271849449,71
다라286693,13,5,0,0,0,나주시,928650.0,1669350.0,True,-0.4298823688543401,-0.7096644528410913,-0.7531030335249471,-0.308835551790951,-0.6085775290374824,72
다라353700,52,11,1,3,0,나주시,935350.0,1670050.0,True,0.034635072372150646,-0.07138636507868969,1.5062060670498942,-0.308835551790951,-0.6354365503360107,73
다라354695,18,14,0,2,0,나주시,935450.0,1669550.0,True,0.266893792985396,-0.7096644528410913,0.7531030335249471,-0.308835551790951,-0.6649044007226934,74
다라398724,10,9,0,1,0,나주시,939850.0,1672450.0,True,-0.12020407470334628,-0.7096644528410913,0.0,-0.308835551790951,-0.6754507516489621,75
다라282669,9,7,2,4,0,나주시,928250.0,1666950.0,True,-0.2750432217788432,0.5668917226837118,2.2593091005748414,-0.308835551790951,-0.6833882734870766,76
다라355700,16,4,0,0,0,나주시,935550.0,1670050.0,True,-0.5073019423920886,-0.7096644528410913,-0.7531030335249471,-0.308835551790951,-0.6859971025752307,77
다라396725,16,4,0,0,0,나주시,939650.0,1672550.0,True,-0.5073019423920886,-0.7096644528410913,-0.7531030335249471,-0.308835551790951,-0.6859971025752307,77
다라354699,13,4,0,0,0,나주시,935450.0,1669950.0,True,-0.5073019423920886,-0.7096644528410913,-0.7531030335249471,-0.308835551790951,-0.6859971025752307,77
다라284700,11,4,0,0,0,나주시,928450.0,1670050.0,True,-0.5073019423920886,-0.7096644528410913,-0.7531030335249471,-0.308835551790951,-0.6859971025752307,77
다라282711,8,4,0,0,0,나주시,928250.0,1671150.0,True,-0.5073019423920886,-0.7096644528410913,-0.7531030335249471,-0.308835551790951,-0.6859971025752307,77
다라356692,50,13,0,2,0,나주시,935650.0,1669250.0,True,0.18947421944764756,-0.7096644528410913,0.7531030335249471,-0.308835551790951,-0.7423239742604417,78
다라286712,17,8,0,1,0,나주시,928650.0,1671250.0,True,-0.19762364824109474,-0.7096644528410913,0.0,-0.308835551790951,-0.7528703251867106,79
다라347694,41,3,0,0,0,나주시,934750.0,1669450.0,True,-0.584721515929837,-0.7096644528410913,-0.7531030335249471,-0.308835551790951,-0.7634166761129793,80
다라278667,9,3,0,0,0,나주시,927850.0,1666750.0,True,-0.584721515929837,-0.7096644528410913,-0.7531030335249471,-0.308835551790951,-0.7634166761129793,80
다라277668,11,4,1,2,0,나주시,927750.0,1666850.0,True,-0.5073019423920886,-0.07138636507868969,0.7531030335249471,-0.308835551790951,-0.8008220483377764,81
다라288711,33,17,0,3,0,나주시,928850.0,1671150.0,True,0.49915251359864143,-0.7096644528410913,1.5062060670498942,-0.308835551790951,-0.8091971968719214,82
다라285704,16,12,0,2,0,나주시,928550.0,1670450.0,True,0.11205464590989911,-0.7096644528410913,0.7531030335249471,-0.308835551790951,-0.8197435477981903,83
다라355699,30,2,0,0,0,나주시,935550.0,1669950.0,True,-0.6621410894675855,-0.7096644528410913,-0.7531030335249471,-0.308835551790951,-0.8408362496507278,84
다라342702,29,2,0,0,0,나주시,934250.0,1670250.0,True,-0.6621410894675855,-0.7096644528410913,-0.7531030335249471,-0.308835551790951,-0.8408362496507278,84
다라397725,11,2,0,0,0,나주시,939750.0,1672550.0,True,-0.6621410894675855,-0.7096644528410913,-0.7531030335249471,-0.308835551790951,-0.8408362496507278,84
다라186612,11,2,0,0,0,나주시,918650.0,1661250.0,True,-0.6621410894675855,-0.7096644528410913,-0.7531030335249471,-0.308835551790951,-0.8408362496507278,84
다라283692,10,2,0,0,0,나주시,928350.0,1669250.0,True,-0.6621410894675855,-0.7096644528410913,-0.7531030335249471,-0.308835551790951,-0.8408362496507278,84
다라282693,10,6,0,1,0,나주시,928250.0,1669350.0,True,-0.35246279531659164,-0.7096644528410913,0.0,-0.308835551790951,-0.9077094722622074,85
다라281691,21,1,0,0,0,나주시,928150.0,1669150.0,True,-0.739560663005334,-0.7096644528410913,-0.7531030335249471,-0.308835551790951,-0.9182558231884761,86
다라351684,21,1,0,0,0,나주시,935150.0,1668450.0,True,-0.739560663005334,-0.7096644528410913,-0.7531030335249471,-0.308835551790951,-0.9182558231884761,86
다라350685,20,1,0,0,0,나주시,935050.0,1668550.0,True,-0.739560663005334,-0.7096644528410913,-0.7531030335249471,-0.308835551790951,-0.9182558231884761,86
다라289713,19,1,0,0,0,나주시,928950.0,1671350.0,True,-0.739560663005334,-0.7096644528410913,-0.7531030335249471,-0.308835551790951,-0.9182558231884761,86
다라284701,12,1,0,0,0,나주시,928450.0,1670150.0,True,-0.739560663005334,-0.7096644528410913,-0.7531030335249471,-0.308835551790951,-0.9182558231884761,86
다라313587,9,1,0,0,0,나주시,931350.0,1658750.0,True,-0.739560663005334,-0.7096644528410913,-0.7531030335249471,-0.308835551790951,-0.9182558231884761,86
다라291715,53,2,1,2,0,나주시,929150.0,1671550.0,True,-0.6621410894675855,-0.07138636507868969,0.7531030335249471,-0.308835551790951,-0.9556611954132732,87
다라288707,16,15,0,3,0,나주시,928850.0,1670750.0,True,0.3443133665231445,-0.7096644528410913,1.5062060670498942,-0.308835551790951,-0.9640363439474184,88
다라356691,36,5,0,1,0,나주시,935650.0,1669150.0,True,-0.4298823688543401,-0.7096644528410913,0.0,-0.308835551790951,-0.985129045799956,89
다라257649,17,0,0,0,0,나주시,925750.0,1664950.0,True,-0.8169802365430824,-0.7096644528410913,-0.7531030335249471,-0.308835551790951,-0.9956753967262246,90
다라364717,9,0,0,0,0,나주시,936450.0,1671750.0,True,-0.8169802365430824,-0.7096644528410913,-0.7531030335249471,-0.308835551790951,-0.9956753967262246,90
다라349684,17,1,1,2,0,나주시,934950.0,1668450.0,True,-0.739560663005334,-0.07138636507868969,0.7531030335249471,-0.308835551790951,-1.0330807689510217,91
다라338691,9,1,1,2,0,나주시,933850.0,1669150.0,True,-0.739560663005334,-0.07138636507868969,0.7531030335249471,-0.308835551790951,-1.0330807689510217,91
다라348696,21,8,0,2,0,나주시,934850.0,1669650.0,True,-0.19762364824109474,-0.7096644528410913,0.7531030335249471,-0.308835551790951,-1.1294218419491842,92
다라287706,10,3,0,1,0,나주시,928750.0,1670650.0,True,-0.584721515929837,-0.7096644528410913,0.0,-0.308835551790951,-1.1399681928754528,93
다라287707,14,7,0,2,0,나주시,928750.0,1670750.0,True,-0.2750432217788432,-0.7096644528410913,0.7531030335249471,-0.308835551790951,-1.2068414154869327,94
다라287713,23,2,0,1,0,나주시,928750.0,1671350.0,True,-0.6621410894675855,-0.7096644528410913,0.0,-0.308835551790951,-1.2173877664132013,95
다라213694,12,2,0,1,0,나주시,921350.0,1669450.0,True,-0.6621410894675855,-0.7096644528410913,0.0,-0.308835551790951,-1.2173877664132013,95
다라279671,10,2,0,1,0,나주시,927950.0,1667150.0,True,-0.6621410894675855,-0.7096644528410913,0.0,-0.308835551790951,-1.2173877664132013,95
다라283670,11,9,1,0,1,나주시,928350.0,1667050.0,True,-0.12020407470334628,-0.07138636507868969,-0.7531030335249471,2.820698039690686,-1.2253879428649055,96
다라399725,17,10,2,2,1,나주시,939950.0,1672550.0,True,-0.04278450116559781,0.5668917226837118,0.7531030335249471,2.820698039690686,-1.2627933150897026,97
다라355698,90,5,0,2,0,나주시,935550.0,1669850.0,True,-0.4298823688543401,-0.7096644528410913,0.7531030335249471,-0.308835551790951,-1.3616805625624295,98
다라352689,19,5,0,2,0,나주시,935250.0,1668950.0,True,-0.4298823688543401,-0.7096644528410913,0.7531030335249471,-0.308835551790951,-1.3616805625624295,98
다라358700,22,0,0,1,0,나주시,935850.0,1670050.0,True,-0.8169802365430824,-0.7096644528410913,0.0,-0.308835551790951,-1.3722269134886982,99
다라281692,15,0,0,1,0,나주시,928150.0,1669250.0,True,-0.8169802365430824,-0.7096644528410913,0.0,-0.308835551790951,-1.3722269134886982,99
다라342700,15,0,0,1,0,나주시,934250.0,1670050.0,True,-0.8169802365430824,-0.7096644528410913,0.0,-0.308835551790951,-1.3722269134886982,99
다라350684,10,0,0,1,0,나주시,935050.0,1668450.0,True,-0.8169802365430824,-0.7096644528410913,0.0,-0.308835551790951,-1.3722269134886982,99
다라360700,13,3,0,2,0,나주시,936050.0,1670050.0,True,-0.584721515929837,-0.7096644528410913,0.7531030335249471,-0.308835551790951,-1.5165197096379264,100
다라289707,10,3,0,2,0,나주시,928950.0,1670750.0,True,-0.584721515929837,-0.7096644528410913,0.7531030335249471,-0.308835551790951,-1.5165197096379264,100
다라319713,10,2,0,2,0,나주시,931950.0,1671350.0,True,-0.6621410894675855,-0.7096644528410913,0.7531030335249471,-0.308835551790951,-1.593939283175675,101
다라353698,31,17,0,1,1,나주시,935350.0,1669850.0,True,0.49915251359864143,-0.7096644528410913,0.0,2.820698039690686,-1.6208609590877927,102
다라283700,15,1,0,2,0,나주시,928350.0,1670050.0,True,-0.739560663005334,-0.7096644528410913,0.7531030335249471,-0.308835551790951,-1.6713588567134232,103
다라338689,11,1,0,2,0,나주시,933850.0,1668950.0,True,-0.739560663005334,-0.7096644528410913,0.7531030335249471,-0.308835551790951,-1.6713588567134232,103
다라287708,9,0,0,2,0,나주시,928750.0,1670850.0,True,-0.8169802365430824,-0.7096644528410913,0.7531030335249471,-0.308835551790951,-1.7487784302511717,104
다라283669,9,1,1,4,0,나주시,928350.0,1666950.0,True,-0.739560663005334,-0.07138636507868969,2.2593091005748414,-0.308835551790951,-1.7861838024759689,105
다라281670,21,7,1,6,0,나주시,928150.0,1667050.0,True,-0.2750432217788432,-0.07138636507868969,3.7655151676247356,-0.308835551790951,-2.0747693947744255,106
다라288712,15,5,0,4,0,나주시,928850.0,1671250.0,True,-0.4298823688543401,-0.7096644528410913,2.2593091005748414,-0.308835551790951,-2.114783596087377,107
다라347695,22,7,1,2,1,나주시,934750.0,1669550.0,True,-0.2750432217788432,-0.07138636507868969,0.7531030335249471,2.820698039690686,-2.1333301234653494,108
다라184612,10,5,0,0,1,나주시,918450.0,1661250.0,True,-0.4298823688543401,-0.7096644528410913,-0.7531030335249471,2.820698039690686,-2.173344324778301,109
다라349686,10,2,0,0,1,나주시,934950.0,1668650.0,True,-0.6621410894675855,-0.7096644528410913,-0.7531030335249471,2.820698039690686,-2.4056030453915462,110
다라290712,13,7,1,3,1,나주시,929050.0,1671250.0,True,-0.2750432217788432,-0.07138636507868969,1.5062060670498942,2.820698039690686,-2.509881640227823,111
다라286719,10,8,1,4,1,나주시,928650.0,1671950.0,True,-0.19762364824109474,-0.07138636507868969,2.2593091005748414,2.820698039690686,-2.809013583452548,112
다라287712,18,3,0,6,0,나주시,928750.0,1671250.0,True,-0.584721515929837,-0.7096644528410913,3.7655151676247356,-0.308835551790951,-3.0227257766878206,113
다라287709,9,3,0,0,2,나주시,928750.0,1670950.0,True,-0.584721515929837,-0.7096644528410913,-0.7531030335249471,5.950231631172323,-3.892950267594616,114
다마531023,20,77,2,0,0,담양군,953150.0,1702350.0,True,5.311542902834161,2.680038622650246,-0.31391397053161246,-0.2967558703367642,8.296916445918596,1
다마530023,35,25,3,0,0,담양군,953050.0,1702350.0,True,1.4511847892040832,4.276952827856351,-0.31391397053161246,-0.2967558703367642,6.033472537494622,2
다마529028,16,109,0,3,0,담양군,952950.0,1702850.0,True,7.6871478958372865,-0.5137897877619642,3.553954594947184,-0.2967558703367642,5.544758745770112,3
다마530022,30,28,2,0,0,담양군,953050.0,1702250.0,True,1.6738977572981262,2.680038622650246,-0.31391397053161246,-0.2967558703367642,4.65927130038256,4
다마530024,23,10,2,0,0,담양군,953050.0,1702450.0,True,0.3376199487338681,2.680038622650246,-0.31391397053161246,-0.2967558703367642,3.322993491818303,5
다마529017,6,5,2,0,0,담양군,952950.0,1701750.0,True,-0.03356833142287025,2.680038622650246,-0.31391397053161246,-0.2967558703367642,2.9518052116615645,6
다마529029,19,47,0,0,0,담양군,952950.0,1702950.0,True,3.0844132218937315,-0.5137897877619642,-0.31391397053161246,-0.2967558703367642,2.875958354565956,7
다마529021,5,3,2,0,0,담양군,952950.0,1702150.0,True,-0.1820436434855656,2.680038622650246,-0.31391397053161246,-0.2967558703367642,2.8033298995988694,8
다마530028,10,8,2,2,0,담양군,953050.0,1702850.0,True,0.18914463667117273,2.680038622650246,2.2646650731209186,-0.2967558703367642,1.8852286579293418,9
다마531027,8,10,1,0,0,담양군,953150.0,1702750.0,True,0.3376199487338681,1.083124417444141,-0.31391397053161246,-0.2967558703367642,1.7260792866121972,10
다라558937,38,9,1,0,0,담양군,955850.0,1693750.0,True,0.2633822927025204,1.083124417444141,-0.31391397053161246,-0.2967558703367642,1.6518416305808497,11
다마547031,6,9,1,0,0,담양군,954750.0,1703150.0,True,0.2633822927025204,1.083124417444141,-0.31391397053161246,-0.2967558703367642,1.6518416305808497,11
다라521921,17,4,2,2,0,담양군,952150.0,1692150.0,True,-0.10780598745421792,2.680038622650246,2.2646650731209186,-0.2967558703367642,1.588278033803951,12
다마529030,12,8,1,0,0,담양군,952950.0,1703050.0,True,0.18914463667117273,1.083124417444141,-0.31391397053161246,-0.2967558703367642,1.5776039745495019,13
다마491016,6,8,1,0,0,담양군,949150.0,1701650.0,True,0.18914463667117273,1.083124417444141,-0.31391397053161246,-0.2967558703367642,1.5776039745495019,13
다마531024,7,5,1,0,0,담양군,953150.0,1702450.0,True,-0.03356833142287025,1.083124417444141,-0.31391397053161246,-0.2967558703367642,1.354891006455459,14
다마549030,9,3,1,0,0,담양군,954950.0,1703050.0,True,-0.1820436434855656,1.083124417444141,-0.31391397053161246,-0.2967558703367642,1.2064156943927637,15
다마532029,8,3,1,0,0,담양군,953250.0,1702950.0,True,-0.1820436434855656,1.083124417444141,-0.31391397053161246,-0.2967558703367642,1.2064156943927637,15
다라440979,6,2,1,0,0,담양군,944050.0,1697950.0,True,-0.25628129951691325,1.083124417444141,-0.31391397053161246,-0.2967558703367642,1.1321780383614162,16
다마550030,13,1,1,0,0,담양군,955050.0,1703050.0,True,-0.33051895554826094,1.083124417444141,-0.31391397053161246,-0.2967558703367642,1.0579403823300684,17
다마528030,9,1,1,0,0,담양군,952850.0,1703050.0,True,-0.33051895554826094,1.083124417444141,-0.31391397053161246,-0.2967558703367642,1.0579403823300684,17
다마528032,9,1,1,0,0,담양군,952850.0,1703250.0,True,-0.33051895554826094,1.083124417444141,-0.31391397053161246,-0.2967558703367642,1.0579403823300684,17
다마536027,6,1,1,0,0,담양군,953650.0,1702750.0,True,-0.33051895554826094,1.083124417444141,-0.31391397053161246,-0.2967558703367642,1.0579403823300684,17
다마503050,5,1,1,0,0,담양군,950350.0,1705050.0,True,-0.33051895554826094,1.083124417444141,-0.31391397053161246,-0.2967558703367642,1.0579403823300684,17
다마547030,27,0,1,0,0,담양군,954750.0,1703050.0,True,-0.40475661157960857,1.083124417444141,-0.31391397053161246,-0.2967558703367642,0.9837027262987208,18
다라559937,13,0,1,0,0,담양군,955950.0,1693750.0,True,-0.40475661157960857,1.083124417444141,-0.31391397053161246,-0.2967558703367642,0.9837027262987208,18
다마532032,7,17,0,0,0,담양군,953250.0,1703250.0,True,0.8572835409533018,-0.5137897877619642,-0.31391397053161246,-0.2967558703367642,0.648828673625526,19
다마529025,16,3,1,1,0,담양군,952950.0,1702550.0,True,-0.1820436434855656,1.083124417444141,0.975375551294653,-0.2967558703367642,0.561770933479631,20
다마528031,41,2,1,1,0,담양군,952850.0,1703150.0,True,-0.25628129951691325,1.083124417444141,0.975375551294653,-0.2967558703367642,0.48753327744828334,21
다라557937,9,10,1,0,1,담양군,955750.0,1693750.0,True,0.3376199487338681,1.083124417444141,-0.31391397053161246,2.8056918650021343,0.17485541894274803,22
다마529018,12,9,0,0,0,담양군,952950.0,1701850.0,True,0.2633822927025204,-0.5137897877619642,-0.31391397053161246,-0.2967558703367642,0.05492742537474457,23
다마532023,10,9,0,0,0,담양군,953250.0,1702350.0,True,0.2633822927025204,-0.5137897877619642,-0.31391397053161246,-0.2967558703367642,0.05492742537474457,23
다마545119,7,9,0,0,0,담양군,954550.0,1711950.0,True,0.2633822927025204,-0.5137897877619642,-0.31391397053161246,-0.2967558703367642,0.05492742537474457,23
다마483007,7,9,0,0,0,담양군,948350.0,1700750.0,True,0.2633822927025204,-0.5137897877619642,-0.31391397053161246,-0.2967558703367642,0.05492742537474457,23
다마529027,17,28,0,0,1,담양군,952950.0,1702750.0,True,1.6738977572981262,-0.5137897877619642,-0.31391397053161246,2.8056918650021343,-0.08578097769909898,24
다마527028,16,7,0,0,0,담양군,952750.0,1702850.0,True,0.11490698063982507,-0.5137897877619642,-0.31391397053161246,-0.2967558703367642,-0.09354788668795075,25
다마531028,21,6,0,0,0,담양군,953150.0,1702850.0,True,0.040669324608477414,-0.5137897877619642,-0.31391397053161246,-0.2967558703367642,-0.1677855427192984,26
다마529032,12,6,0,0,0,담양군,952950.0,1703250.0,True,0.040669324608477414,-0.5137897877619642,-0.31391397053161246,-0.2967558703367642,-0.1677855427192984,26
다마481008,5,6,0,0,0,담양군,948150.0,1700850.0,True,0.040669324608477414,-0.5137897877619642,-0.31391397053161246,-0.2967558703367642,-0.1677855427192984,26
다마529026,25,5,0,0,0,담양군,952950.0,1702650.0,True,-0.03356833142287025,-0.5137897877619642,-0.31391397053161246,-0.2967558703367642,-0.2420231987506461,27
다마527027,13,5,0,0,0,담양군,952750.0,1702750.0,True,-0.03356833142287025,-0.5137897877619642,-0.31391397053161246,-0.2967558703367642,-0.2420231987506461,27
다라521919,5,5,0,0,0,담양군,952150.0,1691950.0,True,-0.03356833142287025,-0.5137897877619642,-0.31391397053161246,-0.2967558703367642,-0.2420231987506461,27
다마529031,18,13,0,1,0,담양군,952950.0,1703150.0,True,0.5603329168279111,-0.5137897877619642,0.975375551294653,-0.2967558703367642,-0.2927667114129975,28
다마531032,30,4,0,0,0,담양군,953150.0,1703250.0,True,-0.10780598745421792,-0.5137897877619642,-0.31391397053161246,-0.2967558703367642,-0.31626085478199367,29
다마547029,24,4,0,0,0,담양군,954750.0,1702950.0,True,-0.10780598745421792,-0.5137897877619642,-0.31391397053161246,-0.2967558703367642,-0.31626085478199367,29
다마527031,7,4,0,0,0,담양군,952750.0,1703150.0,True,-0.10780598745421792,-0.5137897877619642,-0.31391397053161246,-0.2967558703367642,-0.31626085478199367,29
다마527030,5,4,0,0,0,담양군,952750.0,1703050.0,True,-0.10780598745421792,-0.5137897877619642,-0.31391397053161246,-0.2967558703367642,-0.31626085478199367,29
다마546030,23,3,0,0,0,담양군,954650.0,1703050.0,True,-0.1820436434855656,-0.5137897877619642,-0.31391397053161246,-0.2967558703367642,-0.39049851081334136,30
다마530016,10,3,0,0,0,담양군,953050.0,1701650.0,True,-0.1820436434855656,-0.5137897877619642,-0.31391397053161246,-0.2967558703367642,-0.39049851081334136,30
다마530032,9,3,0,0,0,담양군,953050.0,1703250.0,True,-0.1820436434855656,-0.5137897877619642,-0.31391397053161246,-0.2967558703367642,-0.39049851081334136,30
다마528028,8,3,0,0,0,담양군,952850.0,1702850.0,True,-0.1820436434855656,-0.5137897877619642,-0.31391397053161246,-0.2967558703367642,-0.39049851081334136,30
다마500025,7,3,0,0,0,담양군,950050.0,1702550.0,True,-0.1820436434855656,-0.5137897877619642,-0.31391397053161246,-0.2967558703367642,-0.39049851081334136,30
다마533021,6,3,0,0,0,담양군,953350.0,1702150.0,True,-0.1820436434855656,-0.5137897877619642,-0.31391397053161246,-0.2967558703367642,-0.39049851081334136,30
다마528026,5,3,0,0,0,담양군,952850.0,1702650.0,True,-0.1820436434855656,-0.5137897877619642,-0.31391397053161246,-0.2967558703367642,-0.39049851081334136,30
다마532015,5,3,0,0,0,담양군,953250.0,1701550.0,True,-0.1820436434855656,-0.5137897877619642,-0.31391397053161246,-0.2967558703367642,-0.39049851081334136,30
다마530026,17,2,0,0,0,담양군,953050.0,1702650.0,True,-0.25628129951691325,-0.5137897877619642,-0.31391397053161246,-0.2967558703367642,-0.46473616684468905,31
다라442980,14,2,0,0,0,담양군,944250.0,1698050.0,True,-0.25628129951691325,-0.5137897877619642,-0.31391397053161246,-0.2967558703367642,-0.46473616684468905,31
다라520920,12,2,0,0,0,담양군,952050.0,1692050.0,True,-0.25628129951691325,-0.5137897877619642,-0.31391397053161246,-0.2967558703367642,-0.46473616684468905,31
다마483008,8,2,0,0,0,담양군,948350.0,1700850.0,True,-0.25628129951691325,-0.5137897877619642,-0.31391397053161246,-0.2967558703367642,-0.46473616684468905,31
다마532034,7,2,0,0,0,담양군,953250.0,1703450.0,True,-0.25628129951691325,-0.5137897877619642,-0.31391397053161246,-0.2967558703367642,-0.46473616684468905,31
다마532025,6,2,0,0,0,담양군,953250.0,1702550.0,True,-0.25628129951691325,-0.5137897877619642,-0.31391397053161246,-0.2967558703367642,-0.46473616684468905,31
다마534035,6,2,0,0,0,담양군,953450.0,1703550.0,True,-0.25628129951691325,-0.5137897877619642,-0.31391397053161246,-0.2967558703367642,-0.46473616684468905,31
다마544004,5,2,0,0,0,담양군,954450.0,1700450.0,True,-0.25628129951691325,-0.5137897877619642,-0.31391397053161246,-0.2967558703367642,-0.46473616684468905,31
다마532030,5,2,0,0,0,담양군,953250.0,1703050.0,True,-0.25628129951691325,-0.5137897877619642,-0.31391397053161246,-0.2967558703367642,-0.46473616684468905,31
다마534028,16,1,0,0,0,담양군,953450.0,1702850.0,True,-0.33051895554826094,-0.5137897877619642,-0.31391397053161246,-0.2967558703367642,-0.5389738228760368,32
다마532028,11,1,0,0,0,담양군,953250.0,1702850.0,True,-0.33051895554826094,-0.5137897877619642,-0.31391397053161246,-0.2967558703367642,-0.5389738228760368,32
다마528018,8,1,0,0,0,담양군,952850.0,1701850.0,True,-0.33051895554826094,-0.5137897877619642,-0.31391397053161246,-0.2967558703367642,-0.5389738228760368,32
다마531031,6,1,0,0,0,담양군,953150.0,1703150.0,True,-0.33051895554826094,-0.5137897877619642,-0.31391397053161246,-0.2967558703367642,-0.5389738228760368,32
다라557936,6,1,0,0,0,담양군,955750.0,1693650.0,True,-0.33051895554826094,-0.5137897877619642,-0.31391397053161246,-0.2967558703367642,-0.5389738228760368,32
다라458967,6,1,0,0,0,담양군,945850.0,1696750.0,True,-0.33051895554826094,-0.5137897877619642,-0.31391397053161246,-0.2967558703367642,-0.5389738228760368,32
다마518026,5,1,0,0,0,담양군,951850.0,1702650.0,True,-0.33051895554826094,-0.5137897877619642,-0.31391397053161246,-0.2967558703367642,-0.5389738228760368,32
다마525027,5,1,0,0,0,담양군,952550.0,1702750.0,True,-0.33051895554826094,-0.5137897877619642,-0.31391397053161246,-0.2967558703367642,-0.5389738228760368,32
다마529019,5,1,0,0,0,담양군,952950.0,1701950.0,True,-0.33051895554826094,-0.5137897877619642,-0.31391397053161246,-0.2967558703367642,-0.5389738228760368,32
다마501019,5,1,0,0,0,담양군,950150.0,1701950.0,True,-0.33051895554826094,-0.5137897877619642,-0.31391397053161246,-0.2967558703367642,-0.5389738228760368,32
다마524027,5,1,0,0,0,담양군,952450.0,1702750.0,True,-0.33051895554826094,-0.5137897877619642,-0.31391397053161246,-0.2967558703367642,-0.5389738228760368,32
다마529024,4,1,0,0,0,담양군,952950.0,1702450.0,True,-0.33051895554826094,-0.5137897877619642,-0.31391397053161246,-0.2967558703367642,-0.5389738228760368,32
다마554020,14,0,0,0,0,담양군,955450.0,1702050.0,True,-0.40475661157960857,-0.5137897877619642,-0.31391397053161246,-0.2967558703367642,-0.6132114789073844,33
다라558936,14,0,0,0,0,담양군,955850.0,1693650.0,True,-0.40475661157960857,-0.5137897877619642,-0.31391397053161246,-0.2967558703367642,-0.6132114789073844,33
다마529020,13,0,0,0,0,담양군,952950.0,1702050.0,True,-0.40475661157960857,-0.5137897877619642,-0.31391397053161246,-0.2967558703367642,-0.6132114789073844,33
다마528017,12,0,0,0,0,담양군,952850.0,1701750.0,True,-0.40475661157960857,-0.5137897877619642,-0.31391397053161246,-0.2967558703367642,-0.6132114789073844,33
다마533028,12,0,0,0,0,담양군,953350.0,1702850.0,True,-0.40475661157960857,-0.5137897877619642,-0.31391397053161246,-0.2967558703367642,-0.6132114789073844,33
다마538035,8,0,0,0,0,담양군,953850.0,1703550.0,True,-0.40475661157960857,-0.5137897877619642,-0.31391397053161246,-0.2967558703367642,-0.6132114789073844,33
다마436000,7,0,0,0,0,담양군,943650.0,1700050.0,True,-0.40475661157960857,-0.5137897877619642,-0.31391397053161246,-0.2967558703367642,-0.6132114789073844,33
다라519921,6,0,0,0,0,담양군,951950.0,1692150.0,True,-0.40475661157960857,-0.5137897877619642,-0.31391397053161246,-0.2967558703367642,-0.6132114789073844,33
다마531015,6,0,0,0,0,담양군,953150.0,1701550.0,True,-0.40475661157960857,-0.5137897877619642,-0.31391397053161246,-0.2967558703367642,-0.6132114789073844,33
다라581971,6,0,0,0,0,담양군,958150.0,1697150.0,True,-0.40475661157960857,-0.5137897877619642,-0.31391397053161246,-0.2967558703367642,-0.6132114789073844,33
다마481009,6,0,0,0,0,담양군,948150.0,1700950.0,True,-0.40475661157960857,-0.5137897877619642,-0.31391397053161246,-0.2967558703367642,-0.6132114789073844,33
다마538122,6,0,0,0,0,담양군,953850.0,1712250.0,True,-0.40475661157960857,-0.5137897877619642,-0.31391397053161246,-0.2967558703367642,-0.6132114789073844,33
다마553025,6,0,0,0,0,담양군,955350.0,1702550.0,True,-0.40475661157960857,-0.5137897877619642,-0.31391397053161246,-0.2967558703367642,-0.6132114789073844,33
다마544120,5,0,0,0,0,담양군,954450.0,1712050.0,True,-0.40475661157960857,-0.5137897877619642,-0.31391397053161246,-0.2967558703367642,-0.6132114789073844,33
다마546112,5,0,0,0,0,담양군,954650.0,1711250.0,True,-0.40475661157960857,-0.5137897877619642,-0.31391397053161246,-0.2967558703367642,-0.6132114789073844,33
다마502050,5,0,0,0,0,담양군,950250.0,1705050.0,True,-0.40475661157960857,-0.5137897877619642,-0.31391397053161246,-0.2967558703367642,-0.6132114789073844,33
다마545039,5,0,0,0,0,담양군,954550.0,1703950.0,True,-0.40475661157960857,-0.5137897877619642,-0.31391397053161246,-0.2967558703367642,-0.6132114789073844,33
다마533024,5,0,0,0,0,담양군,953350.0,1702450.0,True,-0.40475661157960857,-0.5137897877619642,-0.31391397053161246,-0.2967558703367642,-0.6132114789073844,33
다라441980,5,0,0,0,0,담양군,944150.0,1698050.0,True,-0.40475661157960857,-0.5137897877619642,-0.31391397053161246,-0.2967558703367642,-0.6132114789073844,33
다마528027,5,0,0,0,0,담양군,952850.0,1702750.0,True,-0.40475661157960857,-0.5137897877619642,-0.31391397053161246,-0.2967558703367642,-0.6132114789073844,33
다마539122,5,0,0,0,0,담양군,953950.0,1712250.0,True,-0.40475661157960857,-0.5137897877619642,-0.31391397053161246,-0.2967558703367642,-0.6132114789073844,33
다라565941,5,0,0,0,0,담양군,956550.0,1694150.0,True,-0.40475661157960857,-0.5137897877619642,-0.31391397053161246,-0.2967558703367642,-0.6132114789073844,33
다마480009,4,0,0,0,0,담양군,948050.0,1700950.0,True,-0.40475661157960857,-0.5137897877619642,-0.31391397053161246,-0.2967558703367642,-0.6132114789073844,33
다마533012,4,0,0,0,0,담양군,953350.0,1701250.0,True,-0.40475661157960857,-0.5137897877619642,-0.31391397053161246,-0.2967558703367642,-0.6132114789073844,33
다마528019,4,0,0,0,0,담양군,952850.0,1701950.0,True,-0.40475661157960857,-0.5137897877619642,-0.31391397053161246,-0.2967558703367642,-0.6132114789073844,33
다라556938,4,0,0,0,0,담양군,955650.0,1693850.0,True,-0.40475661157960857,-0.5137897877619642,-0.31391397053161246,-0.2967558703367642,-0.6132114789073844,33
다마532031,8,3,0,1,0,담양군,953250.0,1703150.0,True,-0.1820436434855656,-0.5137897877619642,0.975375551294653,-0.2967558703367642,-1.0351432717264741,34
다마527026,8,1,0,1,0,담양군,952750.0,1702650.0,True,-0.33051895554826094,-0.5137897877619642,0.975375551294653,-0.2967558703367642,-1.1836185837891695,35
다마528025,8,2,1,4,0,담양군,952850.0,1702550.0,True,-0.25628129951691325,1.083124417444141,4.84324411677345,-0.2967558703367642,-1.4464010052911151,36
다마530025,21,5,0,0,1,담양군,953050.0,1702550.0,True,-0.03356833142287025,-0.5137897877619642,-0.31391397053161246,2.8056918650021343,-1.7932470664200952,37
다라444981,7,5,0,0,1,담양군,944450.0,1698150.0,True,-0.03356833142287025,-0.5137897877619642,-0.31391397053161246,2.8056918650021343,-1.7932470664200952,37
다마532033,6,1,0,2,0,담양군,953250.0,1703350.0,True,-0.33051895554826094,-0.5137897877619642,2.2646650731209186,-0.2967558703367642,-1.8282633447023022,38
다라441979,6,4,0,0,1,담양군,944150.0,1697950.0,True,-0.10780598745421792,-0.5137897877619642,-0.31391397053161246,2.8056918650021343,-1.8674847224514428,39
다라505980,4,2,0,0,1,담양군,950550.0,1698050.0,True,-0.25628129951691325,-0.5137897877619642,-0.31391397053161246,2.8056918650021343,-2.0159600345141384,40
다마532026,9,2,0,1,1,담양군,953250.0,1702650.0,True,-0.25628129951691325,-0.5137897877619642,0.975375551294653,2.8056918650021343,-2.660604795427271,41
다마482008,5,1,0,1,1,담양군,948250.0,1700850.0,True,-0.33051895554826094,-0.5137897877619642,0.975375551294653,2.8056918650021343,-2.7348424514586185,42
다마531026,7,0,0,4,0,담양군,953150.0,1702650.0,True,-0.40475661157960857,-0.5137897877619642,4.84324411677345,-0.2967558703367642,-3.1917905225599155,43
다마570055,7,4,0,0,2,담양군,957050.0,1705550.0,True,-0.10780598745421792,-0.5137897877619642,-0.31391397053161246,5.908139600341033,-3.4187085901208922,44
다마534034,8,0,0,4,1,담양군,953450.0,1703450.0,True,-0.40475661157960857,-0.5137897877619642,4.84324411677345,2.8056918650021343,-4.743014390229365,45
다라022453,40,126,30,1,0,목포시,902250.0,1645350.0,True,3.8383511770355394,7.843114226959889,0.21617305709760112,-0.4699931500605203,11.808375450476888,1
다라022454,31,159,20,1,0,목포시,902250.0,1645450.0,True,5.11180402236177,4.985654193445222,0.21617305709760112,-0.4699931500605203,10.22436826228845,2
나라988460,31,135,3,0,0,목포시,898850.0,1646050.0,True,4.1856564984881475,0.12797213647028877,-0.643246657705057,-0.4699931500605203,4.870248538841225,3
나라988459,31,87,7,0,0,목포시,898850.0,1645950.0,True,2.333361450740904,1.2709561498761557,-0.643246657705057,-0.4699931500605203,4.160937504499849,4
다라022457,23,67,9,0,0,목포시,902250.0,1645750.0,True,1.561571847512886,1.842448156579089,-0.643246657705057,-0.4699931500605203,3.9606399079747634,5
다라020457,32,84,6,0,0,목포시,902050.0,1645750.0,True,2.2175930102567016,0.9852101465246887,-0.643246657705057,-0.4699931500605203,3.759423060664179,6
다라023453,29,39,11,0,0,목포시,902350.0,1645350.0,True,0.48106640299366044,2.4139401632820223,-0.643246657705057,-0.4699931500605203,3.4516264701584713,7
다라009470,23,18,13,0,0,목포시,900950.0,1647050.0,True,-0.32931268039575873,2.9854321699849558,-0.643246657705057,-0.4699931500605203,3.2127393934719857,8
나라994462,22,97,5,2,0,목포시,899450.0,1646250.0,True,2.719256252354913,0.6994641431732221,1.0755927719002591,-0.4699931500605203,3.1159205846082654,9
나라993461,28,65,6,0,0,목포시,899350.0,1646150.0,True,1.484392887190084,0.9852101465246887,-0.643246657705057,-0.4699931500605203,3.026222937597561,10
다라017458,67,54,6,0,0,목포시,901750.0,1645850.0,True,1.059908605414674,0.9852101465246887,-0.643246657705057,-0.4699931500605203,2.6017386558221514,11
나라969464,24,34,10,1,0,목포시,896950.0,1646450.0,True,0.28811900218665587,2.1281941599305556,0.21617305709760112,-0.4699931500605203,2.543223208598671,12
나라989459,25,80,3,1,0,목포시,898950.0,1645950.0,True,2.063235089611098,0.12797213647028877,0.21617305709760112,-0.4699931500605203,2.318117272562846,13
나라972466,50,50,5,0,0,목포시,897250.0,1646650.0,True,0.9055506847690704,0.6994641431732221,-0.643246657705057,-0.4699931500605203,2.1616347318250813,14
다라022456,29,49,5,0,0,목포시,902250.0,1645650.0,True,0.8669612046076696,0.6994641431732221,-0.643246657705057,-0.4699931500605203,2.1230452516636804,15
다라022452,40,62,3,0,0,목포시,902250.0,1645250.0,True,1.3686244467058815,0.12797213647028877,-0.643246657705057,-0.4699931500605203,2.053216487058959,16
나라970464,38,42,7,1,0,목포시,897050.0,1646450.0,True,0.5968348434778632,1.2709561498761557,0.21617305709760112,-0.4699931500605203,1.9947010398354783,17
나라964460,38,56,8,3,0,목포시,896450.0,1646050.0,True,1.137087565737476,1.5567021532276222,1.9350124867029173,-0.4699931500605203,1.9612800506438992,18
다라021454,33,51,4,0,0,목포시,902150.0,1645450.0,True,0.9441401649304714,0.4137181398217554,-0.643246657705057,-0.4699931500605203,1.9144782086350154,19
나라989460,51,72,1,0,0,목포시,898950.0,1646050.0,True,1.7545192483198906,-0.44351987023264455,-0.643246657705057,-0.4699931500605203,1.8676192819700346,20
나라987461,31,51,7,0,1,목포시,898750.0,1646150.0,True,0.9441401649304714,1.2709561498761557,-0.643246657705057,1.3985162026191091,1.837461542349601,21
다라021457,20,52,6,2,0,목포시,902150.0,1645750.0,True,0.9827296450918722,0.9852101465246887,1.0755927719002591,-0.4699931500605203,1.6651399806966916,22
다라021455,27,35,8,2,0,목포시,902150.0,1645550.0,True,0.3267084823480568,1.5567021532276222,1.0755927719002591,-0.4699931500605203,1.5806108246558095,23
나라980445,22,112,1,0,2,목포시,898050.0,1644550.0,True,3.2980984547759267,-0.44351987023264455,-0.643246657705057,3.267025555298739,1.5426891357464414,24
다라015463,36,26,6,0,0,목포시,901550.0,1646350.0,True,-0.020596839104551443,0.9852101465246887,-0.643246657705057,-0.4699931500605203,1.5212332113029259,25
다라014465,33,47,3,0,0,목포시,901450.0,1646550.0,True,0.7897822442848677,0.12797213647028877,-0.643246657705057,-0.4699931500605203,1.474374284637945,26
나라987459,41,32,5,0,0,목포시,898750.0,1645950.0,True,0.21094004186385404,0.6994641431732221,-0.643246657705057,-0.4699931500605203,1.4670240889198647,27
다라025452,42,27,5,0,0,목포시,902550.0,1645250.0,True,0.01799264105684947,0.6994641431732221,-0.643246657705057,-0.4699931500605203,1.2740766881128602,28
나라980446,62,107,2,1,2,목포시,898050.0,1644650.0,True,3.105151053968922,-0.1577738668811779,0.21617305709760112,3.267025555298739,1.205777880889574,29
나라995462,20,39,3,0,0,목포시,899550.0,1646250.0,True,0.48106640299366044,0.12797213647028877,-0.643246657705057,-0.4699931500605203,1.1656584433467378,30
다라019457,23,38,3,0,0,목포시,901950.0,1645750.0,True,0.4424769228322595,0.12797213647028877,-0.643246657705057,-0.4699931500605203,1.1270689631853368,31
나라971465,22,35,3,0,0,목포시,897150.0,1646550.0,True,0.3267084823480568,0.12797213647028877,-0.643246657705057,-0.4699931500605203,1.011300522701134,32
다라017459,32,57,0,0,0,목포시,901750.0,1645950.0,True,1.1756770458988768,-0.7292658735841112,-0.643246657705057,-0.4699931500605203,1.003031076197554,33
나라988458,21,26,4,0,0,목포시,898850.0,1645850.0,True,-0.020596839104551443,0.4137181398217554,-0.643246657705057,-0.4699931500605203,0.9497412045999926,34
나라986461,46,40,2,0,0,목포시,898650.0,1646150.0,True,0.5196558831550613,-0.1577738668811779,-0.643246657705057,-0.4699931500605203,0.9185019201566721,35
나라991474,25,24,4,0,0,목포시,899150.0,1647450.0,True,-0.09777579942735326,0.4137181398217554,-0.643246657705057,-0.4699931500605203,0.8725622442771909,36
다라017463,53,9,6,0,0,목포시,901750.0,1646350.0,True,-0.676618001848367,0.9852101465246887,-0.643246657705057,-0.4699931500605203,0.8652120485591105,37
다라024454,27,35,2,0,0,목포시,902450.0,1645450.0,True,0.3267084823480568,-0.1577738668811779,-0.643246657705057,-0.4699931500605203,0.7255545193496675,38
다라018459,28,38,3,1,0,목포시,901850.0,1645950.0,True,0.4424769228322595,0.12797213647028877,0.21617305709760112,-0.4699931500605203,0.6973591057840077,39
다라021461,37,29,4,1,0,목포시,902150.0,1646150.0,True,0.09517160137965129,0.4137181398217554,0.21617305709760112,-0.4699931500605203,0.6357997876828663,40
나라968464,31,17,4,0,0,목포시,896850.0,1646450.0,True,-0.36790216055715963,0.4137181398217554,-0.643246657705057,-0.4699931500605203,0.6024358831473844,41
다라021460,30,24,3,0,0,목포시,902150.0,1646050.0,True,-0.09777579942735326,0.12797213647028877,-0.643246657705057,-0.4699931500605203,0.5868162409257242,42
다라007470,41,35,8,0,2,목포시,900750.0,1647050.0,True,0.3267084823480568,1.5567021532276222,-0.643246657705057,3.267025555298739,0.5715211867788379,43
다라021452,34,32,5,0,1,목포시,902150.0,1645250.0,True,0.21094004186385404,0.6994641431732221,-0.643246657705057,1.3985162026191091,0.5327694125800501,44
나라973467,68,30,2,0,0,목포시,897350.0,1646750.0,True,0.1337610815410522,-0.1577738668811779,-0.643246657705057,-0.4699931500605203,0.532607118542663,45
나라965459,22,21,3,0,0,목포시,896550.0,1645950.0,True,-0.213544239911556,0.12797213647028877,-0.643246657705057,-0.4699931500605203,0.4710478004415214,46
다라023462,30,39,2,1,0,목포시,902350.0,1646250.0,True,0.48106640299366044,-0.1577738668811779,0.21617305709760112,-0.4699931500605203,0.4502025825939421,47
다라019456,31,35,4,2,0,목포시,901950.0,1645650.0,True,0.3267084823480568,0.4137181398217554,1.0755927719002591,-0.4699931500605203,0.43762681124994274,48
다라011460,21,27,2,0,0,목포시,901150.0,1646050.0,True,0.01799264105684947,-0.1577738668811779,-0.643246657705057,-0.4699931500605203,0.4168386780584602,49
다라016466,21,18,3,0,0,목포시,901650.0,1646650.0,True,-0.32931268039575873,0.12797213647028877,-0.643246657705057,-0.4699931500605203,0.35527935995731863,50
다라009468,35,40,3,2,0,목포시,900950.0,1646850.0,True,0.5196558831550613,0.12797213647028877,1.0755927719002591,-0.4699931500605203,0.3448282087054807,51
나라986460,67,40,3,0,1,목포시,898650.0,1646050.0,True,0.5196558831550613,0.12797213647028877,-0.643246657705057,1.3985162026191091,0.26999324716832407,52
다라016468,36,15,3,0,0,목포시,901650.0,1646850.0,True,-0.4450811208799615,0.12797213647028877,-0.643246657705057,-0.4699931500605203,0.2395109194731159,53
다라022460,39,29,1,0,0,목포시,902250.0,1646050.0,True,0.09517160137965129,-0.44351987023264455,-0.643246657705057,-0.4699931500605203,0.20827163502979537,54
나라981442,21,68,2,2,1,목포시,898150.0,1644250.0,True,1.6001613276742868,-0.1577738668811779,1.0755927719002591,1.3985162026191091,0.20533297353342472,55
다라014464,40,27,6,1,1,목포시,901450.0,1646450.0,True,0.01799264105684947,0.9852101465246887,0.21617305709760112,1.3985162026191091,0.19585815772318305,56
다라016457,73,38,3,0,1,목포시,901650.0,1645750.0,True,0.4424769228322595,0.12797213647028877,-0.643246657705057,1.3985162026191091,0.19281428684552215,57
나라982442,21,36,0,0,0,목포시,898250.0,1644250.0,True,0.3652979625094577,-0.7292658735841112,-0.643246657705057,-0.4699931500605203,0.19265199280813508,58
다라019458,20,47,0,1,0,목포시,901950.0,1645850.0,True,0.7897822442848677,-0.7292658735841112,0.21617305709760112,-0.4699931500605203,0.18742641718221603,59
나라988461,23,12,3,0,0,목포시,898850.0,1646150.0,True,-0.5608495613641642,0.12797213647028877,-0.643246657705057,-0.4699931500605203,0.12374247898891319,60
나라979446,43,11,3,0,0,목포시,897950.0,1644650.0,True,-0.5994390415255652,0.12797213647028877,-0.643246657705057,-0.4699931500605203,0.08515299882751223,61
다라021458,20,25,1,0,0,목포시,902150.0,1645850.0,True,-0.05918631926595235,-0.44351987023264455,-0.643246657705057,-0.4699931500605203,0.05391371438419171,62
다라024453,20,24,1,0,0,목포시,902450.0,1645350.0,True,-0.09777579942735326,-0.44351987023264455,-0.643246657705057,-0.4699931500605203,0.015324234222790861,63
나라969463,45,24,4,2,0,목포시,896950.0,1646350.0,True,-0.09777579942735326,0.4137181398217554,1.0755927719002591,-0.4699931500605203,0.013142529474532733,64
다라018457,34,9,3,0,0,목포시,901850.0,1645750.0,True,-0.676618001848367,0.12797213647028877,-0.643246657705057,-0.4699931500605203,0.007974038504710484,65
다라021464,26,9,3,0,0,목포시,902150.0,1646450.0,True,-0.676618001848367,0.12797213647028877,-0.643246657705057,-0.4699931500605203,0.007974038504710484,65
다라025453,20,15,2,0,0,목포시,902550.0,1645350.0,True,-0.4450811208799615,-0.1577738668811779,-0.643246657705057,-0.4699931500605203,-0.04623508387835071,66
다라015456,31,21,1,0,0,목포시,901550.0,1645650.0,True,-0.213544239911556,-0.44351987023264455,-0.643246657705057,-0.4699931500605203,-0.1004442062614119,67
다라013456,27,21,1,0,0,목포시,901350.0,1645650.0,True,-0.213544239911556,-0.44351987023264455,-0.643246657705057,-0.4699931500605203,-0.1004442062614119,67
다라007471,22,21,1,0,0,목포시,900750.0,1647150.0,True,-0.213544239911556,-0.44351987023264455,-0.643246657705057,-0.4699931500605203,-0.1004442062614119,67
다라013466,31,39,3,3,0,목포시,901350.0,1646650.0,True,0.48106640299366044,0.12797213647028877,1.9350124867029173,-0.4699931500605203,-0.12347112885724923,68
다라023461,38,35,2,2,0,목포시,902350.0,1646150.0,True,0.3267084823480568,-0.1577738668811779,1.0755927719002591,-0.4699931500605203,-0.13386519545299055,69
다라020461,26,12,2,0,0,목포시,902050.0,1646150.0,True,-0.5608495613641642,-0.1577738668811779,-0.643246657705057,-0.4699931500605203,-0.16200352436255347,70
나라979447,37,10,2,0,0,목포시,897950.0,1644750.0,True,-0.638028521686966,-0.1577738668811779,-0.643246657705057,-0.4699931500605203,-0.23918248468535527,71
나라977449,31,10,2,0,0,목포시,897750.0,1644950.0,True,-0.638028521686966,-0.1577738668811779,-0.643246657705057,-0.4699931500605203,-0.23918248468535527,71
다라008469,25,17,1,0,0,목포시,900850.0,1646950.0,True,-0.36790216055715963,-0.44351987023264455,-0.643246657705057,-0.4699931500605203,-0.25480212690701554,72
나라981445,24,28,1,1,0,목포시,898150.0,1644550.0,True,0.05658212121825038,-0.44351987023264455,0.21617305709760112,-0.4699931500605203,-0.2600277025329346,73
다라018458,33,18,4,0,1,목포시,901850.0,1645850.0,True,-0.32931268039575873,0.4137181398217554,-0.643246657705057,1.3985162026191091,-0.2932293130310294,74
다라017457,43,16,1,0,0,목포시,901750.0,1645750.0,True,-0.40649164071856053,-0.44351987023264455,-0.643246657705057,-0.4699931500605203,-0.2933916070684165,75
나라963462,23,16,1,0,0,목포시,896350.0,1646250.0,True,-0.40649164071856053,-0.44351987023264455,-0.643246657705057,-0.4699931500605203,-0.2933916070684165,75
나라989461,22,23,0,0,0,목포시,898950.0,1646150.0,True,-0.1363652795887542,-0.7292658735841112,-0.643246657705057,-0.4699931500605203,-0.30901124929007684,76
나라996448,62,7,2,0,0,목포시,899650.0,1644850.0,True,-0.7537969621711688,-0.1577738668811779,-0.643246657705057,-0.4699931500605203,-0.35495092516955806,77
나라970462,21,14,1,0,0,목포시,897050.0,1646250.0,True,-0.4836706010413624,-0.44351987023264455,-0.643246657705057,-0.4699931500605203,-0.3705705673912182,78
다라020460,21,21,0,0,0,목포시,902050.0,1646050.0,True,-0.213544239911556,-0.7292658735841112,-0.643246657705057,-0.4699931500605203,-0.38619020961287853,79
다라020451,26,13,1,0,0,목포시,902050.0,1645150.0,True,-0.5222600812027632,-0.44351987023264455,-0.643246657705057,-0.4699931500605203,-0.40916004755261903,80
나라987468,22,13,1,0,0,목포시,898750.0,1646850.0,True,-0.5222600812027632,-0.44351987023264455,-0.643246657705057,-0.4699931500605203,-0.40916004755261903,80
다라020453,21,20,0,0,0,목포시,902050.0,1645350.0,True,-0.2521337200729569,-0.7292658735841112,-0.643246657705057,-0.4699931500605203,-0.4247796897742794,81
나라986458,25,30,0,1,0,목포시,898650.0,1645850.0,True,0.1337610815410522,-0.7292658735841112,0.21617305709760112,-0.4699931500605203,-0.4685947455615993,82
나라987475,24,11,1,0,0,목포시,898750.0,1647550.0,True,-0.5994390415255652,-0.44351987023264455,-0.643246657705057,-0.4699931500605203,-0.48633900787542095,83
다라040468,28,18,0,0,0,목포시,904050.0,1646850.0,True,-0.32931268039575873,-0.7292658735841112,-0.643246657705057,-0.4699931500605203,-0.5019586500970813,84
다라020459,23,17,0,0,0,목포시,902050.0,1645950.0,True,-0.36790216055715963,-0.7292658735841112,-0.643246657705057,-0.4699931500605203,-0.5405481302584821,85
다라016458,46,26,2,0,1,목포시,901650.0,1645850.0,True,-0.020596839104551443,-0.1577738668811779,-0.643246657705057,1.3985162026191091,-0.5560054784427555,86
다라017466,41,9,4,2,0,목포시,901750.0,1646650.0,True,-0.676618001848367,0.4137181398217554,1.0755927719002591,-0.4699931500605203,-0.5656996729464809,87
다라017461,23,8,1,0,0,목포시,901750.0,1646150.0,True,-0.7152074820097678,-0.44351987023264455,-0.643246657705057,-0.4699931500605203,-0.6021074483596237,88
나라986475,20,8,1,0,0,목포시,898650.0,1647550.0,True,-0.7152074820097678,-0.44351987023264455,-0.643246657705057,-0.4699931500605203,-0.6021074483596237,88
다라022450,25,14,0,0,0,목포시,902250.0,1645050.0,True,-0.4836706010413624,-0.7292658735841112,-0.643246657705057,-0.4699931500605203,-0.6563165707426849,89
다라019455,22,14,0,0,0,목포시,901950.0,1645550.0,True,-0.4836706010413624,-0.7292658735841112,-0.643246657705057,-0.4699931500605203,-0.6563165707426849,89
다라016460,20,14,0,0,0,목포시,901650.0,1646050.0,True,-0.4836706010413624,-0.7292658735841112,-0.643246657705057,-0.4699931500605203,-0.6563165707426849,89
다라017465,52,6,1,0,0,목포시,901750.0,1646550.0,True,-0.7923864423325697,-0.44351987023264455,-0.643246657705057,-0.4699931500605203,-0.6792864086824256,90
나라980442,26,13,3,2,0,목포시,898050.0,1644250.0,True,-0.5222600812027632,0.12797213647028877,1.0755927719002591,-0.4699931500605203,-0.6970877556523439,91
다라007469,20,13,3,2,0,목포시,900750.0,1646950.0,True,-0.5222600812027632,0.12797213647028877,1.0755927719002591,-0.4699931500605203,-0.6970877556523439,91
다라014456,27,24,0,1,0,목포시,901450.0,1645650.0,True,-0.09777579942735326,-0.7292658735841112,0.21617305709760112,-0.4699931500605203,-0.7001316265300048,92
다라044466,30,5,1,0,0,목포시,904450.0,1646650.0,True,-0.8309759224939706,-0.44351987023264455,-0.643246657705057,-0.4699931500605203,-0.7178758888438265,93
나라970461,22,5,1,0,0,목포시,897050.0,1646150.0,True,-0.8309759224939706,-0.44351987023264455,-0.643246657705057,-0.4699931500605203,-0.7178758888438265,93
나라987460,30,16,1,1,0,목포시,898750.0,1646050.0,True,-0.40649164071856053,-0.44351987023264455,0.21617305709760112,-0.4699931500605203,-0.7231014644697454,94
다라013455,26,12,0,0,0,목포시,901350.0,1645550.0,True,-0.5608495613641642,-0.7292658735841112,-0.643246657705057,-0.4699931500605203,-0.7334955310654866,95
나라971461,29,4,1,0,0,목포시,897150.0,1646150.0,True,-0.8695654026553715,-0.44351987023264455,-0.643246657705057,-0.4699931500605203,-0.7564653690052273,96
다라019462,28,11,0,0,0,목포시,901950.0,1646250.0,True,-0.5994390415255652,-0.7292658735841112,-0.643246657705057,-0.4699931500605203,-0.7720850112268877,97
다라028464,29,25,1,2,0,목포시,902850.0,1646450.0,True,-0.05918631926595235,-0.44351987023264455,1.0755927719002591,-0.4699931500605203,-0.8055060004184663,98
다라012457,20,10,0,0,0,목포시,901250.0,1645750.0,True,-0.638028521686966,-0.7292658735841112,-0.643246657705057,-0.4699931500605203,-0.8106744913882885,99
나라979449,30,26,1,0,1,목포시,897950.0,1644950.0,True,-0.020596839104551443,-0.44351987023264455,-0.643246657705057,1.3985162026191091,-0.8417514817942221,100
다라014457,43,25,1,0,1,목포시,901450.0,1645750.0,True,-0.05918631926595235,-0.44351987023264455,-0.643246657705057,1.3985162026191091,-0.8803409619556231,101
나라980444,33,8,0,0,0,목포시,898050.0,1644450.0,True,-0.7152074820097678,-0.7292658735841112,-0.643246657705057,-0.4699931500605203,-0.8878534517110904,102
다라025457,21,8,0,0,0,목포시,902550.0,1645750.0,True,-0.7152074820097678,-0.7292658735841112,-0.643246657705057,-0.4699931500605203,-0.8878534517110904,102
나라973461,35,19,5,0,2,목포시,897350.0,1646150.0,True,-0.2907232002343578,0.6994641431732221,-0.643246657705057,3.267025555298739,-0.9031485058579767,103
나라978448,28,25,2,3,0,목포시,897850.0,1644850.0,True,-0.05918631926595235,-0.1577738668811779,1.9350124867029173,-0.4699931500605203,-0.9494698544683288,104
나라972460,28,10,1,1,0,목포시,897250.0,1646050.0,True,-0.638028521686966,-0.44351987023264455,0.21617305709760112,-0.4699931500605203,-0.954638345438151,105
다라040463,25,6,0,0,0,목포시,904050.0,1646350.0,True,-0.7923864423325697,-0.7292658735841112,-0.643246657705057,-0.4699931500605203,-0.9650324120338921,106
다라001457,23,13,2,2,0,목포시,900150.0,1645750.0,True,-0.5222600812027632,-0.1577738668811779,1.0755927719002591,-0.4699931500605203,-0.9828337590038106,107
다라015470,20,5,0,0,0,목포시,901550.0,1647050.0,True,-0.8309759224939706,-0.7292658735841112,-0.643246657705057,-0.4699931500605203,-1.003621892195293,108
다라036470,34,4,0,0,0,목포시,903650.0,1647050.0,True,-0.8695654026553715,-0.7292658735841112,-0.643246657705057,-0.4699931500605203,-1.0422113723566941,109
다라021450,23,4,0,0,0,목포시,902150.0,1645050.0,True,-0.8695654026553715,-0.7292658735841112,-0.643246657705057,-0.4699931500605203,-1.0422113723566941,109
나라973466,27,20,1,0,1,목포시,897350.0,1646650.0,True,-0.2521337200729569,-0.44351987023264455,-0.643246657705057,1.3985162026191091,-1.0732883627626275,110
다라017460,40,12,2,0,1,목포시,901750.0,1646050.0,True,-0.5608495613641642,-0.1577738668811779,-0.643246657705057,1.3985162026191091,-1.0962582007023682,111
나라972468,22,6,1,1,0,목포시,897250.0,1646850.0,True,-0.7923864423325697,-0.44351987023264455,0.21617305709760112,-0.4699931500605203,-1.108996266083755,112
나라975458,25,2,0,0,0,목포시,897550.0,1645850.0,True,-0.9467443629781733,-0.7292658735841112,-0.643246657705057,-0.4699931500605203,-1.119390332679496,113
나라971462,26,33,2,2,1,목포시,897150.0,1646250.0,True,0.24952952202525494,-0.1577738668811779,1.0755927719002591,1.3985162026191091,-1.145298832115607,114
나라972462,30,12,0,1,0,목포시,897250.0,1646250.0,True,-0.5608495613641642,-0.7292658735841112,0.21617305709760112,-0.4699931500605203,-1.1632053884668159,115
다라035469,22,0,0,0,0,목포시,903550.0,1646950.0,True,-1.0239233233009752,-0.7292658735841112,-0.643246657705057,-0.4699931500605203,-1.1965692930022978,116
나라979443,24,7,2,2,0,목포시,897950.0,1644350.0,True,-0.7537969621711688,-0.1577738668811779,1.0755927719002591,-0.4699931500605203,-1.2143706399722163,117
다라021459,52,31,2,2,1,목포시,902150.0,1645950.0,True,0.1723505617024531,-0.1577738668811779,1.0755927719002591,1.3985162026191091,-1.222477792438409,118
다라010463,20,10,0,1,0,목포시,901050.0,1646350.0,True,-0.638028521686966,-0.7292658735841112,0.21617305709760112,-0.4699931500605203,-1.2403843487896178,119
나라992474,56,25,3,0,2,목포시,899250.0,1647450.0,True,-0.05918631926595235,0.12797213647028877,-0.643246657705057,3.267025555298739,-1.2431036315925046,120
나라962465,21,9,0,1,0,목포시,896250.0,1646550.0,True,-0.676618001848367,-0.7292658735841112,0.21617305709760112,-0.4699931500605203,-1.2789738289510189,121
다라016461,23,5,2,0,1,목포시,901650.0,1646150.0,True,-0.8309759224939706,-0.1577738668811779,-0.643246657705057,1.3985162026191091,-1.3663845618321746,122
나라978446,47,9,1,2,0,목포시,897850.0,1644650.0,True,-0.676618001848367,-0.44351987023264455,1.0755927719002591,-0.4699931500605203,-1.422937683000881,123
나라979445,40,12,2,3,0,목포시,897950.0,1644550.0,True,-0.5608495613641642,-0.1577738668811779,1.9350124867029173,-0.4699931500605203,-1.4511330965665405,124
나라986459,20,15,0,2,0,목포시,898650.0,1645950.0,True,-0.4450811208799615,-0.7292658735841112,1.0755927719002591,-0.4699931500605203,-1.4771468053839423,125
다라018464,28,7,1,2,0,목포시,901850.0,1646450.0,True,-0.7537969621711688,-0.44351987023264455,1.0755927719002591,-0.4699931500605203,-1.5001166433236828,126
나라995449,20,3,0,1,0,목포시,899550.0,1644950.0,True,-0.9081548828167724,-0.7292658735841112,0.21617305709760112,-0.4699931500605203,-1.5105107099194242,127
나라977468,29,8,2,3,0,목포시,897750.0,1646850.0,True,-0.7152074820097678,-0.1577738668811779,1.9350124867029173,-0.4699931500605203,-1.6054910172121444,128
나라973459,22,8,2,3,0,목포시,897350.0,1645950.0,True,-0.7152074820097678,-0.1577738668811779,1.9350124867029173,-0.4699931500605203,-1.6054910172121444,128
나라980439,27,13,0,0,1,목포시,898050.0,1643950.0,True,-0.5222600812027632,-0.7292658735841112,-0.643246657705057,1.3985162026191091,-1.6291607272439004,129
다라022461,36,24,0,1,1,목포시,902250.0,1646150.0,True,-0.09777579942735326,-0.7292658735841112,0.21617305709760112,1.3985162026191091,-1.6343863028698196,130
나라998462,25,19,2,2,1,목포시,899850.0,1646250.0,True,-0.2907232002343578,-0.1577738668811779,1.0755927719002591,1.3985162026191091,-1.6855515543752198,131
다라014454,24,3,4,2,1,목포시,901450.0,1645450.0,True,-0.9081548828167724,0.4137181398217554,1.0755927719002591,1.3985162026191091,-1.7314912302547012,132
나라992464,20,10,0,0,1,목포시,899250.0,1646450.0,True,-0.638028521686966,-0.7292658735841112,-0.643246657705057,1.3985162026191091,-1.7449291677281034,133
나라987455,22,7,0,0,1,목포시,898750.0,1645550.0,True,-0.7537969621711688,-0.7292658735841112,-0.643246657705057,1.3985162026191091,-1.860697608212306,134
다라035466,21,5,0,0,1,목포시,903550.0,1646650.0,True,-0.8309759224939706,-0.7292658735841112,-0.643246657705057,1.3985162026191091,-1.9378765685351076,135
나라976448,27,27,0,2,1,목포시,897650.0,1644850.0,True,0.01799264105684947,-0.7292658735841112,1.0755927719002591,1.3985162026191091,-1.948327719786946,136
나라978447,47,17,3,1,2,목포시,897850.0,1644750.0,True,-0.36790216055715963,0.12797213647028877,0.21617305709760112,3.267025555298739,-1.9815293302850407,137
다라041463,29,3,0,0,1,목포시,904150.0,1646350.0,True,-0.9081548828167724,-0.7292658735841112,-0.643246657705057,1.3985162026191091,-2.0150555288579097,138
다라012455,33,15,1,4,0,목포시,901250.0,1645550.0,True,-0.4450811208799615,-0.44351987023264455,2.7944322015055754,-0.4699931500605203,-2.0508205168351337,139
다라014460,31,3,1,1,1,목포시,901450.0,1646050.0,True,-0.9081548828167724,-0.44351987023264455,0.21617305709760112,1.3985162026191091,-2.159019382907772,140
나라972465,26,8,0,3,0,목포시,897250.0,1646550.0,True,-0.7152074820097678,-0.7292658735841112,1.9350124867029173,-0.4699931500605203,-2.176983023915078,141
나라978444,23,11,3,1,2,목포시,897850.0,1644450.0,True,-0.5994390415255652,0.12797213647028877,0.21617305709760112,3.267025555298739,-2.2130662112534463,142
나라979444,37,9,1,4,0,목포시,897950.0,1644450.0,True,-0.676618001848367,-0.44351987023264455,2.7944322015055754,-0.4699931500605203,-2.282357397803539,143
다라020465,20,1,0,3,0,목포시,902050.0,1646550.0,True,-0.9853338431395743,-0.7292658735841112,1.9350124867029173,-0.4699931500605203,-2.447109385044884,144
나라978445,72,13,1,5,0,목포시,897850.0,1644550.0,True,-0.5222600812027632,-0.44351987023264455,3.6538519163082337,-0.4699931500605203,-2.5577093345592643,145
나라987462,21,5,0,4,0,목포시,898750.0,1646250.0,True,-0.8309759224939706,-0.7292658735841112,2.7944322015055754,-0.4699931500605203,-2.7224613218006093,146
다라015457,66,16,1,2,2,목포시,901550.0,1645750.0,True,-0.40649164071856053,-0.44351987023264455,1.0755927719002591,3.267025555298739,-3.021320674550704,147
다라016472,72,8,0,5,0,목포시,901650.0,1647250.0,True,-0.7152074820097678,-0.7292658735841112,3.6538519163082337,-0.4699931500605203,-3.036402738717736,148
다라026462,23,0,0,5,0,목포시,902650.0,1646250.0,True,-1.0239233233009752,-0.7292658735841112,3.6538519163082337,-0.4699931500605203,-3.345118580008943,149
다라064665,23,145,1,0,0,무안군,906450.0,1666550.0,True,7.292197666672745,-0.35546278372527046,-0.5112698945377521,-0.5179697702828122,7.451354715357757,1
다라050469,60,39,8,0,0,무안군,905050.0,1646950.0,True,1.4183713421513116,3.3413501670175423,-0.5112698945377521,-0.5179697702828122,5.274341341579136,2
다라067664,18,59,5,0,0,무안군,906750.0,1666450.0,True,2.5266404599855443,1.7570017595563368,-0.5112698945377521,-0.5179697702828122,4.798262051952164,3
다라049468,56,44,5,0,0,무안군,904950.0,1646850.0,True,1.6954386216098698,1.7570017595563368,-0.5112698945377521,-0.5179697702828122,3.9670602135764885,4
다라055470,38,36,5,0,0,무안군,905550.0,1647050.0,True,1.2521309744761766,1.7570017595563368,-0.5112698945377521,-0.5179697702828122,3.5237525664427953,5
다라063664,15,63,2,0,0,무안군,906350.0,1666450.0,True,2.748294283552391,0.17265335209513133,-0.5112698945377521,-0.5179697702828122,3.4355674680578043,6
다라053468,60,15,7,0,0,무안군,905350.0,1646850.0,True,0.08844840075023208,2.8132340311971404,-0.5112698945377521,-0.5179697702828122,3.416302264357655,7
다라066662,14,15,7,0,0,무안군,906650.0,1666250.0,True,0.08844840075023208,2.8132340311971404,-0.5112698945377521,-0.5179697702828122,3.416302264357655,7
다라052470,56,30,5,0,0,무안군,905250.0,1647050.0,True,0.9196502391259067,1.7570017595563368,-0.5112698945377521,-0.5179697702828122,3.1912718310925254,8
다라057456,16,5,7,0,0,무안군,905750.0,1645650.0,True,-0.46568615816688436,2.8132340311971404,-0.5112698945377521,-0.5179697702828122,2.8621677054405383,9
다라047469,32,23,6,1,0,무안군,904750.0,1646950.0,True,0.5317560478839253,2.2851178953767386,0.5521714861007722,-0.5179697702828122,2.799773085351684,10
다라063663,23,24,4,0,0,무안군,906350.0,1666350.0,True,0.5871695037756369,1.228885623735935,-0.5112698945377521,-0.5179697702828122,2.330674959921854,11
다라053469,24,61,1,1,0,무안군,905350.0,1646950.0,True,2.6374673717689676,-0.35546278372527046,0.5521714861007722,-0.5179697702828122,2.264903730134717,12
다라053470,37,41,2,0,0,무안군,905350.0,1647050.0,True,1.5291982539347349,0.17265335209513133,-0.5112698945377521,-0.5179697702828122,2.2164714384401485,13
다라050468,24,35,2,0,0,무안군,905050.0,1646850.0,True,1.196717518584465,0.17265335209513133,-0.5112698945377521,-0.5179697702828122,1.8839907030898784,14
다라071465,12,2,5,0,0,무안군,907150.0,1646550.0,True,-0.6319265258420192,1.7570017595563368,-0.5112698945377521,-0.5179697702828122,1.6396950661245995,15
다라050467,28,21,5,0,1,무안군,905050.0,1646750.0,True,0.4209291361005019,1.7570017595563368,-0.5112698945377521,1.9306145983268455,1.4682585437622921,16
다라052469,53,27,2,0,0,무안군,905250.0,1646950.0,True,0.7534098714507718,0.17265335209513133,-0.5112698945377521,-0.5179697702828122,1.4406830559561852,17
다라054470,32,25,2,0,0,무안군,905450.0,1647050.0,True,0.6425829596673485,0.17265335209513133,-0.5112698945377521,-0.5179697702828122,1.3298561441727619,18
다라074464,14,5,4,0,0,무안군,907450.0,1646450.0,True,-0.46568615816688436,1.228885623735935,-0.5112698945377521,-0.5179697702828122,1.2778192979793326,19
다라047470,17,12,3,0,0,무안군,904750.0,1647050.0,True,-0.07779196692490285,0.7007694879155332,-0.5112698945377521,-0.5179697702828122,1.1375973534009125,20
다라066664,44,14,5,0,1,무안군,906650.0,1666450.0,True,0.03303494485852043,1.7570017595563368,-0.5112698945377521,1.9306145983268455,1.0803643525203106,21
다라062663,30,11,4,1,0,무안군,906250.0,1666350.0,True,-0.1332054228166145,1.228885623735935,0.5521714861007722,-0.5179697702828122,1.0785793430103405,22
다라049470,23,9,3,0,0,무안군,904950.0,1647050.0,True,-0.2440323346000378,0.7007694879155332,-0.5112698945377521,-0.5179697702828122,0.9713569857257776,23
다라052467,21,9,3,0,0,무안군,905250.0,1646750.0,True,-0.2440323346000378,0.7007694879155332,-0.5112698945377521,-0.5179697702828122,0.9713569857257776,23
다라060466,42,31,3,0,1,무안군,906050.0,1646650.0,True,0.9750636950176184,0.7007694879155332,-0.5112698945377521,1.9306145983268455,0.9661608310386048,24
다라0666,13,6,4,1,0,무안군,906500.0,1666500.0,True,-0.4102727022751727,1.228885623735935,0.5521714861007722,-0.5179697702828122,0.8015120635517823,25
다라049467,38,15,2,0,0,무안군,904950.0,1646750.0,True,0.08844840075023208,0.17265335209513133,-0.5112698945377521,-0.5179697702828122,0.7757215852556456,26
다라048469,18,14,2,0,0,무안군,904850.0,1646950.0,True,0.03303494485852043,0.17265335209513133,-0.5112698945377521,-0.5179697702828122,0.720308129363934,27
다라057468,11,14,2,0,0,무안군,905750.0,1646850.0,True,0.03303494485852043,0.17265335209513133,-0.5112698945377521,-0.5179697702828122,0.720308129363934,27
다라053459,149,2,3,0,0,무안군,905350.0,1645950.0,True,-0.6319265258420192,0.7007694879155332,-0.5112698945377521,-0.5179697702828122,0.583462794483796,28
다라061464,32,20,1,0,0,무안군,906150.0,1646450.0,True,0.3655156802087903,-0.35546278372527046,-0.5112698945377521,-0.5179697702828122,0.524672728893802,29
다라060465,34,10,2,0,0,무안군,906050.0,1646550.0,True,-0.18861887870832614,0.17265335209513133,-0.5112698945377521,-0.5179697702828122,0.49865430579708736,30
다라062669,46,9,2,0,0,무안군,906250.0,1666950.0,True,-0.2440323346000378,0.17265335209513133,-0.5112698945377521,-0.5179697702828122,0.4432408499053757,31
다라022577,23,18,1,0,0,무안군,902250.0,1657750.0,True,0.25468876842536703,-0.35546278372527046,-0.5112698945377521,-0.5179697702828122,0.4138458171103787,32
다라060463,19,18,4,3,0,무안군,906050.0,1646350.0,True,0.25468876842536703,1.228885623735935,2.6790542473778207,-0.5179697702828122,0.4030321536137978,33
다라054463,44,8,2,0,0,무안군,905450.0,1646350.0,True,-0.2994457904917494,0.17265335209513133,-0.5112698945377521,-0.5179697702828122,0.38782739401366406,34
다라070460,17,8,2,0,0,무안군,907050.0,1646050.0,True,-0.2994457904917494,0.17265335209513133,-0.5112698945377521,-0.5179697702828122,0.38782739401366406,34
다라053467,39,6,2,0,0,무안군,905350.0,1646750.0,True,-0.4102727022751727,0.17265335209513133,-0.5112698945377521,-0.5179697702828122,0.27700048223024076,35
다라031577,17,5,2,0,0,무안군,903150.0,1657750.0,True,-0.46568615816688436,0.17265335209513133,-0.5112698945377521,-0.5179697702828122,0.22158702633852911,36
다라052468,40,4,2,0,0,무안군,905250.0,1646850.0,True,-0.5210996140585961,0.17265335209513133,-0.5112698945377521,-0.5179697702828122,0.1661735704468174,37
다라078509,18,4,2,0,0,무안군,907850.0,1650950.0,True,-0.5210996140585961,0.17265335209513133,-0.5112698945377521,-0.5179697702828122,0.1661735704468174,37
다라050466,35,23,1,1,0,무안군,905050.0,1646650.0,True,0.5317560478839253,-0.35546278372527046,0.5521714861007722,-0.5179697702828122,0.15919240624967484,38
다라058463,14,6,4,0,1,무안군,905850.0,1646350.0,True,-0.4102727022751727,1.228885623735935,-0.5112698945377521,1.9306145983268455,0.10894056956621545,39
다라048468,32,19,2,2,0,무안군,904850.0,1646850.0,True,0.3101022243170787,0.17265335209513133,1.6156128667392964,-0.5179697702828122,-0.06606597181603208,40
다라060467,31,8,1,0,0,무안군,906050.0,1646750.0,True,-0.2994457904917494,-0.35546278372527046,-0.5112698945377521,-0.5179697702828122,-0.14028874180673773,41
다라048465,17,8,1,0,0,무안군,904850.0,1646550.0,True,-0.2994457904917494,-0.35546278372527046,-0.5112698945377521,-0.5179697702828122,-0.14028874180673773,41
다라064664,17,8,1,0,0,무안군,906450.0,1666450.0,True,-0.2994457904917494,-0.35546278372527046,-0.5112698945377521,-0.5179697702828122,-0.14028874180673773,41
다라061467,16,8,1,0,0,무안군,906150.0,1646750.0,True,-0.2994457904917494,-0.35546278372527046,-0.5112698945377521,-0.5179697702828122,-0.14028874180673773,41
다라053466,25,14,0,0,0,무안군,905350.0,1646650.0,True,0.03303494485852043,-0.8835789195456722,-0.5112698945377521,-0.5179697702828122,-0.3359241422768697,42
다라061465,32,3,1,0,0,무안군,906150.0,1646550.0,True,-0.5765130699503076,-0.35546278372527046,-0.5112698945377521,-0.5179697702828122,-0.41735602126529586,43
다라069462,13,3,1,0,0,무안군,906950.0,1646250.0,True,-0.5765130699503076,-0.35546278372527046,-0.5112698945377521,-0.5179697702828122,-0.41735602126529586,43
다라056467,12,3,1,0,0,무안군,905650.0,1646750.0,True,-0.5765130699503076,-0.35546278372527046,-0.5112698945377521,-0.5179697702828122,-0.41735602126529586,43
다라068664,16,12,0,0,0,무안군,906850.0,1666450.0,True,-0.07779196692490285,-0.8835789195456722,-0.5112698945377521,-0.5179697702828122,-0.446751054060293,44
다라024576,12,12,0,0,0,무안군,902450.0,1657650.0,True,-0.07779196692490285,-0.8835789195456722,-0.5112698945377521,-0.5179697702828122,-0.446751054060293,44
다라066665,19,2,1,0,0,무안군,906650.0,1666550.0,True,-0.6319265258420192,-0.35546278372527046,-0.5112698945377521,-0.5179697702828122,-0.4727694771570075,45
다라066663,12,2,1,0,0,무안군,906650.0,1666350.0,True,-0.6319265258420192,-0.35546278372527046,-0.5112698945377521,-0.5179697702828122,-0.4727694771570075,45
다라050470,41,11,0,0,0,무안군,905050.0,1647050.0,True,-0.1332054228166145,-0.8835789195456722,-0.5112698945377521,-0.5179697702828122,-0.5021645099520045,46
다라059463,26,11,0,0,0,무안군,905950.0,1646350.0,True,-0.1332054228166145,-0.8835789195456722,-0.5112698945377521,-0.5179697702828122,-0.5021645099520045,46
다라070464,12,1,1,0,0,무안군,907050.0,1646450.0,True,-0.6873399817337309,-0.35546278372527046,-0.5112698945377521,-0.5179697702828122,-0.5281829330487191,47
다라062466,18,9,0,0,0,무안군,906250.0,1646650.0,True,-0.2440323346000378,-0.8835789195456722,-0.5112698945377521,-0.5179697702828122,-0.6129914217354278,48
다라059663,15,7,0,0,0,무안군,905950.0,1666350.0,True,-0.35485924638346106,-0.8835789195456722,-0.5112698945377521,-0.5179697702828122,-0.723818333518851,49
다라059465,15,6,0,0,0,무안군,905950.0,1646550.0,True,-0.4102727022751727,-0.8835789195456722,-0.5112698945377521,-0.5179697702828122,-0.7792317894105627,50
다라060464,15,6,0,0,0,무안군,906050.0,1646450.0,True,-0.4102727022751727,-0.8835789195456722,-0.5112698945377521,-0.5179697702828122,-0.7792317894105627,50
다라070459,23,9,2,0,1,무안군,907050.0,1645950.0,True,-0.2440323346000378,0.17265335209513133,-0.5112698945377521,1.9306145983268455,-0.7810513343994532,51
다라065664,29,6,1,1,0,무안군,906550.0,1666450.0,True,-0.4102727022751727,-0.35546278372527046,0.5521714861007722,-0.5179697702828122,-0.7828363439094232,52
다라080507,12,5,0,0,0,무안군,908050.0,1650750.0,True,-0.46568615816688436,-0.8835789195456722,-0.5112698945377521,-0.5179697702828122,-0.8346452453022744,53
다라061663,28,4,0,0,0,무안군,906150.0,1666350.0,True,-0.5210996140585961,-0.8835789195456722,-0.5112698945377521,-0.5179697702828122,-0.8900587011939864,54
다라021578,17,4,0,0,0,무안군,902150.0,1657850.0,True,-0.5210996140585961,-0.8835789195456722,-0.5112698945377521,-0.5179697702828122,-0.8900587011939864,54
다라052461,17,4,0,0,0,무안군,905250.0,1646150.0,True,-0.5210996140585961,-0.8835789195456722,-0.5112698945377521,-0.5179697702828122,-0.8900587011939864,54
다라069459,17,4,0,0,0,무안군,906950.0,1645950.0,True,-0.5210996140585961,-0.8835789195456722,-0.5112698945377521,-0.5179697702828122,-0.8900587011939864,54
다라069666,13,4,0,0,0,무안군,906950.0,1666650.0,True,-0.5210996140585961,-0.8835789195456722,-0.5112698945377521,-0.5179697702828122,-0.8900587011939864,54
다라059468,11,16,1,0,1,무안군,905950.0,1646850.0,True,0.14386185664194373,-0.35546278372527046,-0.5112698945377521,1.9306145983268455,-0.9212732789778735,55
다라048463,44,15,1,0,1,무안군,904850.0,1646350.0,True,0.08844840075023208,-0.35546278372527046,-0.5112698945377521,1.9306145983268455,-0.9766867348695851,56
다라081507,13,2,0,0,0,무안군,908150.0,1650750.0,True,-0.6319265258420192,-0.8835789195456722,-0.5112698945377521,-0.5179697702828122,-1.0008856129774093,57
다라058468,14,1,0,0,0,무안군,905850.0,1646850.0,True,-0.6873399817337309,-0.8835789195456722,-0.5112698945377521,-0.5179697702828122,-1.056299068869121,58
다라053460,22,0,0,0,0,무안군,905350.0,1646050.0,True,-0.7427534376254425,-0.8835789195456722,-0.5112698945377521,-0.5179697702828122,-1.1117125247608326,59
나라900805,15,0,0,0,0,무안군,890050.0,1680550.0,True,-0.7427534376254425,-0.8835789195456722,-0.5112698945377521,-0.5179697702828122,-1.1117125247608326,59
나라978654,11,0,0,0,0,무안군,897850.0,1665450.0,True,-0.7427534376254425,-0.8835789195456722,-0.5112698945377521,-0.5179697702828122,-1.1117125247608326,59
다라021577,17,9,0,1,0,무안군,902150.0,1657750.0,True,-0.2440323346000378,-0.8835789195456722,0.5521714861007722,-0.5179697702828122,-1.14471211205469,60
다라081508,18,11,1,0,1,무안군,908150.0,1650850.0,True,-0.1332054228166145,-0.35546278372527046,-0.5112698945377521,1.9306145983268455,-1.1983405584364317,61
다라054467,30,6,1,2,0,무안군,905450.0,1646750.0,True,-0.4102727022751727,-0.35546278372527046,1.6156128667392964,-0.5179697702828122,-1.3145570342286852,62
다라054469,19,6,1,2,0,무안군,905450.0,1646950.0,True,-0.4102727022751727,-0.35546278372527046,1.6156128667392964,-0.5179697702828122,-1.3145570342286852,62
다라067663,14,18,1,1,1,무안군,906750.0,1666350.0,True,0.25468876842536703,-0.35546278372527046,0.5521714861007722,1.9306145983268455,-1.3421670575137123,63
다라006701,15,8,1,0,1,무안군,900650.0,1670150.0,True,-0.2994457904917494,-0.35546278372527046,-0.5112698945377521,1.9306145983268455,-1.3645809261115667,64
다라049469,40,17,1,1,1,무안군,904950.0,1646950.0,True,0.19927531253365535,-0.35546278372527046,0.5521714861007722,1.9306145983268455,-1.397580513405424,65
다라065665,23,14,0,2,0,무안군,906550.0,1666550.0,True,0.03303494485852043,-0.8835789195456722,1.6156128667392964,-0.5179697702828122,-1.3993655229153938,66
다라062664,16,12,0,2,0,무안군,906250.0,1666450.0,True,-0.07779196692490285,-0.8835789195456722,1.6156128667392964,-0.5179697702828122,-1.5101924346988171,67
나라988691,16,2,0,1,0,무안군,898850.0,1669150.0,True,-0.6319265258420192,-0.8835789195456722,0.5521714861007722,-0.5179697702828122,-1.5326063032966715,68
다라048466,32,12,1,1,1,무안군,904850.0,1646650.0,True,-0.07779196692490285,-0.35546278372527046,0.5521714861007722,1.9306145983268455,-1.6746477928639822,69
다라081509,11,1,1,0,1,무안군,908150.0,1650950.0,True,-0.6873399817337309,-0.35546278372527046,-0.5112698945377521,1.9306145983268455,-1.752475117353548,70
다라063662,24,7,0,2,0,무안군,906350.0,1666250.0,True,-0.35485924638346106,-0.8835789195456722,1.6156128667392964,-0.5179697702828122,-1.7872597141573754,71
다라070458,12,8,0,0,1,무안군,907050.0,1645850.0,True,-0.2994457904917494,-0.8835789195456722,-0.5112698945377521,1.9306145983268455,-1.8926970619319683,72
나라901804,12,4,0,0,1,무안군,890150.0,1680450.0,True,-0.5210996140585961,-0.8835789195456722,-0.5112698945377521,1.9306145983268455,-2.114350885498815,73
다라024577,25,2,0,0,1,무안군,902450.0,1657750.0,True,-0.6319265258420192,-0.8835789195456722,-0.5112698945377521,1.9306145983268455,-2.225177797282238,74
다라064663,15,8,0,3,0,무안군,906450.0,1666350.0,True,-0.2994457904917494,-0.8835789195456722,2.6790542473778207,-0.5179697702828122,-2.2635669485849257,75
다라080509,19,3,1,4,0,무안군,908050.0,1650950.0,True,-0.5765130699503076,-0.35546278372527046,3.7424956280163446,-0.5179697702828122,-2.544238782542344,76
다라023577,15,12,0,4,0,무안군,902350.0,1657750.0,True,-0.07779196692490285,-0.8835789195456722,3.7424956280163446,-0.5179697702828122,-2.5736338153373413,77
다라025577,31,5,0,1,1,무안군,902550.0,1657750.0,True,-0.46568615816688436,-0.8835789195456722,0.5521714861007722,1.9306145983268455,-2.590658119926365,78
다라060468,22,4,1,2,1,무안군,906050.0,1646850.0,True,-0.5210996140585961,-0.35546278372527046,1.6156128667392964,1.9306145983268455,-2.6496761303169376,79
나라901805,12,3,0,2,1,무안군,890150.0,1680550.0,True,-0.5765130699503076,-0.8835789195456722,1.6156128667392964,1.9306145983268455,-3.2332057220290507,80
다라061463,11,3,0,2,1,무안군,906150.0,1646350.0,True,-0.5765130699503076,-0.8835789195456722,1.6156128667392964,1.9306145983268455,-3.2332057220290507,80
다라008700,12,1,1,3,1,무안군,900850.0,1670050.0,True,-0.6873399817337309,-0.35546278372527046,2.6790542473778207,1.9306145983268455,-3.3476371883113343,81
다라061468,15,0,0,3,1,무안군,906150.0,1646850.0,True,-0.7427534376254425,-0.8835789195456722,2.6790542473778207,1.9306145983268455,-3.9311667800234478,82
다라857500,23,100,0,1,1,보성군,985750.0,1650050.0,True,7.3439690846391,-0.414510871730045,-0.7255477807173916,1.2886396917390393,6.6479122573982306,1
다라618415,27,2,8,3,0,보성군,961850.0,1641550.0,True,-0.4303361582594087,6.705322925044846,-0.15907732090595217,-0.45341026190818035,6.5812305581925035,2
다라619415,17,32,2,1,0,보성군,961950.0,1641550.0,True,1.9495532018115633,1.3654475774636776,-0.7255477807173916,-0.45341026190818035,3.9044798005880272,3
다라860499,12,13,3,3,0,보성군,986050.0,1649950.0,True,0.44228994043328107,2.2554268020605392,-0.15907732090595217,-0.45341026190818035,3.003960533900887,4
다라858498,24,15,2,4,0,보성군,985850.0,1649850.0,True,0.6009492311046792,1.3654475774636776,0.12415790899976753,-0.45341026190818035,2.1310229850225633,5
다라857497,25,24,3,14,1,보성군,985750.0,1649750.0,True,1.3149160391259707,2.2554268020605392,2.9565102080569643,1.2886396917390393,1.4477678912885081,6
다라857498,40,17,2,4,1,보성군,985750.0,1649850.0,True,0.7596085217760774,1.3654475774636776,0.12415790899976753,1.2886396917390393,1.4186572988703516,7
다라858501,8,17,0,0,0,보성군,985850.0,1650150.0,True,0.7596085217760774,-0.414510871730045,-1.0087830106231113,-0.45341026190818035,1.0761942863116782,8
다라6241,7,5,1,0,0,보성군,962500.0,1641500.0,True,-0.19234722225231146,0.4754683528668164,-1.0087830106231113,-0.45341026190818035,1.0142177668801509,9
다라615414,7,3,1,0,0,보성군,961550.0,1641450.0,True,-0.3510065129237096,0.4754683528668164,-1.0087830106231113,-0.45341026190818035,0.8555584762087526,10
다라858500,6,14,0,0,0,보성군,985850.0,1650050.0,True,0.5216195857689802,-0.414510871730045,-1.0087830106231113,-0.45341026190818035,0.838205350304581,11
다라616416,25,2,1,0,0,보성군,961650.0,1641650.0,True,-0.4303361582594087,0.4754683528668164,-1.0087830106231113,-0.45341026190818035,0.7762288308730535,12
다라663555,9,2,1,0,0,보성군,966350.0,1655550.0,True,-0.4303361582594087,0.4754683528668164,-1.0087830106231113,-0.45341026190818035,0.7762288308730535,12
다라627420,7,0,1,0,0,보성군,962750.0,1642050.0,True,-0.5889954489308068,0.4754683528668164,-1.0087830106231113,-0.45341026190818035,0.6175695402016554,13
다라769458,6,1,1,1,0,보성군,976950.0,1645850.0,True,-0.5096658035951077,0.4754683528668164,-0.7255477807173916,-0.45341026190818035,0.5552815705844947,14
다라615416,10,11,0,1,0,보성군,961550.0,1641650.0,True,0.28363064976188296,-0.414510871730045,-0.7255477807173916,-0.45341026190818035,0.4585987993446239,15
다라616420,16,0,1,2,0,보성군,961650.0,1642050.0,True,-0.5889954489308068,0.4754683528668164,-0.44231255081167187,-0.45341026190818035,0.3343343102959357,16
다라623308,8,9,0,1,0,보성군,962350.0,1630850.0,True,0.1249713590904848,-0.414510871730045,-0.7255477807173916,-0.45341026190818035,0.2999395086732257,17
다라616418,16,7,0,0,0,보성군,961650.0,1641850.0,True,-0.03368793158091333,-0.414510871730045,-1.0087830106231113,-0.45341026190818035,0.28289783295468746,18
다라664554,7,7,0,0,0,보성군,966450.0,1655450.0,True,-0.03368793158091333,-0.414510871730045,-1.0087830106231113,-0.45341026190818035,0.28289783295468746,18
다라618416,37,15,1,5,1,보성군,961850.0,1641650.0,True,0.6009492311046792,0.4754683528668164,0.40739313890548723,1.2886396917390393,0.22840116864923232,19
다라855502,6,4,1,5,0,보성군,985550.0,1650250.0,True,-0.2716768675880105,0.4754683528668164,0.40739313890548723,-0.45341026190818035,0.22680004678015242,20
다라863501,7,5,0,0,0,보성군,986350.0,1650150.0,True,-0.19234722225231146,-0.414510871730045,-1.0087830106231113,-0.45341026190818035,0.12423854228328934,21
다라616419,9,4,0,0,0,보성군,961650.0,1641950.0,True,-0.2716768675880105,-0.414510871730045,-1.0087830106231113,-0.45341026190818035,0.04490889694759026,22
다라617415,33,20,0,9,0,보성군,961750.0,1641550.0,True,0.9975974577831745,-0.414510871730045,1.540334058528366,-0.45341026190818035,0.039624687743036735,23
다라611411,6,18,0,8,0,보성군,961150.0,1641150.0,True,0.8389381671117764,-0.414510871730045,1.2570988286226463,-0.45341026190818035,0.02258301202449836,24
다라860498,8,7,1,2,1,보성군,986050.0,1649850.0,True,-0.03368793158091333,0.4754683528668164,-0.44231255081167187,1.2886396917390393,0.01861685082221931,25
다라620306,11,7,0,2,0,보성군,962050.0,1630650.0,True,-0.03368793158091333,-0.414510871730045,-0.44231255081167187,-0.45341026190818035,-0.00033739695103224276,26
다라724427,10,3,1,0,1,보성군,972450.0,1642750.0,True,-0.3510065129237096,0.4754683528668164,-1.0087830106231113,1.2886396917390393,-0.015466500614857215,27
다라612411,7,3,0,0,0,보성군,961250.0,1641150.0,True,-0.3510065129237096,-0.414510871730045,-1.0087830106231113,-0.45341026190818035,-0.034420748388108824,28
다라867502,10,8,0,3,0,보성군,986750.0,1650250.0,True,0.045641713754785734,-0.414510871730045,-0.15907732090595217,-0.45341026190818035,-0.06262536656819306,29
다라616415,31,15,1,1,2,보성군,961650.0,1641550.0,True,0.6009492311046792,0.4754683528668164,-0.7255477807173916,3.0306896453862584,-0.07615334836293797,30
다라616414,15,2,0,0,0,보성군,961650.0,1641450.0,True,-0.4303361582594087,-0.414510871730045,-1.0087830106231113,-0.45341026190818035,-0.11375039372380791,31
다라612412,28,3,0,1,0,보성군,961250.0,1641250.0,True,-0.3510065129237096,-0.414510871730045,-0.7255477807173916,-0.45341026190818035,-0.17603836334096867,32
다라855503,7,3,0,1,0,보성군,985550.0,1650350.0,True,-0.3510065129237096,-0.414510871730045,-0.7255477807173916,-0.45341026190818035,-0.17603836334096867,32
다라858499,19,1,0,0,0,보성군,985850.0,1649950.0,True,-0.5096658035951077,-0.414510871730045,-1.0087830106231113,-0.45341026190818035,-0.193080039059507,33
다라863504,8,4,0,2,0,보성군,986350.0,1650450.0,True,-0.2716768675880105,-0.414510871730045,-0.44231255081167187,-0.45341026190818035,-0.23832633295812944,34
다라617417,16,2,0,1,0,보성군,961750.0,1641750.0,True,-0.4303361582594087,-0.414510871730045,-0.7255477807173916,-0.45341026190818035,-0.25536800867666776,35
다라624414,8,2,0,1,0,보성군,962450.0,1641450.0,True,-0.4303361582594087,-0.414510871730045,-0.7255477807173916,-0.45341026190818035,-0.25536800867666776,35
다라613412,16,12,0,7,0,보성군,961350.0,1641250.0,True,0.362960295097582,-0.414510871730045,0.9738635987169266,-0.45341026190818035,-0.3117772450368361,36
다라615425,6,0,0,1,0,보성군,961550.0,1642550.0,True,-0.5889954489308068,-0.414510871730045,-0.7255477807173916,-0.45341026190818035,-0.4140272993480659,37
다라859499,14,5,0,4,0,보성군,985950.0,1649950.0,True,-0.19234722225231146,-0.414510871730045,0.12415790899976753,-0.45341026190818035,-0.44223191752815005,38
다라685424,6,1,0,2,0,보성군,968550.0,1642450.0,True,-0.5096658035951077,-0.414510871730045,-0.44231255081167187,-0.45341026190818035,-0.4763152689652267,39
다라617416,13,4,0,4,0,보성군,961750.0,1641650.0,True,-0.2716768675880105,-0.414510871730045,0.12415790899976753,-0.45341026190818035,-0.5215615628638491,40
다라856500,13,4,0,4,0,보성군,985650.0,1650050.0,True,-0.2716768675880105,-0.414510871730045,0.12415790899976753,-0.45341026190818035,-0.5215615628638491,40
다라663554,8,2,0,3,0,보성군,966350.0,1655450.0,True,-0.4303361582594087,-0.414510871730045,-0.15907732090595217,-0.45341026190818035,-0.5386032385823875,41
다라856501,9,5,0,5,0,보성군,985650.0,1650150.0,True,-0.19234722225231146,-0.414510871730045,0.40739313890548723,-0.45341026190818035,-0.5838495324810099,42
다라856498,12,1,0,3,0,보성군,985650.0,1649850.0,True,-0.5096658035951077,-0.414510871730045,-0.15907732090595217,-0.45341026190818035,-0.6179328839180865,43
다라857501,19,6,1,6,1,보성군,985750.0,1650150.0,True,-0.1130175769166124,0.4754683528668164,0.6906283688112069,1.2886396917390393,-0.6271832543249192,44
다라856499,9,2,1,4,1,보성군,985650.0,1649950.0,True,-0.4303361582594087,0.4754683528668164,0.12415790899976753,1.2886396917390393,-0.6612666057619957,45
다라857502,12,4,0,5,0,보성군,985750.0,1650250.0,True,-0.2716768675880105,-0.414510871730045,0.40739313890548723,-0.45341026190818035,-0.663179177816709,46
다라858497,10,18,0,13,0,보성군,985850.0,1649750.0,True,0.8389381671117764,-0.414510871730045,2.6732749781512446,-0.45341026190818035,-0.6855050627398007,47
다라618413,8,0,0,3,0,보성군,961850.0,1641350.0,True,-0.5889954489308068,-0.414510871730045,-0.15907732090595217,-0.45341026190818035,-0.6972625292537856,48
다라694409,6,0,0,3,0,보성군,969450.0,1640950.0,True,-0.5889954489308068,-0.414510871730045,-0.15907732090595217,-0.45341026190818035,-0.6972625292537856,48
다라620415,17,5,0,6,0,보성군,962050.0,1641550.0,True,-0.19234722225231146,-0.414510871730045,0.6906283688112069,-0.45341026190818035,-0.7254671474338698,49
다라616417,7,5,0,6,0,보성군,961650.0,1641750.0,True,-0.19234722225231146,-0.414510871730045,0.6906283688112069,-0.45341026190818035,-0.7254671474338698,49
다라725427,9,3,0,5,0,보성군,972550.0,1642750.0,True,-0.3510065129237096,-0.414510871730045,0.40739313890548723,-0.45341026190818035,-0.7425088231524081,50
다라856497,12,6,0,7,0,보성군,985650.0,1649750.0,True,-0.1130175769166124,-0.414510871730045,0.9738635987169266,-0.45341026190818035,-0.7877551170510304,51
다라769459,16,4,0,6,0,보성군,976950.0,1645950.0,True,-0.2716768675880105,-0.414510871730045,0.6906283688112069,-0.45341026190818035,-0.8047967927695687,52
다라613411,11,5,0,7,0,보성군,961350.0,1641150.0,True,-0.19234722225231146,-0.414510871730045,0.9738635987169266,-0.45341026190818035,-0.8670847623867295,53
다라767458,6,3,0,6,0,보성군,976750.0,1645850.0,True,-0.3510065129237096,-0.414510871730045,0.6906283688112069,-0.45341026190818035,-0.8841264381052678,54
다라859498,27,13,0,12,0,보성군,985950.0,1649850.0,True,0.44228994043328107,-0.414510871730045,2.390039748245525,-0.45341026190818035,-0.9405356744654363,55
다라621308,7,1,0,0,1,보성군,962150.0,1630850.0,True,-0.5096658035951077,-0.414510871730045,-1.0087830106231113,1.2886396917390393,-1.0641050158831167,56
다라621307,8,2,0,1,1,보성군,962150.0,1630750.0,True,-0.4303361582594087,-0.414510871730045,-0.7255477807173916,1.2886396917390393,-1.1263929855002774,57
다라616421,9,1,0,7,0,보성군,961650.0,1642150.0,True,-0.5096658035951077,-0.414510871730045,0.9738635987169266,-0.45341026190818035,-1.1844033437295258,58
다라695408,5,0,0,7,0,보성군,969550.0,1640850.0,True,-0.5889954489308068,-0.414510871730045,0.9738635987169266,-0.45341026190818035,-1.263732989065225,59
다라858503,7,2,0,2,1,보성군,985850.0,1650350.0,True,-0.4303361582594087,-0.414510871730045,-0.44231255081167187,1.2886396917390393,-1.2680106004531373,60
다라768459,9,2,0,3,1,보성군,976850.0,1645950.0,True,-0.4303361582594087,-0.414510871730045,-0.15907732090595217,1.2886396917390393,-1.4096282154059971,61
다라614417,12,1,0,9,0,보성군,961450.0,1641750.0,True,-0.5096658035951077,-0.414510871730045,1.540334058528366,-0.45341026190818035,-1.4676385736352455,62
다라615417,13,4,0,11,0,보성군,961550.0,1641750.0,True,-0.2716768675880105,-0.414510871730045,2.106804518339805,-0.45341026190818035,-1.512884867533868,63
다라615418,14,2,0,12,0,보성군,961550.0,1641850.0,True,-0.4303361582594087,-0.414510871730045,2.390039748245525,-0.45341026190818035,-1.813161773158126,64
다라857499,32,9,0,1,3,보성군,985750.0,1649950.0,True,0.1249713590904848,-0.414510871730045,-0.7255477807173916,4.7727395990334776,-2.313135421797603,65
다라856502,18,3,0,9,2,보성군,985650.0,1650250.0,True,-0.3510065129237096,-0.414510871730045,1.540334058528366,3.0306896453862584,-3.0510292366110665,66
다라990613,29,151,23,2,0,순천시,999050.0,1661350.0,True,5.585565148389555,5.691404944558273,0.08591652684532525,-0.32975843553747036,11.398891047293901,1
라라017623,27,149,14,2,0,순천시,1001750.0,1662350.0,True,5.500257448900389,3.2146834322727016,0.08591652684532525,-0.32975843553747036,8.836861835519164,2
라라017624,28,73,19,3,0,순천시,1001750.0,1662450.0,True,2.2585648683121184,4.590639827986908,0.4686356009745013,-0.32975843553747036,6.779766113580511,3
라라017625,19,69,18,1,0,순천시,1001750.0,1662550.0,True,2.0879494693337883,4.315448548844067,-0.2968025472838508,-0.32975843553747036,6.716678509588516,4
라라019618,111,85,15,1,0,순천시,1001950.0,1661850.0,True,2.7704110652471083,3.489874711415543,-0.2968025472838508,-0.32975843553747036,6.5735662680733125,5
라라016623,31,96,16,7,0,순천시,1001650.0,1662350.0,True,3.239603412437516,3.765065990558384,1.9995118974912056,-0.32975843553747036,6.169792672019033,6
다라994610,44,88,10,0,0,순천시,999450.0,1661050.0,True,2.898372614480856,2.113918315701336,-0.6795216214130269,-0.32975843553747036,5.516930958657442,7
라라016625,23,98,14,3,1,순천시,1001650.0,1662550.0,True,3.324911111926681,3.2146834322727016,0.4686356009745013,2.4561317957273654,5.077210845848449,8
라라017621,28,59,14,2,0,순천시,1001750.0,1662150.0,True,1.6614109718879633,3.2146834322727016,0.08591652684532525,-0.32975843553747036,4.998015358506738,9
라라020637,23,119,1,0,0,순천시,1002050.0,1663750.0,True,4.220641956562914,-0.36280319658423565,-0.6795216214130269,-0.32975843553747036,4.362478788453927,10
라라015628,36,59,10,0,0,순천시,1001550.0,1662850.0,True,1.6614109718879633,2.113918315701336,-0.6795216214130269,-0.32975843553747036,4.279969316064548,11
라라017622,42,68,12,5,0,순천시,1001750.0,1662250.0,True,2.045295619589206,2.6643008739870186,1.2340737492328535,-0.32975843553747036,4.257438836728533,12
라라017641,90,14,23,3,1,순천시,1001750.0,1664150.0,True,-0.2580122666182501,5.691404944558273,0.4686356009745013,2.4561317957273654,3.9710089795890893,13
라라016628,46,67,7,1,0,순천시,1001650.0,1662850.0,True,2.0026417698446233,1.2883444782728124,-0.2968025472838508,-0.32975843553747036,3.604266739528096,14
라라018619,44,55,8,0,0,순천시,1001850.0,1661950.0,True,1.4907955729096332,1.5635357574156536,-0.6795216214130269,-0.32975843553747036,3.558971358800535,15
라라016613,25,100,1,0,0,순천시,1001650.0,1661350.0,True,3.410218811415846,-0.36280319658423565,-0.6795216214130269,-0.32975843553747036,3.552055643306859,16
라라016624,23,41,9,0,0,순천시,1001650.0,1662450.0,True,0.8936416764854779,1.838727036558495,-0.6795216214130269,-0.32975843553747036,3.2370087415192215,17
라라024613,20,91,1,0,0,순천시,1002450.0,1661350.0,True,3.0263341637146035,-0.36280319658423565,-0.6795216214130269,-0.32975843553747036,3.1681709956056165,18
라라042599,53,40,7,0,0,순천시,1004250.0,1659950.0,True,0.8509878267408953,1.2883444782728124,-0.6795216214130269,-0.32975843553747036,2.643972333488956,19
다라985620,34,23,10,1,0,순천시,998550.0,1662050.0,True,0.12587238108299253,2.113918315701336,-0.2968025472838508,-0.32975843553747036,2.553071188194989,20
라라015618,22,48,5,0,0,순천시,1001550.0,1661850.0,True,1.1922186246975555,0.7379619199871296,-0.6795216214130269,-0.32975843553747036,2.4348205731599335,21
라라018625,24,41,5,0,0,순천시,1001850.0,1662550.0,True,0.8936416764854779,0.7379619199871296,-0.6795216214130269,-0.32975843553747036,2.136243624947856,22
라라022614,46,39,6,1,0,순천시,1002250.0,1661450.0,True,0.8083339769963128,1.013153199129971,-0.2968025472838508,-0.32975843553747036,2.134767667536944,23
라라043599,60,50,3,0,0,순천시,1004350.0,1659950.0,True,1.2775263241867205,0.18757936170144698,-0.6795216214130269,-0.32975843553747036,1.9697457143634163,24
라라021621,36,50,3,0,0,순천시,1002150.0,1662150.0,True,1.2775263241867205,0.18757936170144698,-0.6795216214130269,-0.32975843553747036,1.9697457143634163,24
다라994600,23,28,6,0,0,순천시,999450.0,1660050.0,True,0.3391416298059051,1.013153199129971,-0.6795216214130269,-0.32975843553747036,1.8569348574111249,25
라라019612,23,15,8,0,0,순천시,1001950.0,1661250.0,True,-0.2153584168736676,1.5635357574156536,-0.6795216214130269,-0.32975843553747036,1.8528173690172347,26
라라000611,35,65,3,4,0,순천시,1000050.0,1661150.0,True,1.9173340703554584,0.18757936170144698,0.8513546751036773,-0.32975843553747036,1.844115312273802,27
라라016622,25,47,3,0,0,순천시,1001650.0,1662250.0,True,1.149564774952973,0.18757936170144698,-0.6795216214130269,-0.32975843553747036,1.8417841651296685,28
라라029621,63,25,6,0,0,순천시,1002950.0,1662150.0,True,0.2111800805721576,1.013153199129971,-0.6795216214130269,-0.32975843553747036,1.728973308177377,29
라라018620,61,31,4,0,0,순천시,1001850.0,1662050.0,True,0.4671031790396527,0.46277064084428826,-0.6795216214130269,-0.32975843553747036,1.4345138483591897,30
라라018623,25,36,3,0,0,순천시,1001850.0,1662350.0,True,0.6803724277625652,0.18757936170144698,-0.6795216214130269,-0.32975843553747036,1.3725918179392609,31
라라016621,52,43,5,5,0,순천시,1001650.0,1662150.0,True,0.9789493759746429,0.7379619199871296,1.2340737492328535,-0.32975843553747036,1.264753639114081,32
다라994599,32,34,5,3,0,순천시,999450.0,1659950.0,True,0.5950647282734003,0.7379619199871296,0.4686356009745013,-0.32975843553747036,1.2635880655420146,33
라라023614,31,39,2,0,0,순천시,1002350.0,1661450.0,True,0.8083339769963128,-0.08761191744139432,-0.6795216214130269,-0.32975843553747036,1.2253620880301672,34
라라016618,55,32,3,0,0,순천시,1001650.0,1661850.0,True,0.5097570287842352,0.18757936170144698,-0.6795216214130269,-0.32975843553747036,1.2019764189609308,35
다라994643,26,25,4,0,0,순천시,999450.0,1664350.0,True,0.2111800805721576,0.46277064084428826,-0.6795216214130269,-0.32975843553747036,1.1785907498916945,36
라라000612,38,37,3,2,0,순천시,1000050.0,1661250.0,True,0.7230262775071478,0.18757936170144698,0.08591652684532525,-0.32975843553747036,1.0325265935546672,37
라라017618,54,32,2,0,0,순천시,1001750.0,1661850.0,True,0.5097570287842352,-0.08761191744139432,-0.6795216214130269,-0.32975843553747036,0.9267851398180895,38
다라987618,45,17,4,0,0,순천시,998750.0,1661850.0,True,-0.13005071738450258,0.46277064084428826,-0.6795216214130269,-0.32975843553747036,0.8373599519350342,39
라라002609,22,34,2,1,0,순천시,1000250.0,1660950.0,True,0.5950647282734003,-0.08761191744139432,-0.2968025472838508,-0.32975843553747036,0.8207333022426665,40
라라022613,25,28,2,0,0,순천시,1002250.0,1661350.0,True,0.3391416298059051,-0.08761191744139432,-0.6795216214130269,-0.32975843553747036,0.7561697408397594,41
라라021641,29,15,4,0,0,순천시,1002150.0,1664150.0,True,-0.2153584168736676,0.46277064084428826,-0.6795216214130269,-0.32975843553747036,0.7520522524458693,42
라라015617,39,32,2,1,0,순천시,1001550.0,1661750.0,True,0.5097570287842352,-0.08761191744139432,-0.2968025472838508,-0.32975843553747036,0.7354256027535014,43
라라016626,25,21,3,0,0,순천시,1001650.0,1662650.0,True,0.040564681593827506,0.18757936170144698,-0.6795216214130269,-0.32975843553747036,0.7327840717705231,44
라라018618,57,58,4,10,0,순천시,1001850.0,1661850.0,True,1.6187571221433807,0.46277064084428826,3.147669119878734,-0.32975843553747036,0.672572420817037,45
라라020621,39,19,3,0,0,순천시,1002050.0,1662150.0,True,-0.04474301789533753,0.18757936170144698,-0.6795216214130269,-0.32975843553747036,0.647476372281358,46
라라015627,29,18,3,0,0,순천시,1001550.0,1662750.0,True,-0.08739686763992005,0.18757936170144698,-0.6795216214130269,-0.32975843553747036,0.6048225225367755,47
라라043600,26,37,2,3,0,순천시,1004350.0,1660050.0,True,0.7230262775071478,-0.08761191744139432,0.4686356009745013,-0.32975843553747036,0.565975777347238,48
라라028613,31,23,2,0,0,순천시,1002850.0,1661350.0,True,0.12587238108299253,-0.08761191744139432,-0.6795216214130269,-0.32975843553747036,0.5429004921168468,49
라라018622,21,33,3,4,0,순천시,1001850.0,1662250.0,True,0.5524108785288178,0.18757936170144698,0.8513546751036773,-0.32975843553747036,0.4791921204471612,50
라라015599,26,13,4,1,0,순천시,1001550.0,1659950.0,True,-0.30066611636283264,0.46277064084428826,-0.2968025472838508,-0.32975843553747036,0.47538501589211624,51
라라019609,19,2,5,0,0,순천시,1001950.0,1660950.0,True,-0.7698584635532404,0.7379619199871296,-0.6795216214130269,-0.32975843553747036,0.47274348490913776,52
다라985625,32,26,4,4,0,순천시,998550.0,1662550.0,True,0.2538339303167401,0.46277064084428826,0.8513546751036773,-0.32975843553747036,0.45580645137792486,53
라라018629,29,8,4,0,0,순천시,1001850.0,1662950.0,True,-0.5139353650857452,0.46277064084428826,-0.6795216214130269,-0.32975843553747036,0.4534753042337917,54
라라023622,30,12,4,1,0,순천시,1002350.0,1662250.0,True,-0.34331996610741516,0.46277064084428826,-0.2968025472838508,-0.32975843553747036,0.4327311661475337,55
다라990614,22,31,1,1,0,순천시,999050.0,1661450.0,True,0.4671031790396527,-0.36280319658423565,-0.2968025472838508,-0.32975843553747036,0.41758047386607766,56
라라017628,24,20,2,0,0,순천시,1001750.0,1662850.0,True,-0.0020891681507550115,-0.08761191744139432,-0.6795216214130269,-0.32975843553747036,0.4149389428830993,57
다라995643,17,7,4,0,0,순천시,999550.0,1664350.0,True,-0.5565892148303277,0.46277064084428826,-0.6795216214130269,-0.32975843553747036,0.41082145448920915,58
라라025617,29,44,1,4,0,순천시,1002550.0,1661750.0,True,1.0216032257192253,-0.36280319658423565,0.8513546751036773,-0.32975843553747036,0.3980019093518862,59
다라995598,53,11,4,1,0,순천시,999550.0,1659850.0,True,-0.3859738158519977,0.46277064084428826,-0.2968025472838508,-0.32975843553747036,0.3900773164029512,60
라라016616,21,12,3,0,0,순천시,1001650.0,1661650.0,True,-0.34331996610741516,0.18757936170144698,-0.6795216214130269,-0.32975843553747036,0.34889942406928043,61
다라986625,22,18,2,0,0,순천시,998650.0,1662550.0,True,-0.08739686763992005,-0.08761191744139432,-0.6795216214130269,-0.32975843553747036,0.32963124339393424,62
다라986626,64,16,3,1,0,순천시,998650.0,1662650.0,True,-0.17270456712908508,0.18757936170144698,-0.2968025472838508,-0.32975843553747036,0.32815528598302246,63
다라996611,103,5,4,0,0,순천시,999650.0,1661150.0,True,-0.6418969143194928,0.46277064084428826,-0.6795216214130269,-0.32975843553747036,0.3255137550000441,64
라라013618,22,11,3,0,0,순천시,1001350.0,1661850.0,True,-0.3859738158519977,0.18757936170144698,-0.6795216214130269,-0.32975843553747036,0.3062455743246979,65
라라016629,30,33,3,5,0,순천시,1001650.0,1662950.0,True,0.5524108785288178,0.18757936170144698,1.2340737492328535,-0.32975843553747036,0.2878325833825731,66
라라003609,20,17,2,0,0,순천시,1000350.0,1660950.0,True,-0.13005071738450258,-0.08761191744139432,-0.6795216214130269,-0.32975843553747036,0.2869773936493517,67
다라758757,17,17,2,0,0,순천시,975850.0,1675750.0,True,-0.13005071738450258,-0.08761191744139432,-0.6795216214130269,-0.32975843553747036,0.2869773936493517,67
라라023638,40,23,1,0,0,순천시,1002350.0,1663850.0,True,0.12587238108299253,-0.36280319658423565,-0.6795216214130269,-0.32975843553747036,0.2677092129740055,68
다라986620,25,10,3,0,0,순천시,998650.0,1662050.0,True,-0.4286276655965802,0.18757936170144698,-0.6795216214130269,-0.32975843553747036,0.26359172458011537,69
라라030621,24,16,2,0,0,순천시,1003050.0,1662150.0,True,-0.17270456712908508,-0.08761191744139432,-0.6795216214130269,-0.32975843553747036,0.2443235439047692,70
다라987621,31,9,3,0,0,순천시,998750.0,1662150.0,True,-0.4712815153411627,0.18757936170144698,-0.6795216214130269,-0.32975843553747036,0.22093787483553287,71
라라026615,50,8,3,0,0,순천시,1002650.0,1661550.0,True,-0.5139353650857452,0.18757936170144698,-0.6795216214130269,-0.32975843553747036,0.17828402509095034,72
라라024605,33,8,3,0,0,순천시,1002450.0,1660550.0,True,-0.5139353650857452,0.18757936170144698,-0.6795216214130269,-0.32975843553747036,0.17828402509095034,72
다라994642,22,27,0,0,0,순천시,999450.0,1664250.0,True,0.2964877800613226,-0.6379944757270769,-0.6795216214130269,-0.32975843553747036,0.1631333328094943,73
라라026619,38,25,1,1,0,순천시,1002650.0,1661950.0,True,0.2111800805721576,-0.36280319658423565,-0.2968025472838508,-0.32975843553747036,0.16165737539858252,74
라라002610,24,14,2,0,0,순천시,1000250.0,1661050.0,True,-0.2580122666182501,-0.08761191744139432,-0.6795216214130269,-0.32975843553747036,0.15901584441560415,75
라라014613,31,10,3,1,0,순천시,1001450.0,1661350.0,True,-0.4286276655965802,0.18757936170144698,-0.2968025472838508,-0.32975843553747036,0.07223218751552735,76
라라016615,20,11,2,0,0,순천시,1001650.0,1661550.0,True,-0.3859738158519977,-0.08761191744139432,-0.6795216214130269,-0.32975843553747036,0.031054295181856567,77
라라022621,34,42,2,7,0,순천시,1002250.0,1662150.0,True,0.9362955262300604,-0.08761191744139432,1.9995118974912056,-0.32975843553747036,0.013806877811798485,78
라라009607,74,10,2,0,0,순천시,1000950.0,1660750.0,True,-0.4286276655965802,-0.08761191744139432,-0.6795216214130269,-0.32975843553747036,-0.011599554562725961,79
라라023640,34,10,2,0,0,순천시,1002350.0,1664050.0,True,-0.4286276655965802,-0.08761191744139432,-0.6795216214130269,-0.32975843553747036,-0.011599554562725961,79
라라018628,27,16,1,0,0,순천시,1001850.0,1662850.0,True,-0.17270456712908508,-0.36280319658423565,-0.6795216214130269,-0.32975843553747036,-0.030867735238072153,80
라라013598,20,16,1,0,0,순천시,1001350.0,1659850.0,True,-0.17270456712908508,-0.36280319658423565,-0.6795216214130269,-0.32975843553747036,-0.030867735238072153,80
다라995600,24,9,2,0,0,순천시,999550.0,1660050.0,True,-0.4712815153411627,-0.08761191744139432,-0.6795216214130269,-0.32975843553747036,-0.05425340430730838,81
다라984642,17,2,3,0,0,순천시,998450.0,1664250.0,True,-0.7698584635532404,0.18757936170144698,-0.6795216214130269,-0.32975843553747036,-0.07763907337654483,82
라라017619,48,28,4,0,1,순천시,1001750.0,1661950.0,True,0.3391416298059051,0.46277064084428826,-0.6795216214130269,2.4561317957273654,-0.08639281650697606,83
다라984624,18,21,0,0,0,순천시,998450.0,1662450.0,True,0.040564681593827506,-0.6379944757270769,-0.6795216214130269,-0.32975843553747036,-0.09278976565800076,84
라라023637,50,8,2,0,0,순천시,1002350.0,1663750.0,True,-0.5139353650857452,-0.08761191744139432,-0.6795216214130269,-0.32975843553747036,-0.0969072540518909,85
라라032624,23,8,2,0,0,순천시,1003250.0,1662450.0,True,-0.5139353650857452,-0.08761191744139432,-0.6795216214130269,-0.32975843553747036,-0.0969072540518909,85
라라023613,22,21,2,3,0,순천시,1002350.0,1661350.0,True,0.040564681593827506,-0.08761191744139432,0.4686356009745013,-0.32975843553747036,-0.11648581856608228,86
다라991614,33,52,2,10,0,순천시,999150.0,1661450.0,True,1.3628340236758856,-0.08761191744139432,3.147669119878734,-0.32975843553747036,-0.1337332359361406,87
다라985621,34,18,1,1,0,순천시,998550.0,1662150.0,True,-0.08739686763992005,-0.36280319658423565,-0.2968025472838508,-0.32975843553747036,-0.13691957281349512,88
라라024606,31,7,2,0,0,순천시,1002450.0,1660650.0,True,-0.5565892148303277,-0.08761191744139432,-0.6795216214130269,-0.32975843553747036,-0.13956110379647343,89
다라985619,30,24,0,1,0,순천시,998550.0,1661950.0,True,0.16852623082757506,-0.6379944757270769,-0.2968025472838508,-0.32975843553747036,-0.15618775348884126,90
라라018640,20,13,1,0,0,순천시,1001850.0,1664050.0,True,-0.30066611636283264,-0.36280319658423565,-0.6795216214130269,-0.32975843553747036,-0.15882928447181974,91
다라988613,19,13,1,0,0,순천시,998850.0,1661350.0,True,-0.30066611636283264,-0.36280319658423565,-0.6795216214130269,-0.32975843553747036,-0.15882928447181974,91
라라007608,24,7,4,3,0,순천시,1000750.0,1660850.0,True,-0.5565892148303277,0.46277064084428826,0.4686356009745013,-0.32975843553747036,-0.16325715670455496,92
다라986633,29,19,0,0,0,순천시,998650.0,1663350.0,True,-0.04474301789533753,-0.6379944757270769,-0.6795216214130269,-0.32975843553747036,-0.17809746514716582,93
다라986617,20,6,2,0,0,순천시,998650.0,1661750.0,True,-0.5992430645749103,-0.08761191744139432,-0.6795216214130269,-0.32975843553747036,-0.18221495354105596,94
다라994612,19,25,1,3,0,순천시,999450.0,1661250.0,True,0.2111800805721576,-0.36280319658423565,0.4686356009745013,-0.32975843553747036,-0.22106169873059353,95
다라999612,26,17,0,0,0,순천시,999950.0,1661250.0,True,-0.13005071738450258,-0.6379944757270769,-0.6795216214130269,-0.32975843553747036,-0.2634051646363309,96
라라024637,25,4,2,0,0,순천시,1002450.0,1663750.0,True,-0.6845507640640753,-0.08761191744139432,-0.6795216214130269,-0.32975843553747036,-0.26752265303022105,97
라라021638,21,4,2,0,0,순천시,1002150.0,1663850.0,True,-0.6845507640640753,-0.08761191744139432,-0.6795216214130269,-0.32975843553747036,-0.26752265303022105,97
라라016619,29,43,1,0,1,순천시,1001650.0,1661950.0,True,0.9789493759746429,-0.36280319658423565,-0.6795216214130269,2.4561317957273654,-0.272158907766762,98
라라014616,21,10,1,0,0,순천시,1001450.0,1661650.0,True,-0.4286276655965802,-0.36280319658423565,-0.6795216214130269,-0.32975843553747036,-0.28679083370556735,99
라라015629,17,10,1,0,0,순천시,1001550.0,1662950.0,True,-0.4286276655965802,-0.36280319658423565,-0.6795216214130269,-0.32975843553747036,-0.28679083370556735,99
라라014626,17,10,1,0,0,순천시,1001450.0,1662650.0,True,-0.4286276655965802,-0.36280319658423565,-0.6795216214130269,-0.32975843553747036,-0.28679083370556735,99
라라021637,28,8,2,1,0,순천시,1002150.0,1663750.0,True,-0.5139353650857452,-0.08761191744139432,-0.2968025472838508,-0.32975843553747036,-0.2882667911164789,100
라라014619,22,8,2,1,0,순천시,1001450.0,1661950.0,True,-0.5139353650857452,-0.08761191744139432,-0.2968025472838508,-0.32975843553747036,-0.2882667911164789,100
라라022615,25,16,0,0,0,순천시,1002250.0,1661550.0,True,-0.17270456712908508,-0.6379944757270769,-0.6795216214130269,-0.32975843553747036,-0.30605901438091343,101
다라982635,21,3,2,0,0,순천시,998250.0,1663550.0,True,-0.7272046138086579,-0.08761191744139432,-0.6795216214130269,-0.32975843553747036,-0.3101765027748036,102
라라022607,21,3,2,0,0,순천시,1002250.0,1660750.0,True,-0.7272046138086579,-0.08761191744139432,-0.6795216214130269,-0.32975843553747036,-0.3101765027748036,102
라라023621,30,13,1,1,0,순천시,1002350.0,1662150.0,True,-0.30066611636283264,-0.36280319658423565,-0.2968025472838508,-0.32975843553747036,-0.35018882153640785,103
라라024640,49,8,1,0,0,순천시,1002450.0,1664050.0,True,-0.5139353650857452,-0.36280319658423565,-0.6795216214130269,-0.32975843553747036,-0.3720985331947323,104
라라003610,17,6,2,1,0,순천시,1000350.0,1661050.0,True,-0.5992430645749103,-0.08761191744139432,-0.2968025472838508,-0.32975843553747036,-0.37357449060564407,105
라라027617,23,10,2,2,0,순천시,1002750.0,1661750.0,True,-0.4286276655965802,-0.08761191744139432,0.08591652684532525,-0.32975843553747036,-0.39431862869190204,106
다라991616,18,10,2,2,0,순천시,999150.0,1661650.0,True,-0.4286276655965802,-0.08761191744139432,0.08591652684532525,-0.32975843553747036,-0.39431862869190204,106
라라043603,18,1,2,0,0,순천시,1004350.0,1660350.0,True,-0.8125123132978229,-0.08761191744139432,-0.6795216214130269,-0.32975843553747036,-0.39548420226396863,107
다라987622,27,18,0,1,0,순천시,998750.0,1662250.0,True,-0.08739686763992005,-0.6379944757270769,-0.2968025472838508,-0.32975843553747036,-0.41211085195633645,108
라라021614,34,25,1,4,0,순천시,1002150.0,1661450.0,True,0.2111800805721576,-0.36280319658423565,0.8513546751036773,-0.32975843553747036,-0.41242123579518164,109
라라022611,31,7,1,0,0,순천시,1002250.0,1661150.0,True,-0.5565892148303277,-0.36280319658423565,-0.6795216214130269,-0.32975843553747036,-0.4147523829393148,110
라라014599,20,7,1,0,0,순천시,1001450.0,1659950.0,True,-0.5565892148303277,-0.36280319658423565,-0.6795216214130269,-0.32975843553747036,-0.4147523829393148,110
다라995599,17,13,0,0,0,순천시,999550.0,1659950.0,True,-0.30066611636283264,-0.6379944757270769,-0.6795216214130269,-0.32975843553747036,-0.434020563614661,111
다라993642,21,11,1,1,0,순천시,999350.0,1664250.0,True,-0.3859738158519977,-0.36280319658423565,-0.2968025472838508,-0.32975843553747036,-0.4354965210255729,112
라라020639,30,6,1,0,0,순천시,1002050.0,1663950.0,True,-0.5992430645749103,-0.36280319658423565,-0.6795216214130269,-0.32975843553747036,-0.45740623268389735,113
라라014614,29,6,1,0,0,순천시,1001450.0,1661450.0,True,-0.5992430645749103,-0.36280319658423565,-0.6795216214130269,-0.32975843553747036,-0.45740623268389735,113
라라024615,19,6,1,0,0,순천시,1002450.0,1661550.0,True,-0.5992430645749103,-0.36280319658423565,-0.6795216214130269,-0.32975843553747036,-0.45740623268389735,113
라라015611,53,10,1,1,0,순천시,1001550.0,1661150.0,True,-0.4286276655965802,-0.36280319658423565,-0.2968025472838508,-0.32975843553747036,-0.47815037077015543,114
라라029620,24,8,2,2,0,순천시,1002950.0,1662050.0,True,-0.5139353650857452,-0.08761191744139432,0.08591652684532525,-0.32975843553747036,-0.479626328181067,115
라라025619,45,5,1,0,0,순천시,1002550.0,1661950.0,True,-0.6418969143194928,-0.36280319658423565,-0.6795216214130269,-0.32975843553747036,-0.50006008242848,116
라라004606,26,5,1,0,0,순천시,1000450.0,1660650.0,True,-0.6418969143194928,-0.36280319658423565,-0.6795216214130269,-0.32975843553747036,-0.50006008242848,116
라라018624,22,31,2,0,1,순천시,1001850.0,1662450.0,True,0.4671031790396527,-0.08761191744139432,-0.6795216214130269,2.4561317957273654,-0.5088138255589109,117
라라018631,26,11,0,0,0,순천시,1001850.0,1663150.0,True,-0.3859738158519977,-0.6379944757270769,-0.6795216214130269,-0.32975843553747036,-0.5193282631038261,118
라라016612,20,11,0,0,0,순천시,1001650.0,1661250.0,True,-0.3859738158519977,-0.6379944757270769,-0.6795216214130269,-0.32975843553747036,-0.5193282631038261,118
라라022620,31,47,5,8,1,순천시,1002250.0,1662050.0,True,1.149564774952973,0.7379619199871296,2.3822309716203818,2.4561317957273654,-0.531654688733771,119
라라014617,27,15,0,1,0,순천시,1001450.0,1661750.0,True,-0.2153584168736676,-0.6379944757270769,-0.2968025472838508,-0.32975843553747036,-0.540072401190084,120
라라027616,32,37,0,6,0,순천시,1002750.0,1661650.0,True,0.7230262775071478,-0.6379944757270769,1.6167928233620297,-0.32975843553747036,-0.5584853921322088,121
다라985627,20,10,0,0,0,순천시,998550.0,1662750.0,True,-0.4286276655965802,-0.6379944757270769,-0.6795216214130269,-0.32975843553747036,-0.5619821128484086,122
다라990616,36,14,0,1,0,순천시,999050.0,1661650.0,True,-0.2580122666182501,-0.6379944757270769,-0.2968025472838508,-0.32975843553747036,-0.5827262509346666,123
라라002611,24,28,2,7,0,순천시,1000250.0,1661150.0,True,0.3391416298059051,-0.08761191744139432,1.9995118974912056,-0.32975843553747036,-0.5833470186123568,124
라라021620,29,49,1,3,1,순천시,1002150.0,1662050.0,True,1.234872474442138,-0.36280319658423565,0.4686356009745013,2.4561317957273654,-0.5903144204930311,125
라라022638,43,9,0,0,0,순천시,1002250.0,1663850.0,True,-0.4712815153411627,-0.6379944757270769,-0.6795216214130269,-0.32975843553747036,-0.6046359625929911,126
라라003606,27,7,1,1,0,순천시,1000350.0,1660650.0,True,-0.5565892148303277,-0.36280319658423565,-0.2968025472838508,-0.32975843553747036,-0.6061119200039028,127
라라027615,54,25,6,5,1,순천시,1002750.0,1661550.0,True,0.2111800805721576,1.013153199129971,1.2340737492328535,2.4561317957273654,-0.620769492777981,128
라라045600,20,2,1,0,0,순천시,1004550.0,1660050.0,True,-0.7698584635532404,-0.36280319658423565,-0.6795216214130269,-0.32975843553747036,-0.6280216316622274,129
다라994640,31,8,0,0,0,순천시,999450.0,1664050.0,True,-0.5139353650857452,-0.6379944757270769,-0.6795216214130269,-0.32975843553747036,-0.6472898123375734,130
다라986616,17,8,0,0,0,순천시,998650.0,1661650.0,True,-0.5139353650857452,-0.6379944757270769,-0.6795216214130269,-0.32975843553747036,-0.6472898123375734,130
라라027614,36,13,2,4,0,순천시,1002750.0,1661450.0,True,-0.30066611636283264,-0.08761191744139432,0.8513546751036773,-0.32975843553747036,-0.6490761535873305,131
라라024621,18,12,0,1,0,순천시,1002450.0,1662150.0,True,-0.34331996610741516,-0.6379944757270769,-0.2968025472838508,-0.32975843553747036,-0.6680339504238316,132
다라985623,38,17,2,5,0,순천시,998550.0,1662350.0,True,-0.13005071738450258,-0.08761191744139432,1.2340737492328535,-0.32975843553747036,-0.6698202916735885,133
다라989606,18,1,1,0,0,순천시,998950.0,1660650.0,True,-0.8125123132978229,-0.36280319658423565,-0.6795216214130269,-0.32975843553747036,-0.6706754814068101,134
다라987637,18,1,1,0,0,순천시,998750.0,1663750.0,True,-0.8125123132978229,-0.36280319658423565,-0.6795216214130269,-0.32975843553747036,-0.6706754814068101,134
라라003607,18,1,1,0,0,순천시,1000350.0,1660750.0,True,-0.8125123132978229,-0.36280319658423565,-0.6795216214130269,-0.32975843553747036,-0.6706754814068101,134
라라015613,40,7,0,0,0,순천시,1001550.0,1661350.0,True,-0.5565892148303277,-0.6379944757270769,-0.6795216214130269,-0.32975843553747036,-0.6899436620821562,135
라라023639,39,7,0,0,0,순천시,1002350.0,1663950.0,True,-0.5565892148303277,-0.6379944757270769,-0.6795216214130269,-0.32975843553747036,-0.6899436620821562,135
다라985626,32,7,0,0,0,순천시,998550.0,1662650.0,True,-0.5565892148303277,-0.6379944757270769,-0.6795216214130269,-0.32975843553747036,-0.6899436620821562,135
라라013611,26,7,0,0,0,순천시,1001350.0,1661150.0,True,-0.5565892148303277,-0.6379944757270769,-0.6795216214130269,-0.32975843553747036,-0.6899436620821562,135
라라020628,19,7,0,0,0,순천시,1002050.0,1662850.0,True,-0.5565892148303277,-0.6379944757270769,-0.6795216214130269,-0.32975843553747036,-0.6899436620821562,135
다라995596,18,7,0,0,0,순천시,999550.0,1659650.0,True,-0.5565892148303277,-0.6379944757270769,-0.6795216214130269,-0.32975843553747036,-0.6899436620821562,135
다라990615,38,33,1,0,1,순천시,999050.0,1661550.0,True,0.5524108785288178,-0.36280319658423565,-0.6795216214130269,2.4561317957273654,-0.6986974052125872,136
다라998614,26,15,0,2,0,순천시,999850.0,1661450.0,True,-0.2153584168736676,-0.6379944757270769,0.08591652684532525,-0.32975843553747036,-0.731431938254672,137
라라026614,44,6,0,0,0,순천시,1002650.0,1661450.0,True,-0.5992430645749103,-0.6379944757270769,-0.6795216214130269,-0.32975843553747036,-0.7325975118267385,138
라라014611,43,6,0,0,0,순천시,1001450.0,1661150.0,True,-0.5992430645749103,-0.6379944757270769,-0.6795216214130269,-0.32975843553747036,-0.7325975118267385,138
라라015612,27,6,0,0,0,순천시,1001550.0,1661250.0,True,-0.5992430645749103,-0.6379944757270769,-0.6795216214130269,-0.32975843553747036,-0.7325975118267385,138
다라989610,21,6,0,0,0,순천시,998950.0,1661050.0,True,-0.5992430645749103,-0.6379944757270769,-0.6795216214130269,-0.32975843553747036,-0.7325975118267385,138
라라049597,19,6,0,0,0,순천시,1004950.0,1659750.0,True,-0.5992430645749103,-0.6379944757270769,-0.6795216214130269,-0.32975843553747036,-0.7325975118267385,138
라라018634,17,6,0,0,0,순천시,1001850.0,1663450.0,True,-0.5992430645749103,-0.6379944757270769,-0.6795216214130269,-0.32975843553747036,-0.7325975118267385,138
라라020640,28,5,0,0,0,순천시,1002050.0,1664050.0,True,-0.6418969143194928,-0.6379944757270769,-0.6795216214130269,-0.32975843553747036,-0.7752513615713212,139
라라030622,29,4,0,0,0,순천시,1003050.0,1662250.0,True,-0.6845507640640753,-0.6379944757270769,-0.6795216214130269,-0.32975843553747036,-0.8179052113159035,140
라라045599,25,4,2,3,0,순천시,1004550.0,1659950.0,True,-0.6845507640640753,-0.08761191744139432,0.4686356009745013,-0.32975843553747036,-0.8416012642239851,141
라라026617,29,3,0,0,0,순천시,1002650.0,1661750.0,True,-0.7272046138086579,-0.6379944757270769,-0.6795216214130269,-0.32975843553747036,-0.8605590610604862,142
라라048597,24,3,0,0,0,순천시,1004850.0,1659750.0,True,-0.7272046138086579,-0.6379944757270769,-0.6795216214130269,-0.32975843553747036,-0.8605590610604862,142
라라021639,18,1,1,1,0,순천시,1002150.0,1663950.0,True,-0.8125123132978229,-0.36280319658423565,-0.2968025472838508,-0.32975843553747036,-0.8620350184713982,143
라라040589,52,2,0,0,0,순천시,1004050.0,1658950.0,True,-0.7698584635532404,-0.6379944757270769,-0.6795216214130269,-0.32975843553747036,-0.9032129108050685,144
라라015620,20,2,0,0,0,순천시,1001550.0,1662050.0,True,-0.7698584635532404,-0.6379944757270769,-0.6795216214130269,-0.32975843553747036,-0.9032129108050685,144
라라007547,17,2,0,0,0,순천시,1000750.0,1654750.0,True,-0.7698584635532404,-0.6379944757270769,-0.6795216214130269,-0.32975843553747036,-0.9032129108050685,144
라라030614,17,2,0,0,0,순천시,1003050.0,1661450.0,True,-0.7698584635532404,-0.6379944757270769,-0.6795216214130269,-0.32975843553747036,-0.9032129108050685,144
다라994609,35,26,2,1,1,순천시,999450.0,1660950.0,True,0.2538339303167401,-0.08761191744139432,-0.2968025472838508,2.4561317957273654,-0.9134426113464115,145
다라986637,31,11,2,5,0,순천시,998650.0,1663750.0,True,-0.3859738158519977,-0.08761191744139432,1.2340737492328535,-0.32975843553747036,-0.9257433901410835,146
라라015616,24,19,0,4,0,순천시,1001550.0,1661650.0,True,-0.04474301789533753,-0.6379944757270769,0.8513546751036773,-0.32975843553747036,-0.9435356134055181,147
라라023611,25,17,1,5,0,순천시,1002350.0,1661150.0,True,-0.13005071738450258,-0.36280319658423565,1.2340737492328535,-0.32975843553747036,-0.9450115708164298,148
라라014620,22,17,1,5,0,순천시,1001450.0,1662050.0,True,-0.13005071738450258,-0.36280319658423565,1.2340737492328535,-0.32975843553747036,-0.9450115708164298,148
다라983620,31,1,0,0,0,순천시,998350.0,1662050.0,True,-0.8125123132978229,-0.6379944757270769,-0.6795216214130269,-0.32975843553747036,-0.9458667605496512,149
다라983621,22,1,0,0,0,순천시,998350.0,1662150.0,True,-0.8125123132978229,-0.6379944757270769,-0.6795216214130269,-0.32975843553747036,-0.9458667605496512,149
다라996595,20,1,0,0,0,순천시,999650.0,1659550.0,True,-0.8125123132978229,-0.6379944757270769,-0.6795216214130269,-0.32975843553747036,-0.9458667605496512,149
다라982621,18,1,0,0,0,순천시,998250.0,1662150.0,True,-0.8125123132978229,-0.6379944757270769,-0.6795216214130269,-0.32975843553747036,-0.9458667605496512,149
다라985617,32,5,0,1,0,순천시,998550.0,1661750.0,True,-0.6418969143194928,-0.6379944757270769,-0.2968025472838508,-0.32975843553747036,-0.9666108986359093,150
다라987616,25,5,0,1,0,순천시,998750.0,1661650.0,True,-0.6418969143194928,-0.6379944757270769,-0.2968025472838508,-0.32975843553747036,-0.9666108986359093,150
라라020638,37,18,0,4,0,순천시,1002050.0,1663850.0,True,-0.08739686763992005,-0.6379944757270769,0.8513546751036773,-0.32975843553747036,-0.9861894631501004,151
라라029622,22,18,0,4,0,순천시,1002950.0,1662250.0,True,-0.08739686763992005,-0.6379944757270769,0.8513546751036773,-0.32975843553747036,-0.9861894631501004,151
라라025616,20,9,0,2,0,순천시,1002550.0,1661650.0,True,-0.4712815153411627,-0.6379944757270769,0.08591652684532525,-0.32975843553747036,-0.9873550367221672,152
다라985638,17,9,0,2,0,순천시,998550.0,1663850.0,True,-0.4712815153411627,-0.6379944757270769,0.08591652684532525,-0.32975843553747036,-0.9873550367221672,152
라라050597,30,0,0,0,0,순천시,1005050.0,1659750.0,True,-0.8551661630424053,-0.6379944757270769,-0.6795216214130269,-0.32975843553747036,-0.9885206102942335,153
라라046600,25,0,0,0,0,순천시,1004650.0,1660050.0,True,-0.8551661630424053,-0.6379944757270769,-0.6795216214130269,-0.32975843553747036,-0.9885206102942335,153
다라983619,19,5,2,4,0,순천시,998350.0,1661950.0,True,-0.6418969143194928,-0.08761191744139432,0.8513546751036773,-0.32975843553747036,-0.9903069515439905,154
라라014610,19,11,3,7,0,순천시,1001450.0,1661050.0,True,-0.3859738158519977,0.18757936170144698,1.9995118974912056,-0.32975843553747036,-1.0332711851274183,155
라라044599,27,23,1,7,0,순천시,1004450.0,1659950.0,True,0.12587238108299253,-0.36280319658423565,1.9995118974912056,-0.32975843553747036,-1.0718075464781107,156
라라021611,19,5,1,3,0,순천시,1002150.0,1661150.0,True,-0.6418969143194928,-0.36280319658423565,0.4686356009745013,-0.32975843553747036,-1.074138693622244,157
다라986623,30,12,4,9,0,순천시,998650.0,1662350.0,True,-0.34331996610741516,0.46277064084428826,2.7649500457495577,-0.32975843553747036,-1.0981451303691705,158
다라986629,18,15,0,4,0,순천시,998650.0,1662950.0,True,-0.2153584168736676,-0.6379944757270769,0.8513546751036773,-0.32975843553747036,-1.114151012383848,159
다라986627,23,22,1,7,0,순천시,998650.0,1662750.0,True,0.08321853133841002,-0.36280319658423565,1.9995118974912056,-0.32975843553747036,-1.1144613962226932,160
라라014609,22,6,0,2,0,순천시,1001450.0,1660950.0,True,-0.5992430645749103,-0.6379944757270769,0.08591652684532525,-0.32975843553747036,-1.1153165859559144,161
라라047592,19,8,1,4,0,순천시,1004750.0,1659250.0,True,-0.5139353650857452,-0.36280319658423565,0.8513546751036773,-0.32975843553747036,-1.1375366814530843,162
라라015614,38,5,0,2,0,순천시,1001550.0,1661450.0,True,-0.6418969143194928,-0.6379944757270769,0.08591652684532525,-0.32975843553747036,-1.1579704357004972,163
다라987619,30,5,0,2,0,순천시,998750.0,1661950.0,True,-0.6418969143194928,-0.6379944757270769,0.08591652684532525,-0.32975843553747036,-1.1579704357004972,163
라라026618,34,9,0,3,0,순천시,1002650.0,1661850.0,True,-0.4712815153411627,-0.6379944757270769,0.4686356009745013,-0.32975843553747036,-1.178714573786755,164
라라047591,21,4,0,2,0,순천시,1004750.0,1659150.0,True,-0.6845507640640753,-0.6379944757270769,0.08591652684532525,-0.32975843553747036,-1.2006242854450795,165
다라986621,59,7,3,7,0,순천시,998650.0,1662150.0,True,-0.5565892148303277,0.18757936170144698,1.9995118974912056,-0.32975843553747036,-1.2038865841057482,166
라라026616,40,17,0,5,0,순천시,1002650.0,1661650.0,True,-0.13005071738450258,-0.6379944757270769,1.2340737492328535,-0.32975843553747036,-1.220202849959271,167
다라991612,26,17,0,5,0,순천시,999150.0,1661250.0,True,-0.13005071738450258,-0.6379944757270769,1.2340737492328535,-0.32975843553747036,-1.220202849959271,167
다라995597,28,7,0,3,0,순천시,999550.0,1659750.0,True,-0.5565892148303277,-0.6379944757270769,0.4686356009745013,-0.32975843553747036,-1.26402227327592,168
다라988618,34,3,0,3,0,순천시,998850.0,1661850.0,True,-0.7272046138086579,-0.6379944757270769,0.4686356009745013,-0.32975843553747036,-1.4346376722542502,169
라라023616,17,9,2,0,1,순천시,1002350.0,1661650.0,True,-0.4712815153411627,-0.08761191744139432,-0.6795216214130269,2.4561317957273654,-1.4471985199397261,170
다라986636,32,5,1,5,0,순천시,998650.0,1663650.0,True,-0.6418969143194928,-0.36280319658423565,1.2340737492328535,-0.32975843553747036,-1.45685776775142,171
다라984622,22,6,0,4,0,순천시,998450.0,1662250.0,True,-0.5992430645749103,-0.6379944757270769,0.8513546751036773,-0.32975843553747036,-1.4980356600850906,172
라라031623,27,7,0,5,0,순천시,1003150.0,1662350.0,True,-0.5565892148303277,-0.6379944757270769,1.2340737492328535,-0.32975843553747036,-1.6467413474050963,173
다라986624,25,18,1,9,0,순천시,998650.0,1662450.0,True,-0.08739686763992005,-0.36280319658423565,2.7649500457495577,-0.32975843553747036,-1.6677958693301993,174
다라986622,42,0,1,5,0,순천시,998650.0,1662250.0,True,-0.8551661630424053,-0.36280319658423565,1.2340737492328535,-0.32975843553747036,-1.6701270164743325,175
라라024639,20,5,0,5,0,순천시,1002450.0,1663950.0,True,-0.6418969143194928,-0.6379944757270769,1.2340737492328535,-0.32975843553747036,-1.7320490468942613,176
라라025618,20,4,0,5,0,순천시,1002550.0,1661850.0,True,-0.6845507640640753,-0.6379944757270769,1.2340737492328535,-0.32975843553747036,-1.7747028966388436,177
라라021622,17,4,0,5,0,순천시,1002150.0,1662250.0,True,-0.6845507640640753,-0.6379944757270769,1.2340737492328535,-0.32975843553747036,-1.7747028966388436,177
다라985624,26,27,0,3,1,순천시,998550.0,1662450.0,True,0.2964877800613226,-0.6379944757270769,0.4686356009745013,2.4561317957273654,-1.8038903940166877,178
다라995602,19,1,0,5,0,순천시,999550.0,1660250.0,True,-0.8125123132978229,-0.6379944757270769,1.2340737492328535,-0.32975843553747036,-1.9026644458725912,179
라라008605,21,4,1,0,1,순천시,1000850.0,1660550.0,True,-0.6845507640640753,-0.36280319658423565,-0.6795216214130269,2.4561317957273654,-1.9356590478054803,180
라라030624,20,4,0,6,0,순천시,1003050.0,1662450.0,True,-0.6845507640640753,-0.6379944757270769,1.6167928233620297,-0.32975843553747036,-1.9660624337034316,181
다라992615,22,14,0,1,1,순천시,999250.0,1661550.0,True,-0.2580122666182501,-0.6379944757270769,-0.2968025472838508,2.4561317957273654,-1.9756713665670844,182
라라049599,37,3,1,0,1,순천시,1004950.0,1659950.0,True,-0.7272046138086579,-0.36280319658423565,-0.6795216214130269,2.4561317957273654,-1.978312897550063,183
라라016614,25,12,0,8,0,순천시,1001650.0,1661450.0,True,-0.34331996610741516,-0.6379944757270769,2.3822309716203818,-0.32975843553747036,-2.007550709875948,184
다라987617,25,21,2,13,0,순천시,998750.0,1661750.0,True,0.040564681593827506,-0.08761191744139432,4.295826342266262,-0.32975843553747036,-2.030081189211963,185
다라994607,19,16,2,12,0,순천시,999450.0,1660750.0,True,-0.17270456712908508,-0.08761191744139432,3.913107268137086,-0.32975843553747036,-2.0519909008702872,186
다라994611,18,56,3,8,2,순천시,999450.0,1661150.0,True,1.5334494226542157,0.18757936170144698,2.3822309716203818,5.242022026992201,-2.091097714950629,187
다라985622,95,17,1,4,1,순천시,998550.0,1662250.0,True,-0.13005071738450258,-0.36280319658423565,0.8513546751036773,2.4561317957273654,-2.1465971493842595,188
라라020636,23,8,1,2,1,순천시,1002050.0,1663650.0,True,-0.5139353650857452,-0.36280319658423565,0.08591652684532525,2.4561317957273654,-2.147762722956326,189
라라008618,18,5,0,0,1,순천시,1000850.0,1661850.0,True,-0.6418969143194928,-0.6379944757270769,-0.6795216214130269,2.4561317957273654,-2.168196477203739,190
다라987620,29,4,2,10,0,순천시,998750.0,1662050.0,True,-0.6845507640640753,-0.08761191744139432,3.147669119878734,-0.32975843553747036,-2.1811180236761016,191
라라012597,22,6,0,8,0,순천시,1001250.0,1659750.0,True,-0.5992430645749103,-0.6379944757270769,2.3822309716203818,-0.32975843553747036,-2.2634738083434427,192
라라025640,18,2,0,0,1,순천시,1002550.0,1664050.0,True,-0.7698584635532404,-0.6379944757270769,-0.6795216214130269,2.4561317957273654,-2.296158026437486,193
다라988668,18,1,0,0,1,순천시,998850.0,1666850.0,True,-0.8125123132978229,-0.6379944757270769,-0.6795216214130269,2.4561317957273654,-2.338811876182069,194
라라030623,17,2,0,1,1,순천시,1003050.0,1662350.0,True,-0.7698584635532404,-0.6379944757270769,-0.2968025472838508,2.4561317957273654,-2.4875175635020748,195
라라022637,22,6,1,4,1,순천시,1002250.0,1663750.0,True,-0.5992430645749103,-0.36280319658423565,0.8513546751036773,2.4561317957273654,-2.615789496574667,196
라라022612,32,26,0,4,2,순천시,1002250.0,1661250.0,True,0.2538339303167401,-0.6379944757270769,0.8513546751036773,5.242022026992201,-3.4308488964582757,197
다라991613,31,19,0,3,2,순천시,999150.0,1661350.0,True,-0.04474301789533753,-0.6379944757270769,0.4686356009745013,5.242022026992201,-3.5380663076057655,198
라라012598,20,3,0,9,1,순천시,1001250.0,1659850.0,True,-0.7272046138086579,-0.6379944757270769,2.7649500457495577,2.4561317957273654,-3.9757400102741967,199
나라916528,14,19,1,2,0,신안군,891650.0,1652850.0,True,5.485172248101647,1.7660769126394016,0.45519850983487015,-0.6670186482798448,7.3571592299635356,1
나라742408,9,2,2,0,0,신안군,874250.0,1640850.0,True,-0.05853080142791385,4.024339194375029,-0.559243883511412,-0.6670186482798448,4.578939658842743,2
나라819745,14,8,1,0,0,신안군,881950.0,1674550.0,True,1.898070274876637,1.7660769126394016,-0.559243883511412,-0.6670186482798448,4.277278453411667,3
나라561410,6,11,1,0,2,신안군,856150.0,1641050.0,True,2.8763708130289123,1.7660769126394016,-0.559243883511412,2.1452761931162576,3.8494315708658906,4
나라733775,9,10,0,0,0,신안군,873350.0,1677550.0,True,2.5502706336448204,-0.4921853690962267,-0.559243883511412,-0.6670186482798448,2.671216530444222,5
나라820742,10,2,1,0,0,신안군,882050.0,1674250.0,True,-0.05853080142791385,1.7660769126394016,-0.559243883511412,-0.6670186482798448,2.320677377107116,6
나라732489,10,2,1,0,0,신안군,873250.0,1648950.0,True,-0.05853080142791385,1.7660769126394016,-0.559243883511412,-0.6670186482798448,2.320677377107116,6
나라731776,6,2,1,0,0,신안군,873150.0,1677650.0,True,-0.05853080142791385,1.7660769126394016,-0.559243883511412,-0.6670186482798448,2.320677377107116,6
나라824745,8,4,1,1,1,신안군,882450.0,1674550.0,True,0.5936695573402697,1.7660769126394016,-0.052022686838270916,0.7391287724182065,2.0161934271897035,7
나라118343,11,1,1,0,0,신안군,811850.0,1634350.0,True,-0.38463098081200564,1.7660769126394016,-0.559243883511412,-0.6670186482798448,1.9945771977230242,8
나라117343,13,3,1,0,1,신안군,811750.0,1634350.0,True,0.26756937795617797,1.7660769126394016,-0.559243883511412,0.7391287724182065,1.9437038461421823,9
나라670554,12,3,1,3,0,신안군,867050.0,1655450.0,True,0.26756937795617797,1.7660769126394016,0.9624197065080111,-0.6670186482798448,1.8859457614814965,10
나라665515,7,0,1,0,0,신안군,866550.0,1651550.0,True,-0.7107311601960974,1.7660769126394016,-0.559243883511412,-0.6670186482798448,1.6684770183389324,11
나라741407,13,2,1,0,1,신안군,874150.0,1640750.0,True,-0.05853080142791385,1.7660769126394016,-0.559243883511412,0.7391287724182065,1.6176036667580904,12
나라914529,6,0,1,0,1,신안군,891450.0,1652950.0,True,-0.7107311601960974,1.7660769126394016,-0.559243883511412,0.7391287724182065,0.9654033079899068,13
나라115341,10,4,0,0,0,신안군,811550.0,1634150.0,True,0.5936695573402697,-0.4921853690962267,-0.559243883511412,-0.6670186482798448,0.7146154541396714,14
나라858504,5,4,0,0,0,신안군,885850.0,1650450.0,True,0.5936695573402697,-0.4921853690962267,-0.559243883511412,-0.6670186482798448,0.7146154541396714,14
나라732775,13,8,0,0,2,신안군,873250.0,1677550.0,True,1.898070274876637,-0.4921853690962267,-0.559243883511412,2.1452761931162576,0.6128687509779873,15
나라117342,7,7,0,2,1,신안군,811750.0,1634250.0,True,1.5719700954925453,-0.4921853690962267,0.45519850983487015,0.7391287724182065,0.4826210852697804,16
나라658246,5,6,0,4,0,신안군,865850.0,1624650.0,True,1.2458699161084532,-0.4921853690962267,1.4696409031811521,-0.6670186482798448,0.35237341956157286,17
나라821746,5,3,0,1,0,신안군,882150.0,1674650.0,True,0.26756937795617797,-0.4921853690962267,-0.052022686838270916,-0.6670186482798448,0.13490467641900916,18
나라743405,7,2,0,0,0,신안군,874350.0,1640550.0,True,-0.05853080142791385,-0.4921853690962267,-0.559243883511412,-0.6670186482798448,0.062415095371487817,19
나라670553,9,4,0,3,0,신안군,867050.0,1655350.0,True,0.5936695573402697,-0.4921853690962267,0.9624197065080111,-0.6670186482798448,-0.04621634087004012,20
나라913529,6,2,0,1,0,신안군,891350.0,1652950.0,True,-0.05853080142791385,-0.4921853690962267,-0.052022686838270916,-0.6670186482798448,-0.1911955029650827,21
나라820746,9,1,0,0,0,신안군,882050.0,1674650.0,True,-0.38463098081200564,-0.4921853690962267,-0.559243883511412,-0.6670186482798448,-0.26368508401260393,22
나라820747,7,1,0,0,0,신안군,882050.0,1674750.0,True,-0.38463098081200564,-0.4921853690962267,-0.559243883511412,-0.6670186482798448,-0.26368508401260393,22
나라700795,4,1,0,0,0,신안군,870050.0,1679550.0,True,-0.38463098081200564,-0.4921853690962267,-0.559243883511412,-0.6670186482798448,-0.26368508401260393,22
나라658245,4,1,0,0,0,신안군,865850.0,1624550.0,True,-0.38463098081200564,-0.4921853690962267,-0.559243883511412,-0.6670186482798448,-0.26368508401260393,22
나라840522,4,1,0,0,0,신안군,884050.0,1652250.0,True,-0.38463098081200564,-0.4921853690962267,-0.559243883511412,-0.6670186482798448,-0.26368508401260393,22
나라114340,24,3,0,0,1,신안군,811450.0,1634050.0,True,0.26756937795617797,-0.4921853690962267,-0.559243883511412,0.7391287724182065,-0.314558435593446,23
나라758440,6,3,0,0,1,신안군,875850.0,1644050.0,True,0.26756937795617797,-0.4921853690962267,-0.559243883511412,0.7391287724182065,-0.314558435593446,23
나라819744,14,3,1,9,1,신안군,881950.0,1674450.0,True,0.26756937795617797,1.7660769126394016,4.0057468865468575,0.7391287724182065,-0.33879153888695235,24
나라820745,18,2,0,2,0,신안군,882050.0,1674550.0,True,-0.05853080142791385,-0.4921853690962267,0.45519850983487015,-0.6670186482798448,-0.4448061013016532,25
나라823745,8,1,0,1,0,신안군,882350.0,1674550.0,True,-0.38463098081200564,-0.4921853690962267,-0.052022686838270916,-0.6670186482798448,-0.5172956823491744,26
가라885344,16,0,0,0,0,신안군,788550.0,1634450.0,True,-0.7107311601960974,-0.4921853690962267,-0.559243883511412,-0.6670186482798448,-0.5897852633966957,27
나라118342,14,0,0,0,0,신안군,811850.0,1634250.0,True,-0.7107311601960974,-0.4921853690962267,-0.559243883511412,-0.6670186482798448,-0.5897852633966957,27
나라915529,9,0,0,0,0,신안군,891550.0,1652950.0,True,-0.7107311601960974,-0.4921853690962267,-0.559243883511412,-0.6670186482798448,-0.5897852633966957,27
나라568367,8,0,0,0,0,신안군,856850.0,1636750.0,True,-0.7107311601960974,-0.4921853690962267,-0.559243883511412,-0.6670186482798448,-0.5897852633966957,27
나라949489,7,0,0,0,0,신안군,894950.0,1648950.0,True,-0.7107311601960974,-0.4921853690962267,-0.559243883511412,-0.6670186482798448,-0.5897852633966957,27
나라824747,6,0,0,0,0,신안군,882450.0,1674750.0,True,-0.7107311601960974,-0.4921853690962267,-0.559243883511412,-0.6670186482798448,-0.5897852633966957,27
나라822746,5,0,0,0,0,신안군,882250.0,1674650.0,True,-0.7107311601960974,-0.4921853690962267,-0.559243883511412,-0.6670186482798448,-0.5897852633966957,27
나라708221,5,0,0,0,0,신안군,870850.0,1622150.0,True,-0.7107311601960974,-0.4921853690962267,-0.559243883511412,-0.6670186482798448,-0.5897852633966957,27
나라914528,5,0,0,0,0,신안군,891450.0,1652850.0,True,-0.7107311601960974,-0.4921853690962267,-0.559243883511412,-0.6670186482798448,-0.5897852633966957,27
나라868742,5,0,0,0,0,신안군,886850.0,1674250.0,True,-0.7107311601960974,-0.4921853690962267,-0.559243883511412,-0.6670186482798448,-0.5897852633966957,27
가다811646,5,0,0,0,0,신안군,781150.0,1564650.0,True,-0.7107311601960974,-0.4921853690962267,-0.559243883511412,-0.6670186482798448,-0.5897852633966957,27
나라854511,5,0,0,0,0,신안군,885450.0,1651150.0,True,-0.7107311601960974,-0.4921853690962267,-0.559243883511412,-0.6670186482798448,-0.5897852633966957,27
나라856520,4,0,0,0,0,신안군,885650.0,1652050.0,True,-0.7107311601960974,-0.4921853690962267,-0.559243883511412,-0.6670186482798448,-0.5897852633966957,27
나라671556,4,0,0,0,0,신안군,867150.0,1655650.0,True,-0.7107311601960974,-0.4921853690962267,-0.559243883511412,-0.6670186482798448,-0.5897852633966957,27
나라7377,4,0,0,0,0,신안군,873500.0,1677500.0,True,-0.7107311601960974,-0.4921853690962267,-0.559243883511412,-0.6670186482798448,-0.5897852633966957,27
나라116342,18,2,0,0,1,신안군,811650.0,1634250.0,True,-0.05853080142791385,-0.4921853690962267,-0.559243883511412,0.7391287724182065,-0.6406586149775378,28
나라560411,13,2,0,0,1,신안군,856050.0,1641150.0,True,-0.05853080142791385,-0.4921853690962267,-0.559243883511412,0.7391287724182065,-0.6406586149775378,28
나라821745,25,5,0,7,0,신안군,882150.0,1674550.0,True,0.9197697367243616,-0.4921853690962267,2.9913044932005755,-0.6670186482798448,-0.7345585548322305,29
나라659247,4,1,1,8,1,신안군,865950.0,1624750.0,True,-0.38463098081200564,1.7660769126394016,3.4985256898737167,0.7391287724182065,-0.7373812993185657,30
나라837511,8,1,0,2,0,신안군,883750.0,1651150.0,True,-0.38463098081200564,-0.4921853690962267,0.45519850983487015,-0.6670186482798448,-0.7709062806857451,31
나라776780,5,1,0,2,0,신안군,877650.0,1678050.0,True,-0.38463098081200564,-0.4921853690962267,0.45519850983487015,-0.6670186482798448,-0.7709062806857451,31
가라886346,17,0,0,1,0,신안군,788650.0,1634650.0,True,-0.7107311601960974,-0.4921853690962267,-0.052022686838270916,-0.6670186482798448,-0.8433958617332663,32
나라949490,7,0,0,1,0,신안군,894950.0,1649050.0,True,-0.7107311601960974,-0.4921853690962267,-0.052022686838270916,-0.6670186482798448,-0.8433958617332663,32
가라885347,6,0,0,1,0,신안군,788550.0,1634750.0,True,-0.7107311601960974,-0.4921853690962267,-0.052022686838270916,-0.6670186482798448,-0.8433958617332663,32
나라670555,4,0,0,1,0,신안군,867050.0,1655550.0,True,-0.7107311601960974,-0.4921853690962267,-0.052022686838270916,-0.6670186482798448,-0.8433958617332663,32
나라567367,10,6,0,6,1,신안군,856750.0,1636750.0,True,1.2458699161084532,-0.4921853690962267,2.4840832965274346,0.7391287724182065,-0.857921487460594,33
나라115342,9,1,0,0,1,신안군,811550.0,1634250.0,True,-0.38463098081200564,-0.4921853690962267,-0.559243883511412,0.7391287724182065,-0.9667587943616296,34
나라742407,7,1,0,0,1,신안군,874250.0,1640750.0,True,-0.38463098081200564,-0.4921853690962267,-0.559243883511412,0.7391287724182065,-0.9667587943616296,34
나라733774,5,1,0,0,1,신안군,873350.0,1677450.0,True,-0.38463098081200564,-0.4921853690962267,-0.559243883511412,0.7391287724182065,-0.9667587943616296,34
나라920526,4,3,0,0,2,신안군,892050.0,1652650.0,True,0.26756937795617797,-0.4921853690962267,-0.559243883511412,2.1452761931162576,-1.0176321459424715,35
나라562409,5,5,0,0,3,신안군,856250.0,1640950.0,True,0.9197697367243616,-0.4921853690962267,-0.559243883511412,3.551423613814309,-1.0685054975233137,36
나라723780,4,0,0,2,0,신안군,872350.0,1678050.0,True,-0.7107311601960974,-0.4921853690962267,0.45519850983487015,-0.6670186482798448,-1.0970064600698368,37
나라732491,8,1,0,1,1,신안군,873250.0,1649150.0,True,-0.38463098081200564,-0.4921853690962267,-0.052022686838270916,0.7391287724182065,-1.2203693926982,38
나라671553,4,4,0,5,1,신안군,867150.0,1655350.0,True,0.5936695573402697,-0.4921853690962267,1.9768620998542932,0.7391287724182065,-1.256511247892207,39
나라824746,12,0,0,0,1,신안군,882450.0,1674650.0,True,-0.7107311601960974,-0.4921853690962267,-0.559243883511412,0.7391287724182065,-1.2928589737457212,40
나라917527,7,0,0,0,1,신안군,891750.0,1652750.0,True,-0.7107311601960974,-0.4921853690962267,-0.559243883511412,0.7391287724182065,-1.2928589737457212,40
나라758441,6,3,0,4,1,신안군,875850.0,1644150.0,True,0.26756937795617797,-0.4921853690962267,1.4696409031811521,0.7391287724182065,-1.3290008289397282,41
나라731490,16,2,0,0,2,신안군,873150.0,1649050.0,True,-0.05853080142791385,-0.4921853690962267,-0.559243883511412,2.1452761931162576,-1.3437323253265634,42
나라659246,5,2,0,3,1,신안군,865950.0,1624650.0,True,-0.05853080142791385,-0.4921853690962267,0.9624197065080111,0.7391287724182065,-1.4014904099872494,43
나라699795,8,0,0,1,1,신안군,869950.0,1679550.0,True,-0.7107311601960974,-0.4921853690962267,-0.052022686838270916,0.7391287724182065,-1.5464695720822919,44
나라583353,6,0,0,4,0,신안군,858350.0,1635350.0,True,-0.7107311601960974,-0.4921853690962267,1.4696409031811521,-0.6670186482798448,-1.6042276567429776,45
가다810646,5,3,0,0,3,신안군,781050.0,1564650.0,True,0.26756937795617797,-0.4921853690962267,-0.559243883511412,3.551423613814309,-1.7207058562914972,46
나라764833,5,0,0,5,0,신안군,876450.0,1683350.0,True,-0.7107311601960974,-0.4921853690962267,1.9768620998542932,-0.6670186482798448,-1.8578382550795483,47
나라915528,7,0,0,3,1,신안군,891550.0,1652850.0,True,-0.7107311601960974,-0.4921853690962267,0.9624197065080111,0.7391287724182065,-2.053690768755433,48
라라187399,77,109,16,2,0,여수시,1018750.0,1639950.0,True,4.322026589695277,5.167221255796926,1.5949874300151334,-0.3800760228076027,8.881792141888438,1
라라152404,81,104,12,0,0,여수시,1015250.0,1640450.0,True,4.082843229661831,3.678228531204563,-0.5928610351375196,-0.3800760228076027,8.247540289838955,2
라라152405,70,67,16,0,0,여수시,1015250.0,1640550.0,True,2.31288636541433,5.167221255796926,-0.5928610351375196,-0.3800760228076027,7.966576150183818,3
라라151404,75,78,14,0,0,여수시,1015150.0,1640450.0,True,2.8390897574879115,4.422724893500745,-0.5928610351375196,-0.3800760228076027,7.748283179961217,4
라라151405,61,101,10,1,0,여수시,1015150.0,1640550.0,True,3.9393332136417634,2.933732168908381,0.5010631974388069,-0.3800760228076027,6.812571795234542,5
라라204374,22,115,3,0,0,여수시,1020450.0,1637450.0,True,4.609046621735412,0.3279949008717445,-0.5928610351375196,-0.3800760228076027,5.423510051579718,6
라라150410,75,135,3,2,0,여수시,1015050.0,1641050.0,True,5.565780061869196,0.3279949008717445,1.5949874300151334,-0.3800760228076027,5.2863192591371755,7
라라204378,31,71,7,0,0,여수시,1020450.0,1637850.0,True,2.504233053441087,1.8169876254641082,-0.5928610351375196,-0.3800760228076027,4.807689207877757,8
라라186399,40,60,8,0,0,여수시,1018650.0,1639950.0,True,1.9780296613675055,2.1892358066121993,-0.5928610351375196,-0.3800760228076027,4.653733996952266,9
라라205378,25,67,7,0,0,여수시,1020550.0,1637850.0,True,2.31288636541433,1.8169876254641082,-0.5928610351375196,-0.3800760228076027,4.616342519851,10
라라202375,47,56,7,0,0,여수시,1020250.0,1637550.0,True,1.7866829733407488,1.8169876254641082,-0.5928610351375196,-0.3800760228076027,4.090139127777418,11
라라211386,41,83,10,2,2,여수시,1021150.0,1638650.0,True,3.0782731175213573,2.933732168908381,1.5949874300151334,2.4804961488496176,3.974263496997363,12
라라203376,31,57,8,1,0,여수시,1020350.0,1637650.0,True,1.834519645347438,2.1892358066121993,0.5010631974388069,-0.3800760228076027,3.963261864644035,13
라라212384,119,51,7,0,0,여수시,1021250.0,1638450.0,True,1.5474996133073027,1.8169876254641082,-0.5928610351375196,-0.3800760228076027,3.8509557677439723,14
라라150404,60,74,4,0,0,여수시,1015050.0,1640450.0,True,2.6477430694611543,0.7002430820198354,-0.5928610351375196,-0.3800760228076027,3.834454680453551,15
라라152403,29,30,9,0,0,여수시,1015250.0,1640350.0,True,0.5429295011668294,2.56148398776029,-0.5928610351375196,-0.3800760228076027,3.5908820178996805,16
라라188399,72,109,4,1,2,여수시,1018850.0,1639950.0,True,4.322026589695277,0.7002430820198354,0.5010631974388069,2.4804961488496176,3.5314899985709003,17
라라149411,28,20,10,0,0,여수시,1014950.0,1641150.0,True,0.06456278109993721,2.933732168908381,-0.5928610351375196,-0.3800760228076027,3.4847634789808795,18
라라136423,34,62,6,0,1,여수시,1013650.0,1642350.0,True,2.073703005380884,1.4447394443160173,-0.5928610351375196,1.0502100630210076,3.2897679357551572,19
라라150405,50,54,5,0,0,여수시,1015050.0,1640550.0,True,1.6910096293273702,1.0724912631679262,-0.5928610351375196,-0.3800760228076027,3.2499694214678576,20
라라136424,43,64,3,0,0,여수시,1013650.0,1642450.0,True,2.1693763493942626,0.3279949008717445,-0.5928610351375196,-0.3800760228076027,2.9838397792385685,21
라라204377,30,71,2,0,0,여수시,1020450.0,1637750.0,True,2.504233053441087,-0.04425328027634642,-0.5928610351375196,-0.3800760228076027,2.9464483021373016,22
라라151403,21,47,4,0,0,여수시,1015150.0,1640350.0,True,1.356152925280546,0.7002430820198354,-0.5928610351375196,-0.3800760228076027,2.5428645362729427,23
라라204379,22,18,12,3,0,여수시,1020450.0,1637950.0,True,-0.03111056291344122,3.678228531204563,2.68891166259146,-0.3800760228076027,2.492700148399193,24
라라158407,38,28,6,0,0,여수시,1015850.0,1640750.0,True,0.4472561571534509,1.4447394443160173,-0.5928610351375196,-0.3800760228076027,2.3784641304420293,25
라라150403,25,47,5,1,0,여수시,1015050.0,1640350.0,True,1.356152925280546,1.0724912631679262,0.5010631974388069,-0.3800760228076027,2.36815060113287,26
라라177400,54,23,8,1,0,여수시,1017750.0,1640050.0,True,0.20807279712000484,2.1892358066121993,0.5010631974388069,-0.3800760228076027,2.336815016416602,27
라라155404,20,11,8,0,0,여수시,1015550.0,1640450.0,True,-0.3659672669602657,2.1892358066121993,-0.5928610351375196,-0.3800760228076027,2.3097370686244947,28
라라184395,20,10,8,0,0,여수시,1018450.0,1639550.0,True,-0.41380393896695494,2.1892358066121993,-0.5928610351375196,-0.3800760228076027,2.2619003966178055,29
라라184418,20,13,7,0,0,여수시,1018450.0,1641850.0,True,-0.27029392294688726,1.8169876254641082,-0.5928610351375196,-0.3800760228076027,2.033162231489782,30
라라186398,43,58,3,0,1,여수시,1018650.0,1639850.0,True,1.8823563173541271,0.3279949008717445,-0.5928610351375196,1.0502100630210076,1.9816767042841277,31
라라174433,16,9,7,0,0,여수시,1017450.0,1643350.0,True,-0.4616406109736441,1.8169876254641082,-0.5928610351375196,-0.3800760228076027,1.8418155434630252,32
라라135424,15,31,4,0,0,여수시,1013550.0,1642450.0,True,0.5907661731735185,0.7002430820198354,-0.5928610351375196,-0.3800760228076027,1.777477784165915,33
라라138419,16,23,5,0,0,여수시,1013850.0,1641950.0,True,0.20807279712000484,1.0724912631679262,-0.5928610351375196,-0.3800760228076027,1.7670325892604923,34
라라137424,41,38,3,0,0,여수시,1013750.0,1642450.0,True,0.9256228772203431,0.3279949008717445,-0.5928610351375196,-0.3800760228076027,1.7400863070646488,35
라라143413,14,14,6,0,0,여수시,1014350.0,1641350.0,True,-0.22245725094019808,1.4447394443160173,-0.5928610351375196,-0.3800760228076027,1.7087507223483804,36
라라225382,19,20,5,0,0,여수시,1022550.0,1638250.0,True,0.06456278109993721,1.0724912631679262,-0.5928610351375196,-0.3800760228076027,1.6235225732404246,37
라라211384,24,61,3,1,1,여수시,1021150.0,1638450.0,True,2.0258663333741946,0.3279949008717445,0.5010631974388069,1.0502100630210076,1.578224604016032,38
라라215383,21,50,1,0,0,여수시,1021550.0,1638350.0,True,1.4996629413006135,-0.41650146142443734,-0.5928610351375196,-0.3800760228076027,1.5696300088487374,39
라라186416,18,26,4,0,0,여수시,1018650.0,1641650.0,True,0.3515828131400725,0.7002430820198354,-0.5928610351375196,-0.3800760228076027,1.5382944241324692,40
라라187400,48,18,5,0,0,여수시,1018750.0,1640050.0,True,-0.03111056291344122,1.0724912631679262,-0.5928610351375196,-0.3800760228076027,1.5278492292270462,41
라라183397,32,15,5,0,0,여수시,1018350.0,1639750.0,True,-0.17462057893350885,1.0724912631679262,-0.5928610351375196,-0.3800760228076027,1.3843392132069785,42
라라186397,30,53,3,2,0,여수시,1018650.0,1639750.0,True,1.643172957320681,0.3279949008717445,1.5949874300151334,-0.3800760228076027,1.3637121545886601,43
라라189399,40,29,8,2,1,여수시,1018950.0,1639950.0,True,0.49509282916014014,2.1892358066121993,1.5949874300151334,1.0502100630210076,1.3617298892542689,44
라라160390,22,6,6,0,0,여수시,1016050.0,1639050.0,True,-0.6051506269937118,1.4447394443160173,-0.5928610351375196,-0.3800760228076027,1.3260573462948666,45
라라136421,25,29,3,0,0,여수시,1013650.0,1642150.0,True,0.49509282916014014,0.3279949008717445,-0.5928610351375196,-0.3800760228076027,1.3095562590044458,46
라라223392,24,21,4,0,0,여수시,1022350.0,1639250.0,True,0.11239945310662643,0.7002430820198354,-0.5928610351375196,-0.3800760228076027,1.299111064099023,47
라라184397,40,28,3,0,0,여수시,1018450.0,1639750.0,True,0.4472561571534509,0.3279949008717445,-0.5928610351375196,-0.3800760228076027,1.2617195869977567,48
라라137423,17,20,4,0,0,여수시,1013750.0,1642350.0,True,0.06456278109993721,0.7002430820198354,-0.5928610351375196,-0.3800760228076027,1.2512743920923337,49
라라187398,43,38,5,1,1,여수시,1018750.0,1639850.0,True,0.9256228772203431,1.0724912631679262,0.5010631974388069,1.0502100630210076,1.2224775101583618,50
라라160388,33,19,4,0,0,여수시,1016050.0,1638850.0,True,0.016726109093247996,0.7002430820198354,-0.5928610351375196,-0.3800760228076027,1.2034377200856445,51
라라203375,27,33,2,0,0,여수시,1020350.0,1637550.0,True,0.686439517186897,-0.04425328027634642,-0.5928610351375196,-0.3800760228076027,1.1286547658831116,52
라라182392,40,21,5,1,0,여수시,1018250.0,1639250.0,True,0.11239945310662643,1.0724912631679262,0.5010631974388069,-0.3800760228076027,1.1243971289589505,53
라라205376,17,39,3,0,1,여수시,1020550.0,1637650.0,True,0.9734595492270323,0.3279949008717445,-0.5928610351375196,1.0502100630210076,1.072779936157033,54
라라123408,15,8,5,0,0,여수시,1012350.0,1640850.0,True,-0.5094772829803333,1.0724912631679262,-0.5928610351375196,-0.3800760228076027,1.049482509160154,55
라라226396,23,0,6,0,0,여수시,1022650.0,1639650.0,True,-0.8921706590338471,1.4447394443160173,-0.5928610351375196,-0.3800760228076027,1.0390373142547313,56
라라188400,32,30,4,0,1,여수시,1018850.0,1640050.0,True,0.5429295011668294,0.7002430820198354,-0.5928610351375196,1.0502100630210076,1.0144980692449206,57
라라135421,26,15,4,0,0,여수시,1013550.0,1642150.0,True,-0.17462057893350885,0.7002430820198354,-0.5928610351375196,-0.3800760228076027,1.0120910320588878,58
라라136420,25,22,3,0,0,여수시,1013650.0,1642050.0,True,0.16023612511331564,0.3279949008717445,-0.5928610351375196,-0.3800760228076027,0.9746995549576214,59
라라209386,103,14,4,0,0,여수시,1020950.0,1638650.0,True,-0.22245725094019808,0.7002430820198354,-0.5928610351375196,-0.3800760228076027,0.9642543600521986,60
라라181395,25,13,4,0,0,여수시,1018150.0,1639550.0,True,-0.27029392294688726,0.7002430820198354,-0.5928610351375196,-0.3800760228076027,0.9164176880455094,61
라라149412,18,27,2,0,0,여수시,1014950.0,1641250.0,True,0.3994194851467617,-0.04425328027634642,-0.5928610351375196,-0.3800760228076027,0.8416347338429765,62
라라226381,23,19,3,0,0,여수시,1022650.0,1638150.0,True,0.016726109093247996,0.3279949008717445,-0.5928610351375196,-0.3800760228076027,0.8311895389375537,63
라라223400,19,10,4,0,0,여수시,1022350.0,1640050.0,True,-0.41380393896695494,0.7002430820198354,-0.5928610351375196,-0.3800760228076027,0.7729076720254417,64
라라160410,17,2,5,0,0,여수시,1016050.0,1641050.0,True,-0.7964973150204686,1.0724912631679262,-0.5928610351375196,-0.3800760228076027,0.7624624771200188,65
라라196404,20,9,4,0,0,여수시,1019650.0,1640450.0,True,-0.4616406109736441,0.7002430820198354,-0.5928610351375196,-0.3800760228076027,0.7250710000187526,66
라라220387,31,20,4,1,0,여수시,1022050.0,1638750.0,True,0.06456278109993721,0.7002430820198354,0.5010631974388069,-0.3800760228076027,0.7043122758041706,67
라라157406,35,24,2,0,0,여수시,1015750.0,1640650.0,True,0.25590946912669404,-0.04425328027634642,-0.5928610351375196,-0.3800760228076027,0.6981247178229089,68
라라150407,18,16,3,0,0,여수시,1015050.0,1640750.0,True,-0.12678390692681965,0.3279949008717445,-0.5928610351375196,-0.3800760228076027,0.687679522917486,69
라라211385,42,27,3,1,0,여수시,1021150.0,1638550.0,True,0.3994194851467617,0.3279949008717445,0.5010631974388069,-0.3800760228076027,0.6669207987029041,70
라라213384,47,46,2,2,0,여수시,1021350.0,1638450.0,True,1.3083162532738568,-0.04425328027634642,1.5949874300151334,-0.3800760228076027,0.656607269393745,71
라라143407,47,14,3,0,0,여수시,1014350.0,1640750.0,True,-0.22245725094019808,0.3279949008717445,-0.5928610351375196,-0.3800760228076027,0.5920061789041076,72
라라151406,24,29,4,2,0,여수시,1015150.0,1640650.0,True,0.49509282916014014,0.7002430820198354,1.5949874300151334,-0.3800760228076027,0.5878802075762102,73
라라208386,35,21,5,2,0,여수시,1020850.0,1638650.0,True,0.11239945310662643,1.0724912631679262,1.5949874300151334,-0.3800760228076027,0.5774350126707872,74
라라204375,16,29,1,0,0,여수시,1020450.0,1637550.0,True,0.49509282916014014,-0.41650146142443734,-0.5928610351375196,-0.3800760228076027,0.565059896708264,75
라라133424,16,20,4,0,1,여수시,1013350.0,1642450.0,True,0.06456278109993721,0.7002430820198354,-0.5928610351375196,1.0502100630210076,0.5361313491780285,76
라라149404,18,20,2,0,0,여수시,1014950.0,1640450.0,True,0.06456278109993721,-0.04425328027634642,-0.5928610351375196,-0.3800760228076027,0.5067780297961519,77
라라191403,24,19,2,0,0,여수시,1019150.0,1640350.0,True,0.016726109093247996,-0.04425328027634642,-0.5928610351375196,-0.3800760228076027,0.45894135778946277,78
라라188398,16,34,0,0,0,여수시,1018850.0,1639850.0,True,0.7342761891935862,-0.7887496425725282,-0.5928610351375196,-0.3800760228076027,0.43199507559361916,79
라라212385,62,41,1,0,1,여수시,1021250.0,1638550.0,True,1.0691328932404107,-0.41650146142443734,-0.5928610351375196,1.0502100630210076,0.4239569178742294,80
라라137425,30,18,2,0,0,여수시,1013750.0,1642550.0,True,-0.03111056291344122,-0.04425328027634642,-0.5928610351375196,-0.3800760228076027,0.41110468578277354,81
라라220388,21,18,2,0,0,여수시,1022050.0,1638850.0,True,-0.03111056291344122,-0.04425328027634642,-0.5928610351375196,-0.3800760228076027,0.41110468578277354,81
라라183396,33,21,3,1,0,여수시,1018350.0,1639650.0,True,0.11239945310662643,0.3279949008717445,0.5010631974388069,-0.3800760228076027,0.37990076666276884,82
라라208388,18,17,2,0,0,여수시,1020850.0,1638850.0,True,-0.07894723492013044,-0.04425328027634642,-0.5928610351375196,-0.3800760228076027,0.3632680137760843,83
라라212383,40,32,0,0,0,여수시,1021250.0,1638350.0,True,0.6386028451802077,-0.7887496425725282,-0.5928610351375196,-0.3800760228076027,0.3363217315802407,84
라라192404,28,20,3,1,0,여수시,1019250.0,1640450.0,True,0.06456278109993721,0.3279949008717445,0.5010631974388069,-0.3800760228076027,0.33206409465607967,85
라라137420,27,16,2,0,0,여수시,1013750.0,1642050.0,True,-0.12678390692681965,-0.04425328027634642,-0.5928610351375196,-0.3800760228076027,0.31543134176939513,86
라라202371,54,7,3,0,0,여수시,1020250.0,1637150.0,True,-0.5573139549870225,0.3279949008717445,-0.5928610351375196,-0.3800760228076027,0.2571494748572831,87
라라185398,51,63,3,5,0,여수시,1018550.0,1639850.0,True,2.121539677387573,0.3279949008717445,4.876760127744113,-0.3800760228076027,0.20119252579106248,88
라라214384,42,20,1,0,0,여수시,1021450.0,1638450.0,True,0.06456278109993721,-0.41650146142443734,-0.5928610351375196,-0.3800760228076027,0.13452984864806103,89
라라181393,29,12,2,0,0,여수시,1018150.0,1639350.0,True,-0.3181305949535765,-0.04425328027634642,-0.5928610351375196,-0.3800760228076027,0.1240846537426383,90
라라223393,15,12,2,0,0,여수시,1022350.0,1639350.0,True,-0.3181305949535765,-0.04425328027634642,-0.5928610351375196,-0.3800760228076027,0.1240846537426383,90
라라138424,28,11,2,0,0,여수시,1013850.0,1642450.0,True,-0.3659672669602657,-0.04425328027634642,-0.5928610351375196,-0.3800760228076027,0.07624798173594907,91
라라139420,27,11,2,0,0,여수시,1013950.0,1642050.0,True,-0.3659672669602657,-0.04425328027634642,-0.5928610351375196,-0.3800760228076027,0.07624798173594907,91
라라176433,24,11,2,0,0,여수시,1017650.0,1643350.0,True,-0.3659672669602657,-0.04425328027634642,-0.5928610351375196,-0.3800760228076027,0.07624798173594907,91
라라144392,16,11,2,0,0,여수시,1014450.0,1639250.0,True,-0.3659672669602657,-0.04425328027634642,-0.5928610351375196,-0.3800760228076027,0.07624798173594907,91
라라216384,51,37,2,1,1,여수시,1021650.0,1638450.0,True,0.8777862052136538,-0.04425328027634642,0.5010631974388069,1.0502100630210076,0.0578962947074001,92
라라183395,34,18,1,0,0,여수시,1018350.0,1639550.0,True,-0.03111056291344122,-0.41650146142443734,-0.5928610351375196,-0.3800760228076027,0.038856504634682626,93
라라222390,28,18,1,0,0,여수시,1022250.0,1639050.0,True,-0.03111056291344122,-0.41650146142443734,-0.5928610351375196,-0.3800760228076027,0.038856504634682626,93
라라187397,24,18,1,0,0,여수시,1018750.0,1639750.0,True,-0.03111056291344122,-0.41650146142443734,-0.5928610351375196,-0.3800760228076027,0.038856504634682626,93
라라145403,23,10,2,0,0,여수시,1014550.0,1640350.0,True,-0.41380393896695494,-0.04425328027634642,-0.5928610351375196,-0.3800760228076027,0.028411309729259843,94
라라126421,19,10,2,0,0,여수시,1012650.0,1642150.0,True,-0.41380393896695494,-0.04425328027634642,-0.5928610351375196,-0.3800760228076027,0.028411309729259843,94
라라182395,48,17,1,0,0,여수시,1018250.0,1639550.0,True,-0.07894723492013044,-0.41650146142443734,-0.5928610351375196,-0.3800760228076027,-0.008980167372006603,95
라라185399,25,17,1,0,0,여수시,1018550.0,1639950.0,True,-0.07894723492013044,-0.41650146142443734,-0.5928610351375196,-0.3800760228076027,-0.008980167372006603,95
라라150411,15,17,1,0,0,여수시,1015050.0,1641150.0,True,-0.07894723492013044,-0.41650146142443734,-0.5928610351375196,-0.3800760228076027,-0.008980167372006603,95
라라134423,21,9,2,0,0,여수시,1013450.0,1642350.0,True,-0.4616406109736441,-0.04425328027634642,-0.5928610351375196,-0.3800760228076027,-0.01942536227742933,96
라라124409,16,9,2,0,0,여수시,1012450.0,1640950.0,True,-0.4616406109736441,-0.04425328027634642,-0.5928610351375196,-0.3800760228076027,-0.01942536227742933,96
라라222376,14,9,2,0,0,여수시,1022250.0,1637650.0,True,-0.4616406109736441,-0.04425328027634642,-0.5928610351375196,-0.3800760228076027,-0.01942536227742933,96
라라180393,23,1,3,0,0,여수시,1018050.0,1639350.0,True,-0.8443339870271578,0.3279949008717445,-0.5928610351375196,-0.3800760228076027,-0.02987055718285217,97
라라197402,17,20,2,1,0,여수시,1019750.0,1640250.0,True,0.06456278109993721,-0.04425328027634642,0.5010631974388069,-0.3800760228076027,-0.0401840864920113,98
라라135422,16,20,2,1,0,여수시,1013550.0,1642250.0,True,0.06456278109993721,-0.04425328027634642,0.5010631974388069,-0.3800760228076027,-0.0401840864920113,98
라라136422,15,16,1,0,0,여수시,1013650.0,1642250.0,True,-0.12678390692681965,-0.41650146142443734,-0.5928610351375196,-0.3800760228076027,-0.05681683937869578,99
라라161410,28,8,2,0,0,여수시,1016150.0,1641050.0,True,-0.5094772829803333,-0.04425328027634642,-0.5928610351375196,-0.3800760228076027,-0.06726203428411862,100
라라188396,21,8,2,0,0,여수시,1018850.0,1639650.0,True,-0.5094772829803333,-0.04425328027634642,-0.5928610351375196,-0.3800760228076027,-0.06726203428411862,100
라라212386,27,15,4,2,0,여수시,1021250.0,1638650.0,True,-0.17462057893350885,0.7002430820198354,1.5949874300151334,-0.3800760228076027,-0.08183320051743873,101
라라223398,23,23,0,0,0,여수시,1022350.0,1639850.0,True,0.20807279712000484,-0.7887496425725282,-0.5928610351375196,-0.3800760228076027,-0.09420831647996222,102
라라186417,33,29,1,0,1,여수시,1018650.0,1641750.0,True,0.49509282916014014,-0.41650146142443734,-0.5928610351375196,1.0502100630210076,-0.15008314620604118,103
라라137421,17,14,1,0,0,여수시,1013750.0,1642150.0,True,-0.22245725094019808,-0.41650146142443734,-0.5928610351375196,-0.3800760228076027,-0.15249018339207424,104
라라221389,29,21,2,0,1,여수시,1022150.0,1638950.0,True,0.11239945310662643,-0.04425328027634642,-0.5928610351375196,1.0502100630210076,-0.16052834111146397,105
라라146406,19,6,2,0,0,여수시,1014650.0,1640650.0,True,-0.6051506269937118,-0.04425328027634642,-0.5928610351375196,-0.3800760228076027,-0.16293537829749707,106
라라210384,36,36,3,2,1,여수시,1021050.0,1638450.0,True,0.8299495332069646,0.3279949008717445,1.5949874300151334,1.0502100630210076,-0.16465431243936146,107
라라183394,24,25,1,1,0,여수시,1018350.0,1639450.0,True,0.3037461411333833,-0.41650146142443734,0.5010631974388069,-0.3800760228076027,-0.17324890760665615,108
라라215385,50,13,1,0,0,여수시,1021550.0,1638550.0,True,-0.27029392294688726,-0.41650146142443734,-0.5928610351375196,-0.3800760228076027,-0.2003268553987634,109
라라178400,30,13,1,0,0,여수시,1017850.0,1640050.0,True,-0.27029392294688726,-0.41650146142443734,-0.5928610351375196,-0.3800760228076027,-0.2003268553987634,109
라라159408,16,13,1,0,0,여수시,1015950.0,1640850.0,True,-0.27029392294688726,-0.41650146142443734,-0.5928610351375196,-0.3800760228076027,-0.2003268553987634,109
라라150406,31,20,2,0,1,여수시,1015050.0,1640650.0,True,0.06456278109993721,-0.04425328027634642,-0.5928610351375196,1.0502100630210076,-0.2083650131181532,110
라라215384,36,27,5,4,0,여수시,1021550.0,1638450.0,True,0.3994194851467617,1.0724912631679262,3.7828358951677865,-0.3800760228076027,-0.22946918786540407,111
라라158406,16,12,1,0,0,여수시,1015850.0,1640650.0,True,-0.3181305949535765,-0.41650146142443734,-0.5928610351375196,-0.3800760228076027,-0.24816352740545258,112
라라184419,16,4,2,0,0,여수시,1018450.0,1641950.0,True,-0.7008239710070902,-0.04425328027634642,-0.5928610351375196,-0.3800760228076027,-0.2586087223108754,113
라라185420,37,11,3,0,1,여수시,1018550.0,1642050.0,True,-0.3659672669602657,0.3279949008717445,-0.5928610351375196,1.0502100630210076,-0.2666468800302652,114
라라176399,19,23,1,1,0,여수시,1017650.0,1639950.0,True,0.20807279712000484,-0.41650146142443734,0.5010631974388069,-0.3800760228076027,-0.2689222516200346,115
라라162410,14,22,1,1,0,여수시,1016250.0,1641050.0,True,0.16023612511331564,-0.41650146142443734,0.5010631974388069,-0.3800760228076027,-0.31675892362672375,116
라라151402,23,18,0,0,0,여수시,1015150.0,1640250.0,True,-0.03111056291344122,-0.7887496425725282,-0.5928610351375196,-0.3800760228076027,-0.3333916765134082,117
라라160409,23,10,1,0,0,여수시,1016050.0,1640950.0,True,-0.41380393896695494,-0.41650146142443734,-0.5928610351375196,-0.3800760228076027,-0.3438368714188311,118
라라223399,17,10,1,0,0,여수시,1022350.0,1639950.0,True,-0.41380393896695494,-0.41650146142443734,-0.5928610351375196,-0.3800760228076027,-0.3438368714188311,118
라라157407,49,2,2,0,0,여수시,1015750.0,1640750.0,True,-0.7964973150204686,-0.04425328027634642,-0.5928610351375196,-0.3800760228076027,-0.35428206632425385,119
라라141392,15,2,2,0,0,여수시,1014150.0,1639250.0,True,-0.7964973150204686,-0.04425328027634642,-0.5928610351375196,-0.3800760228076027,-0.35428206632425385,119
라라183393,23,24,4,2,1,여수시,1018350.0,1639350.0,True,0.25590946912669404,0.7002430820198354,1.5949874300151334,1.0502100630210076,-0.3664461953715411,120
라라149405,18,17,0,0,0,여수시,1014950.0,1640550.0,True,-0.07894723492013044,-0.7887496425725282,-0.5928610351375196,-0.3800760228076027,-0.38122834852009746,121
라라144413,20,9,1,0,0,여수시,1014450.0,1641350.0,True,-0.4616406109736441,-0.41650146142443734,-0.5928610351375196,-0.3800760228076027,-0.3916735434255203,122
라라132423,16,9,1,0,0,여수시,1013250.0,1642350.0,True,-0.4616406109736441,-0.41650146142443734,-0.5928610351375196,-0.3800760228076027,-0.3916735434255203,122
라라184396,32,24,2,2,0,여수시,1018450.0,1639650.0,True,0.25590946912669404,-0.04425328027634642,1.5949874300151334,-0.3800760228076027,-0.3957995147534177,123
라라210383,28,16,0,0,0,여수시,1021050.0,1638350.0,True,-0.12678390692681965,-0.7887496425725282,-0.5928610351375196,-0.3800760228076027,-0.42906502052678663,124
라라148412,29,8,1,0,0,여수시,1014850.0,1641250.0,True,-0.5094772829803333,-0.41650146142443734,-0.5928610351375196,-0.3800760228076027,-0.4395102154322095,125
라라191399,20,8,1,0,0,여수시,1019150.0,1639950.0,True,-0.5094772829803333,-0.41650146142443734,-0.5928610351375196,-0.3800760228076027,-0.4395102154322095,125
라라182391,15,8,1,0,0,여수시,1018250.0,1639150.0,True,-0.5094772829803333,-0.41650146142443734,-0.5928610351375196,-0.3800760228076027,-0.4395102154322095,125
라라211383,34,15,2,0,1,여수시,1021150.0,1638350.0,True,-0.17462057893350885,-0.04425328027634642,-0.5928610351375196,1.0502100630210076,-0.44754837315159923,126
라라210386,26,19,1,1,0,여수시,1021050.0,1638650.0,True,0.016726109093247996,-0.41650146142443734,0.5010631974388069,-0.3800760228076027,-0.4602689396467914,127
라라188397,16,11,2,1,0,여수시,1018850.0,1639750.0,True,-0.3659672669602657,-0.04425328027634642,0.5010631974388069,-0.3800760228076027,-0.4707141345522141,128
라라176400,29,18,1,1,0,여수시,1017650.0,1640050.0,True,-0.03111056291344122,-0.41650146142443734,0.5010631974388069,-0.3800760228076027,-0.5081056116534806,129
라라205375,16,14,0,0,0,여수시,1020550.0,1637550.0,True,-0.22245725094019808,-0.7887496425725282,-0.5928610351375196,-0.3800760228076027,-0.5247383645401651,130
라라154407,44,6,1,0,0,여수시,1015450.0,1640750.0,True,-0.6051506269937118,-0.41650146142443734,-0.5928610351375196,-0.3800760228076027,-0.535183559445588,131
라라138407,30,6,1,0,0,여수시,1013850.0,1640750.0,True,-0.6051506269937118,-0.41650146142443734,-0.5928610351375196,-0.3800760228076027,-0.535183559445588,131
라라158391,19,6,1,0,0,여수시,1015850.0,1639150.0,True,-0.6051506269937118,-0.41650146142443734,-0.5928610351375196,-0.3800760228076027,-0.535183559445588,131
라라156404,19,6,1,0,0,여수시,1015650.0,1640450.0,True,-0.6051506269937118,-0.41650146142443734,-0.5928610351375196,-0.3800760228076027,-0.535183559445588,131
라라137407,17,6,1,0,0,여수시,1013750.0,1640750.0,True,-0.6051506269937118,-0.41650146142443734,-0.5928610351375196,-0.3800760228076027,-0.535183559445588,131
라라224383,19,13,0,0,0,여수시,1022450.0,1638350.0,True,-0.27029392294688726,-0.7887496425725282,-0.5928610351375196,-0.3800760228076027,-0.5725750365468543,132
라라214385,59,5,1,0,0,여수시,1021450.0,1638550.0,True,-0.652987299000401,-0.41650146142443734,-0.5928610351375196,-0.3800760228076027,-0.5830202314522772,133
라라222392,34,5,1,0,0,여수시,1022250.0,1639250.0,True,-0.652987299000401,-0.41650146142443734,-0.5928610351375196,-0.3800760228076027,-0.5830202314522772,133
라라127408,28,5,1,0,0,여수시,1012750.0,1640850.0,True,-0.652987299000401,-0.41650146142443734,-0.5928610351375196,-0.3800760228076027,-0.5830202314522772,133
라라146407,27,5,1,0,0,여수시,1014650.0,1640750.0,True,-0.652987299000401,-0.41650146142443734,-0.5928610351375196,-0.3800760228076027,-0.5830202314522772,133
라라228363,15,5,1,0,0,여수시,1022850.0,1636350.0,True,-0.652987299000401,-0.41650146142443734,-0.5928610351375196,-0.3800760228076027,-0.5830202314522772,133
라라144402,23,16,1,1,0,여수시,1014450.0,1640250.0,True,-0.12678390692681965,-0.41650146142443734,0.5010631974388069,-0.3800760228076027,-0.603778955666859,134
라라130419,17,12,0,0,0,여수시,1013050.0,1641950.0,True,-0.3181305949535765,-0.7887496425725282,-0.5928610351375196,-0.3800760228076027,-0.6204117085535434,135
라라190395,15,12,0,0,0,여수시,1019050.0,1639550.0,True,-0.3181305949535765,-0.7887496425725282,-0.5928610351375196,-0.3800760228076027,-0.6204117085535434,135
라라190414,21,15,3,1,1,여수시,1019050.0,1641450.0,True,-0.17462057893350885,0.3279949008717445,0.5010631974388069,1.0502100630210076,-0.6222623082916716,136
라라213383,23,7,2,1,0,여수시,1021350.0,1638350.0,True,-0.5573139549870225,-0.04425328027634642,0.5010631974388069,-0.3800760228076027,-0.662060822578971,137
라라191417,23,26,0,0,1,여수시,1019150.0,1641750.0,True,0.3515828131400725,-0.7887496425725282,-0.5928610351375196,1.0502100630210076,-0.6658413433741996,138
라라126411,24,11,0,0,0,여수시,1012650.0,1641150.0,True,-0.3659672669602657,-0.7887496425725282,-0.5928610351375196,-0.3800760228076027,-0.6682483805602328,139
라라2138,22,11,0,0,0,여수시,1021500.0,1638500.0,True,-0.3659672669602657,-0.7887496425725282,-0.5928610351375196,-0.3800760228076027,-0.6682483805602328,139
라라131421,16,11,0,0,0,여수시,1013150.0,1642150.0,True,-0.3659672669602657,-0.7887496425725282,-0.5928610351375196,-0.3800760228076027,-0.6682483805602328,139
라라209385,52,26,1,2,0,여수시,1020950.0,1638550.0,True,0.3515828131400725,-0.41650146142443734,1.5949874300151334,-0.3800760228076027,-0.6723743518881302,140
라라155406,51,3,1,0,0,여수시,1015550.0,1640650.0,True,-0.7486606430137794,-0.41650146142443734,-0.5928610351375196,-0.3800760228076027,-0.6786935754656556,141
라라156405,23,3,1,0,0,여수시,1015650.0,1640550.0,True,-0.7486606430137794,-0.41650146142443734,-0.5928610351375196,-0.3800760228076027,-0.6786935754656556,141
라라186418,16,18,2,2,0,여수시,1018650.0,1641850.0,True,-0.03111056291344122,-0.04425328027634642,1.5949874300151334,-0.3800760228076027,-0.682819546793553,142
라라147413,35,10,2,0,1,여수시,1014750.0,1641350.0,True,-0.41380393896695494,-0.04425328027634642,-0.5928610351375196,1.0502100630210076,-0.6867317331850453,143
라라210385,26,22,0,1,0,여수시,1021050.0,1638550.0,True,0.16023612511331564,-0.7887496425725282,0.5010631974388069,-0.3800760228076027,-0.6890071047748146,144
라라152406,38,10,0,0,0,여수시,1015250.0,1640650.0,True,-0.41380393896695494,-0.7887496425725282,-0.5928610351375196,-0.3800760228076027,-0.716085052566922,145
라라142412,29,10,0,0,0,여수시,1014250.0,1641250.0,True,-0.41380393896695494,-0.7887496425725282,-0.5928610351375196,-0.3800760228076027,-0.716085052566922,145
라라144403,29,10,0,0,0,여수시,1014450.0,1640350.0,True,-0.41380393896695494,-0.7887496425725282,-0.5928610351375196,-0.3800760228076027,-0.716085052566922,145
라라122408,17,10,0,0,0,여수시,1012250.0,1640850.0,True,-0.41380393896695494,-0.7887496425725282,-0.5928610351375196,-0.3800760228076027,-0.716085052566922,145
라라159409,21,2,1,0,0,여수시,1015950.0,1640950.0,True,-0.7964973150204686,-0.41650146142443734,-0.5928610351375196,-0.3800760228076027,-0.7265302474723447,146
라라139389,34,9,0,0,0,여수시,1013950.0,1638950.0,True,-0.4616406109736441,-0.7887496425725282,-0.5928610351375196,-0.3800760228076027,-0.7639217245736112,147
라라156407,22,9,0,0,0,여수시,1015650.0,1640750.0,True,-0.4616406109736441,-0.7887496425725282,-0.5928610351375196,-0.3800760228076027,-0.7639217245736112,147
라라140390,21,9,0,0,0,여수시,1014050.0,1639050.0,True,-0.4616406109736441,-0.7887496425725282,-0.5928610351375196,-0.3800760228076027,-0.7639217245736112,147
라라159403,19,9,0,0,0,여수시,1015950.0,1640350.0,True,-0.4616406109736441,-0.7887496425725282,-0.5928610351375196,-0.3800760228076027,-0.7639217245736112,147
라라216385,29,20,0,1,0,여수시,1021650.0,1638550.0,True,0.06456278109993721,-0.7887496425725282,0.5010631974388069,-0.3800760228076027,-0.7846804487881931,148
라라212382,41,35,1,3,0,여수시,1021250.0,1638250.0,True,0.7821128612002753,-0.41650146142443734,2.68891166259146,-0.3800760228076027,-0.7888064201160906,149
라라200376,26,8,0,0,0,여수시,1020050.0,1637650.0,True,-0.5094772829803333,-0.7887496425725282,-0.5928610351375196,-0.3800760228076027,-0.8117583965803004,150
라라218385,20,8,0,0,0,여수시,1021850.0,1638550.0,True,-0.5094772829803333,-0.7887496425725282,-0.5928610351375196,-0.3800760228076027,-0.8117583965803004,150
라라138388,15,8,0,0,0,여수시,1013850.0,1638850.0,True,-0.5094772829803333,-0.7887496425725282,-0.5928610351375196,-0.3800760228076027,-0.8117583965803004,150
라라208385,57,30,1,0,2,여수시,1020850.0,1638550.0,True,0.5429295011668294,-0.41650146142443734,-0.5928610351375196,2.4804961488496176,-0.8173895171136569,151
라라185419,20,11,1,1,0,여수시,1018550.0,1641950.0,True,-0.3659672669602657,-0.41650146142443734,0.5010631974388069,-0.3800760228076027,-0.842962315700305,152
라라146403,18,11,1,1,0,여수시,1014650.0,1640350.0,True,-0.3659672669602657,-0.41650146142443734,0.5010631974388069,-0.3800760228076027,-0.842962315700305,152
라라146413,38,7,0,0,0,여수시,1014650.0,1641350.0,True,-0.5573139549870225,-0.7887496425725282,-0.5928610351375196,-0.3800760228076027,-0.8595950685869895,153
라라139407,32,7,0,0,0,여수시,1013950.0,1640750.0,True,-0.5573139549870225,-0.7887496425725282,-0.5928610351375196,-0.3800760228076027,-0.8595950685869895,153
라라140420,16,7,0,0,0,여수시,1014050.0,1642050.0,True,-0.5573139549870225,-0.7887496425725282,-0.5928610351375196,-0.3800760228076027,-0.8595950685869895,153
라라196373,15,5,4,0,2,여수시,1019650.0,1637350.0,True,-0.652987299000401,0.7002430820198354,-0.5928610351375196,2.4804961488496176,-0.8965617738366145,154
라라181392,18,6,0,0,0,여수시,1018150.0,1639250.0,True,-0.6051506269937118,-0.7887496425725282,-0.5928610351375196,-0.3800760228076027,-0.9074317405936787,155
라라178394,17,6,0,0,0,여수시,1017850.0,1639450.0,True,-0.6051506269937118,-0.7887496425725282,-0.5928610351375196,-0.3800760228076027,-0.9074317405936787,155
라라142400,16,6,0,0,0,여수시,1014250.0,1640050.0,True,-0.6051506269937118,-0.7887496425725282,-0.5928610351375196,-0.3800760228076027,-0.9074317405936787,155
라라155407,24,9,1,1,0,여수시,1015550.0,1640750.0,True,-0.4616406109736441,-0.41650146142443734,0.5010631974388069,-0.3800760228076027,-0.9386356597136836,156
라라152409,17,9,1,1,0,여수시,1015250.0,1640950.0,True,-0.4616406109736441,-0.41650146142443734,0.5010631974388069,-0.3800760228076027,-0.9386356597136836,156
라라219385,18,20,0,0,1,여수시,1021950.0,1638550.0,True,0.06456278109993721,-0.7887496425725282,-0.5928610351375196,1.0502100630210076,-0.952861375414335,157
라라213380,25,5,0,0,0,여수시,1021350.0,1638050.0,True,-0.652987299000401,-0.7887496425725282,-0.5928610351375196,-0.3800760228076027,-0.9552684126003679,158
라라186400,22,5,0,0,0,여수시,1018650.0,1640050.0,True,-0.652987299000401,-0.7887496425725282,-0.5928610351375196,-0.3800760228076027,-0.9552684126003679,158
라라210387,19,5,0,0,0,여수시,1021050.0,1638750.0,True,-0.652987299000401,-0.7887496425725282,-0.5928610351375196,-0.3800760228076027,-0.9552684126003679,158
라라1540,17,5,0,0,0,여수시,1015500.0,1640500.0,True,-0.652987299000401,-0.7887496425725282,-0.5928610351375196,-0.3800760228076027,-0.9552684126003679,158
라라222389,15,5,0,0,0,여수시,1022250.0,1638950.0,True,-0.652987299000401,-0.7887496425725282,-0.5928610351375196,-0.3800760228076027,-0.9552684126003679,158
라라220381,23,20,1,2,0,여수시,1022050.0,1638150.0,True,0.06456278109993721,-0.41650146142443734,1.5949874300151334,-0.3800760228076027,-0.9593943839282655,159
라라162393,28,8,1,1,0,여수시,1016250.0,1639350.0,True,-0.5094772829803333,-0.41650146142443734,0.5010631974388069,-0.3800760228076027,-0.9864723317203727,160
라라141399,17,4,0,0,0,여수시,1014150.0,1639950.0,True,-0.7008239710070902,-0.7887496425725282,-0.5928610351375196,-0.3800760228076027,-1.003105084607057,161
라라228380,32,22,1,1,1,여수시,1022850.0,1638050.0,True,0.16023612511331564,-0.41650146142443734,0.5010631974388069,1.0502100630210076,-1.031901966541029,162
라라192403,27,22,1,1,1,여수시,1019250.0,1640350.0,True,0.16023612511331564,-0.41650146142443734,0.5010631974388069,1.0502100630210076,-1.031901966541029,162
라라126410,23,3,0,0,0,여수시,1012650.0,1641050.0,True,-0.7486606430137794,-0.7887496425725282,-0.5928610351375196,-0.3800760228076027,-1.0509417566137464,163
라라126409,19,3,0,0,0,여수시,1012650.0,1640950.0,True,-0.7486606430137794,-0.7887496425725282,-0.5928610351375196,-0.3800760228076027,-1.0509417566137464,163
라라181394,19,3,0,0,0,여수시,1018150.0,1639450.0,True,-0.7486606430137794,-0.7887496425725282,-0.5928610351375196,-0.3800760228076027,-1.0509417566137464,163
라라167393,19,3,0,0,0,여수시,1016750.0,1639350.0,True,-0.7486606430137794,-0.7887496425725282,-0.5928610351375196,-0.3800760228076027,-1.0509417566137464,163
라라131419,14,3,0,0,0,여수시,1013150.0,1641950.0,True,-0.7486606430137794,-0.7887496425725282,-0.5928610351375196,-0.3800760228076027,-1.0509417566137464,163
라라160393,32,2,0,0,0,여수시,1016050.0,1639350.0,True,-0.7964973150204686,-0.7887496425725282,-0.5928610351375196,-0.3800760228076027,-1.0987784286204356,164
라라145407,24,2,0,0,0,여수시,1014550.0,1640750.0,True,-0.7964973150204686,-0.7887496425725282,-0.5928610351375196,-0.3800760228076027,-1.0987784286204356,164
라라159411,16,2,0,0,0,여수시,1015950.0,1641150.0,True,-0.7964973150204686,-0.7887496425725282,-0.5928610351375196,-0.3800760228076027,-1.0987784286204356,164
라라228362,25,13,0,1,0,여수시,1022850.0,1636250.0,True,-0.27029392294688726,-0.7887496425725282,0.5010631974388069,-0.3800760228076027,-1.1195371528350175,165
라라142408,26,1,0,0,0,여수시,1014250.0,1640850.0,True,-0.8443339870271578,-0.7887496425725282,-0.5928610351375196,-0.3800760228076027,-1.1466151006271248,166
라라127407,19,1,0,0,0,여수시,1012750.0,1640750.0,True,-0.8443339870271578,-0.7887496425725282,-0.5928610351375196,-0.3800760228076027,-1.1466151006271248,166
라라161392,16,1,0,0,0,여수시,1016150.0,1639250.0,True,-0.8443339870271578,-0.7887496425725282,-0.5928610351375196,-0.3800760228076027,-1.1466151006271248,166
라라141421,14,1,0,0,0,여수시,1014150.0,1642150.0,True,-0.8443339870271578,-0.7887496425725282,-0.5928610351375196,-0.3800760228076027,-1.1466151006271248,166
라라222398,19,11,4,1,2,여수시,1022250.0,1639850.0,True,-0.3659672669602657,0.7002430820198354,0.5010631974388069,2.4804961488496176,-1.1565038580846425,167
라라154406,99,4,1,1,0,여수시,1015450.0,1640650.0,True,-0.7008239710070902,-0.41650146142443734,0.5010631974388069,-0.3800760228076027,-1.1778190197471297,168
라라145451,33,0,0,0,0,여수시,1014550.0,1645150.0,True,-0.8921706590338471,-0.7887496425725282,-0.5928610351375196,-0.3800760228076027,-1.1944517726338142,169
라라131376,22,0,0,0,0,여수시,1013150.0,1637650.0,True,-0.8921706590338471,-0.7887496425725282,-0.5928610351375196,-0.3800760228076027,-1.1944517726338142,169
라라146444,16,0,0,0,0,여수시,1014650.0,1644450.0,True,-0.8921706590338471,-0.7887496425725282,-0.5928610351375196,-0.3800760228076027,-1.1944517726338142,169
라라183420,16,0,0,0,0,여수시,1018350.0,1642050.0,True,-0.8921706590338471,-0.7887496425725282,-0.5928610351375196,-0.3800760228076027,-1.1944517726338142,169
라라163392,15,0,0,0,0,여수시,1016350.0,1639250.0,True,-0.8921706590338471,-0.7887496425725282,-0.5928610351375196,-0.3800760228076027,-1.1944517726338142,169
라라155405,43,3,1,1,0,여수시,1015550.0,1640550.0,True,-0.7486606430137794,-0.41650146142443734,0.5010631974388069,-0.3800760228076027,-1.2256556917538188,170
라라138420,34,10,0,1,0,여수시,1013850.0,1642050.0,True,-0.41380393896695494,-0.7887496425725282,0.5010631974388069,-0.3800760228076027,-1.2630471688550853,171
라라153405,26,25,1,3,0,여수시,1015350.0,1640550.0,True,0.3037461411333833,-0.41650146142443734,2.68891166259146,-0.3800760228076027,-1.2671731401829827,172
라라142399,27,2,1,1,0,여수시,1014250.0,1639950.0,True,-0.7964973150204686,-0.41650146142443734,0.5010631974388069,-0.3800760228076027,-1.273492363760508,173
라라127409,19,13,0,0,1,여수시,1012750.0,1640950.0,True,-0.27029392294688726,-0.7887496425725282,-0.5928610351375196,1.0502100630210076,-1.2877180794611593,174
라라211382,22,4,1,0,1,여수시,1021150.0,1638250.0,True,-0.7008239710070902,-0.41650146142443734,-0.5928610351375196,1.0502100630210076,-1.3459999463732717,175
라라190399,27,7,0,1,0,여수시,1019050.0,1639950.0,True,-0.5573139549870225,-0.7887496425725282,0.5010631974388069,-0.3800760228076027,-1.4065571848751528,176
라라183392,21,7,0,1,0,여수시,1018350.0,1639250.0,True,-0.5573139549870225,-0.7887496425725282,0.5010631974388069,-0.3800760228076027,-1.4065571848751528,176
라라133420,19,7,0,1,0,여수시,1013350.0,1642050.0,True,-0.5573139549870225,-0.7887496425725282,0.5010631974388069,-0.3800760228076027,-1.4065571848751528,176
라라132420,17,7,0,1,0,여수시,1013250.0,1642050.0,True,-0.5573139549870225,-0.7887496425725282,0.5010631974388069,-0.3800760228076027,-1.4065571848751528,176
라라143403,15,7,0,1,0,여수시,1014350.0,1640350.0,True,-0.5573139549870225,-0.7887496425725282,0.5010631974388069,-0.3800760228076027,-1.4065571848751528,176
라라197403,27,25,2,4,0,여수시,1019750.0,1640350.0,True,0.3037461411333833,-0.04425328027634642,3.7828358951677865,-0.3800760228076027,-1.441887075323055,177
라라222391,20,9,2,0,2,여수시,1022250.0,1639150.0,True,-0.4616406109736441,-0.04425328027634642,-0.5928610351375196,2.4804961488496176,-1.4497114481060396,178
라라223382,23,6,0,1,0,여수시,1022350.0,1638250.0,True,-0.6051506269937118,-0.7887496425725282,0.5010631974388069,-0.3800760228076027,-1.454393856881842,179
라라234360,14,12,1,1,1,여수시,1023450.0,1636050.0,True,-0.3181305949535765,-0.41650146142443734,0.5010631974388069,1.0502100630210076,-1.5102686866079211,180
라라129419,17,8,1,2,0,여수시,1012950.0,1641950.0,True,-0.5094772829803333,-0.41650146142443734,1.5949874300151334,-0.3800760228076027,-1.533434448008536,181
라라143404,22,4,0,1,0,여수시,1014350.0,1640450.0,True,-0.7008239710070902,-0.7887496425725282,0.5010631974388069,-0.3800760228076027,-1.5500672008952203,182
라라124408,18,4,0,1,0,여수시,1012450.0,1640850.0,True,-0.7008239710070902,-0.7887496425725282,0.5010631974388069,-0.3800760228076027,-1.5500672008952203,182
라라156406,17,4,0,1,0,여수시,1015650.0,1640650.0,True,-0.7008239710070902,-0.7887496425725282,0.5010631974388069,-0.3800760228076027,-1.5500672008952203,182
라라125409,15,4,0,1,0,여수시,1012550.0,1640950.0,True,-0.7008239710070902,-0.7887496425725282,0.5010631974388069,-0.3800760228076027,-1.5500672008952203,182
라라143410,18,3,0,1,0,여수시,1014350.0,1641050.0,True,-0.7486606430137794,-0.7887496425725282,0.5010631974388069,-0.3800760228076027,-1.5979038729019097,183
라라207377,15,3,0,1,0,여수시,1020750.0,1637750.0,True,-0.7486606430137794,-0.7887496425725282,0.5010631974388069,-0.3800760228076027,-1.5979038729019097,183
라라182396,14,3,0,1,0,여수시,1018250.0,1639650.0,True,-0.7486606430137794,-0.7887496425725282,0.5010631974388069,-0.3800760228076027,-1.5979038729019097,183
라라154405,58,9,3,1,2,여수시,1015450.0,1640550.0,True,-0.4616406109736441,0.3279949008717445,0.5010631974388069,2.4804961488496176,-1.6244253832461117,184
라라214383,30,21,1,2,1,여수시,1021450.0,1638350.0,True,0.11239945310662643,-0.41650146142443734,1.5949874300151334,1.0502100630210076,-1.6267007548358814,185
라라209387,28,28,0,2,1,여수시,1020950.0,1638750.0,True,0.4472561571534509,-0.7887496425725282,1.5949874300151334,1.0502100630210076,-1.6640922319371478,186
라라185397,16,16,0,1,1,여수시,1018550.0,1639750.0,True,-0.12678390692681965,-0.7887496425725282,0.5010631974388069,1.0502100630210076,-1.691170179729255,187
라라155410,31,1,0,1,0,여수시,1015550.0,1641050.0,True,-0.8443339870271578,-0.7887496425725282,0.5010631974388069,-0.3800760228076027,-1.693577216915288,188
라라143409,32,4,1,2,0,여수시,1014350.0,1640950.0,True,-0.7008239710070902,-0.41650146142443734,1.5949874300151334,-0.3800760228076027,-1.724781136035293,189
라라159407,29,10,4,2,2,여수시,1015950.0,1640750.0,True,-0.41380393896695494,0.7002430820198354,1.5949874300151334,2.4804961488496176,-1.751302646379495,190
라라156408,23,3,1,2,0,여수시,1015650.0,1640850.0,True,-0.7486606430137794,-0.41650146142443734,1.5949874300151334,-0.3800760228076027,-1.772617808041982,191
라라147407,24,2,0,0,1,여수시,1014750.0,1640750.0,True,-0.7964973150204686,-0.7887496425725282,-0.5928610351375196,1.0502100630210076,-1.8139214715347407,192
라라155408,57,1,0,0,1,여수시,1015550.0,1640850.0,True,-0.8443339870271578,-0.7887496425725282,-0.5928610351375196,1.0502100630210076,-1.8617581435414299,193
라라072541,24,8,1,0,2,여수시,1007250.0,1654150.0,True,-0.5094772829803333,-0.41650146142443734,-0.5928610351375196,2.4804961488496176,-1.8697963012608196,194
라라189410,18,4,1,1,1,여수시,1018950.0,1641050.0,True,-0.7008239710070902,-0.41650146142443734,0.5010631974388069,1.0502100630210076,-1.892962062661435,195
라라145413,31,8,0,2,0,여수시,1014550.0,1641350.0,True,-0.5094772829803333,-0.7887496425725282,1.5949874300151334,-0.3800760228076027,-1.905682629156627,196
다다824594,17,0,0,0,1,여수시,982450.0,1559450.0,True,-0.8921706590338471,-0.7887496425725282,-0.5928610351375196,1.0502100630210076,-1.9095948155481195,197
라라163394,18,15,1,2,1,여수시,1016350.0,1639450.0,True,-0.17462057893350885,-0.41650146142443734,1.5949874300151334,1.0502100630210076,-1.9137207868760169,198
라라208384,21,21,1,4,0,여수시,1020850.0,1638450.0,True,0.11239945310662643,-0.41650146142443734,3.7828358951677865,-0.3800760228076027,-2.0054819444979026,199
라라148413,19,13,1,2,1,여수시,1014850.0,1641350.0,True,-0.27029392294688726,-0.41650146142443734,1.5949874300151334,1.0502100630210076,-2.0093941308893952,200
라라157404,19,4,0,2,0,여수시,1015750.0,1640450.0,True,-0.7008239710070902,-0.7887496425725282,1.5949874300151334,-0.3800760228076027,-2.0970293171833836,201
라라208387,15,21,1,3,1,여수시,1020850.0,1638750.0,True,0.11239945310662643,-0.41650146142443734,2.68891166259146,1.0502100630210076,-2.1736628711240447,202
라라146412,17,1,0,2,0,여수시,1014650.0,1641250.0,True,-0.8443339870271578,-0.7887496425725282,1.5949874300151334,-0.3800760228076027,-2.240539333203451,203
라라213385,82,17,3,3,2,여수시,1021350.0,1638550.0,True,-0.07894723492013044,0.3279949008717445,2.68891166259146,2.4804961488496176,-2.335656239768925,204
다다825593,17,0,0,0,2,여수시,982550.0,1559350.0,True,-0.8921706590338471,-0.7887496425725282,-0.5928610351375196,2.4804961488496176,-2.6247378584624244,205
라라142413,26,8,1,3,1,여수시,1014250.0,1641350.0,True,-0.5094772829803333,-0.41650146142443734,2.68891166259146,1.0502100630210076,-2.7955396072110044,206
라라199374,19,4,0,2,1,여수시,1019950.0,1637450.0,True,-0.7008239710070902,-0.7887496425725282,1.5949874300151334,1.0502100630210076,-2.812172360097689,207
라라154408,43,15,0,2,2,여수시,1015450.0,1640850.0,True,-0.17462057893350885,-0.7887496425725282,1.5949874300151334,2.4804961488496176,-3.001112010938413,208
라라072542,20,3,1,1,3,여수시,1007250.0,1654250.0,True,-0.7486606430137794,-0.41650146142443734,0.5010631974388069,3.9107822346782277,-3.3710848204967343,209
라라143400,21,2,0,5,0,여수시,1014350.0,1640050.0,True,-0.7964973150204686,-0.7887496425725282,4.876760127744113,-0.3800760228076027,-3.8335890100612517,210
라라127410,17,2,0,1,4,여수시,1012750.0,1641050.0,True,-0.7964973150204686,-0.7887496425725282,0.5010631974388069,5.341068320506838,-4.506312716565819,211
다다825592,20,6,0,0,7,여수시,982550.0,1559250.0,True,-0.6051506269937118,-0.7887496425725282,-0.5928610351375196,9.631926577992669,-5.913433040993814,212
다라096982,18,91,0,0,0,영광군,909650.0,1698250.0,True,6.026114304646871,-0.5802423146276052,-0.5390989584634133,-0.46882852052007545,5.94983572951101,1
다라090982,37,37,5,1,0,영광군,909050.0,1698250.0,True,2.0330413590700536,3.1770644768134453,1.0989324922523425,-0.46882852052007545,4.895053850017365,2
다라090983,31,40,4,1,0,영광군,909050.0,1698350.0,True,2.254878744935432,2.4256031185252347,1.0989324922523425,-0.46882852052007545,4.365429877594534,3
다라092982,50,51,3,2,0,영광군,909250.0,1698250.0,True,3.0682824931084878,1.6741417602370248,2.7369639429680985,-0.46882852052007545,3.6083565421215007,4
다라091983,19,30,5,1,1,영광군,909150.0,1698350.0,True,1.5154207920508365,3.1770644768134453,1.0989324922523425,1.214692075892923,3.535672984791649,5
다라092983,33,22,3,0,0,영광군,909250.0,1698350.0,True,0.9238544297431598,1.6741417602370248,-0.5390989584634133,-0.46882852052007545,3.101959929471929,6
다라101981,45,16,3,0,0,영광군,910150.0,1698150.0,True,0.4801796580124022,1.6741417602370248,-0.5390989584634133,-0.46882852052007545,2.6582851577411715,7
다라091980,18,26,2,0,0,영광군,909150.0,1698050.0,True,1.2196376108969982,0.9226804019488147,-0.5390989584634133,-0.46882852052007545,2.6462817523375572,8
다라093983,43,14,3,0,0,영광군,909350.0,1698350.0,True,0.332288067435483,1.6741417602370248,-0.5390989584634133,-0.46882852052007545,2.510393567164252,9
다라095982,30,15,6,1,2,영광군,909550.0,1698250.0,True,0.40623386272394263,3.9285258351016554,1.0989324922523425,2.898212672305921,2.3361871155464664,10
다마041113,8,11,3,0,0,영광군,904150.0,1711350.0,True,0.11045068157010426,1.6741417602370248,-0.5390989584634133,-0.46882852052007545,2.2885561812988735,11
다라090981,25,9,2,0,0,영광군,909050.0,1698150.0,True,-0.03744090900681492,0.9226804019488147,-0.5390989584634133,-0.46882852052007545,1.389203232433744,12
다라089984,16,9,2,0,0,영광군,908950.0,1698450.0,True,-0.03744090900681492,0.9226804019488147,-0.5390989584634133,-0.46882852052007545,1.389203232433744,12
다라092980,12,9,2,0,0,영광군,909250.0,1698050.0,True,-0.03744090900681492,0.9226804019488147,-0.5390989584634133,-0.46882852052007545,1.389203232433744,12
다라092981,26,22,0,0,0,영광군,909250.0,1698150.0,True,0.9238544297431598,-0.5802423146276052,-0.5390989584634133,-0.46882852052007545,0.847575854607299,13
나라975912,27,1,2,0,0,영광군,897550.0,1691250.0,True,-0.6290072713144916,0.9226804019488147,-0.5390989584634133,-0.46882852052007545,0.7976368701260675,14
다라100983,19,8,1,0,0,영광군,910050.0,1698350.0,True,-0.1113867042952745,0.1712190436606048,-0.5390989584634133,-0.46882852052007545,0.5637960788570747,15
다라099983,18,8,1,0,0,영광군,909950.0,1698350.0,True,-0.1113867042952745,0.1712190436606048,-0.5390989584634133,-0.46882852052007545,0.5637960788570747,15
다라101982,68,19,2,0,2,영광군,910150.0,1698250.0,True,0.702017043877781,0.9226804019488147,-0.5390989584634133,2.898212672305921,0.4451405889053417,16
다라092979,8,6,1,0,0,영광군,909250.0,1697950.0,True,-0.25927829487219367,0.1712190436606048,-0.5390989584634133,-0.46882852052007545,0.41590448828015547,17
다라095983,18,5,1,0,0,영광군,909550.0,1698350.0,True,-0.3332240901606533,0.1712190436606048,-0.5390989584634133,-0.46882852052007545,0.3419586929916959,18
다라093981,17,4,1,0,0,영광군,909350.0,1698150.0,True,-0.40716988544911287,0.1712190436606048,-0.5390989584634133,-0.46882852052007545,0.26801289770323633,19
다라101983,36,36,0,1,1,영광군,910150.0,1698350.0,True,1.959095563781594,-0.5802423146276052,1.0989324922523425,1.214692075892923,0.22204096508135618,20
다라098982,17,3,1,0,0,영광군,909850.0,1698250.0,True,-0.48111568073757244,0.1712190436606048,-0.5390989584634133,-0.46882852052007545,0.19406710241477673,21
다라089980,12,13,1,1,0,영광군,908950.0,1698050.0,True,0.25834227214702343,0.1712190436606048,1.0989324922523425,-0.46882852052007545,0.11450932994149474,22
다라094983,20,12,0,0,0,영광군,909450.0,1698350.0,True,0.18439647685856386,-0.5802423146276052,-0.5390989584634133,-0.46882852052007545,0.108117901722703,23
다라102983,9,12,2,2,0,영광군,910250.0,1698350.0,True,0.18439647685856386,0.9226804019488147,2.7369639429680985,-0.46882852052007545,-0.026990832416632943,24
다라089982,26,10,0,0,0,영광군,908950.0,1698250.0,True,0.03650488628164467,-0.5802423146276052,-0.5390989584634133,-0.46882852052007545,-0.039773688854216144,25
다마037076,10,8,0,0,0,영광군,903750.0,1707650.0,True,-0.1113867042952745,-0.5802423146276052,-0.5390989584634133,-0.46882852052007545,-0.1876652794311354,26
다라097982,15,7,0,0,0,영광군,909750.0,1698250.0,True,-0.1853324995837341,-0.5802423146276052,-0.5390989584634133,-0.46882852052007545,-0.261611074719595,27
다라090985,15,7,0,0,0,영광군,909050.0,1698550.0,True,-0.1853324995837341,-0.5802423146276052,-0.5390989584634133,-0.46882852052007545,-0.261611074719595,27
다라094978,13,7,0,0,0,영광군,909450.0,1697850.0,True,-0.1853324995837341,-0.5802423146276052,-0.5390989584634133,-0.46882852052007545,-0.261611074719595,27
다라093984,12,7,0,0,0,영광군,909350.0,1698450.0,True,-0.1853324995837341,-0.5802423146276052,-0.5390989584634133,-0.46882852052007545,-0.261611074719595,27
다라091981,16,19,1,1,1,영광군,909150.0,1698150.0,True,0.702017043877781,0.1712190436606048,1.0989324922523425,1.214692075892923,-0.2835761965342469,28
다라090989,23,6,0,0,0,영광군,909050.0,1698950.0,True,-0.25927829487219367,-0.5802423146276052,-0.5390989584634133,-0.46882852052007545,-0.33555687000805456,29
다라099982,23,4,0,0,0,영광군,909950.0,1698250.0,True,-0.40716988544911287,-0.5802423146276052,-0.5390989584634133,-0.46882852052007545,-0.4834484605849737,30
다라090984,17,4,0,0,0,영광군,909050.0,1698450.0,True,-0.40716988544911287,-0.5802423146276052,-0.5390989584634133,-0.46882852052007545,-0.4834484605849737,30
다라094984,16,4,0,0,0,영광군,909450.0,1698450.0,True,-0.40716988544911287,-0.5802423146276052,-0.5390989584634133,-0.46882852052007545,-0.4834484605849737,30
다라088977,7,4,0,0,0,영광군,908850.0,1697750.0,True,-0.40716988544911287,-0.5802423146276052,-0.5390989584634133,-0.46882852052007545,-0.4834484605849737,30
다라100982,25,3,0,0,0,영광군,910050.0,1698250.0,True,-0.48111568073757244,-0.5802423146276052,-0.5390989584634133,-0.46882852052007545,-0.5573942558734334,31
다라092984,17,3,0,0,0,영광군,909250.0,1698450.0,True,-0.48111568073757244,-0.5802423146276052,-0.5390989584634133,-0.46882852052007545,-0.5573942558734334,31
다라097984,14,3,0,0,0,영광군,909750.0,1698450.0,True,-0.48111568073757244,-0.5802423146276052,-0.5390989584634133,-0.46882852052007545,-0.5573942558734334,31
다라096983,13,3,0,0,0,영광군,909650.0,1698350.0,True,-0.48111568073757244,-0.5802423146276052,-0.5390989584634133,-0.46882852052007545,-0.5573942558734334,31
다라098984,11,3,0,0,0,영광군,909850.0,1698450.0,True,-0.48111568073757244,-0.5802423146276052,-0.5390989584634133,-0.46882852052007545,-0.5573942558734334,31
다라097983,14,4,1,0,1,영광군,909750.0,1698350.0,True,-0.40716988544911287,0.1712190436606048,-0.5390989584634133,1.214692075892923,-0.5737474005032629,32
다마043117,11,4,1,0,1,영광군,904350.0,1711750.0,True,-0.40716988544911287,0.1712190436606048,-0.5390989584634133,1.214692075892923,-0.5737474005032629,32
다마042115,29,14,0,0,1,영광군,904250.0,1711550.0,True,0.332288067435483,-0.5802423146276052,-0.5390989584634133,1.214692075892923,-0.585750805906877,33
다라093979,9,2,0,0,0,영광군,909350.0,1697950.0,True,-0.5550614760260321,-0.5802423146276052,-0.5390989584634133,-0.46882852052007545,-0.6313400511618928,34
다마040075,8,2,0,0,0,영광군,904050.0,1707550.0,True,-0.5550614760260321,-0.5802423146276052,-0.5390989584634133,-0.46882852052007545,-0.6313400511618928,34
다라091982,17,13,0,1,0,영광군,909150.0,1698250.0,True,0.25834227214702343,-0.5802423146276052,1.0989324922523425,-0.46882852052007545,-0.6369520283467153,35
나라974918,13,1,0,0,0,영광군,897450.0,1691850.0,True,-0.6290072713144916,-0.5802423146276052,-0.5390989584634133,-0.46882852052007545,-0.7052858464503525,36
다마043076,12,1,0,0,0,영광군,904350.0,1707650.0,True,-0.6290072713144916,-0.5802423146276052,-0.5390989584634133,-0.46882852052007545,-0.7052858464503525,36
다마041075,12,1,0,0,0,영광군,904150.0,1707550.0,True,-0.6290072713144916,-0.5802423146276052,-0.5390989584634133,-0.46882852052007545,-0.7052858464503525,36
다라091984,11,1,0,0,0,영광군,909150.0,1698450.0,True,-0.6290072713144916,-0.5802423146276052,-0.5390989584634133,-0.46882852052007545,-0.7052858464503525,36
나라975918,11,1,0,0,0,영광군,897550.0,1691850.0,True,-0.6290072713144916,-0.5802423146276052,-0.5390989584634133,-0.46882852052007545,-0.7052858464503525,36
다라089981,11,1,0,0,0,영광군,908950.0,1698150.0,True,-0.6290072713144916,-0.5802423146276052,-0.5390989584634133,-0.46882852052007545,-0.7052858464503525,36
다마041115,8,1,0,0,0,영광군,904150.0,1711550.0,True,-0.6290072713144916,-0.5802423146276052,-0.5390989584634133,-0.46882852052007545,-0.7052858464503525,36
다라095980,8,1,0,0,0,영광군,909550.0,1698050.0,True,-0.6290072713144916,-0.5802423146276052,-0.5390989584634133,-0.46882852052007545,-0.7052858464503525,36
나라962865,7,1,0,0,0,영광군,896250.0,1686550.0,True,-0.6290072713144916,-0.5802423146276052,-0.5390989584634133,-0.46882852052007545,-0.7052858464503525,36
다마043116,16,0,0,0,0,영광군,904350.0,1711650.0,True,-0.7029530666029512,-0.5802423146276052,-0.5390989584634133,-0.46882852052007545,-0.7792316417388122,37
다라102982,15,0,0,0,0,영광군,910250.0,1698250.0,True,-0.7029530666029512,-0.5802423146276052,-0.5390989584634133,-0.46882852052007545,-0.7792316417388122,37
다마041078,12,0,0,0,0,영광군,904150.0,1707850.0,True,-0.7029530666029512,-0.5802423146276052,-0.5390989584634133,-0.46882852052007545,-0.7792316417388122,37
다마025144,8,0,0,0,0,영광군,902550.0,1714450.0,True,-0.7029530666029512,-0.5802423146276052,-0.5390989584634133,-0.46882852052007545,-0.7792316417388122,37
다라101980,35,10,0,0,1,영광군,910150.0,1698050.0,True,0.03650488628164467,-0.5802423146276052,-0.5390989584634133,1.214692075892923,-0.8815339870607153,38
다라093982,29,11,1,0,2,영광군,909350.0,1698250.0,True,0.11045068157010426,0.1712190436606048,-0.5390989584634133,2.898212672305921,-0.8978871316905448,39
다라094982,38,8,0,1,0,영광군,909450.0,1698250.0,True,-0.1113867042952745,-0.5802423146276052,1.0989324922523425,-0.46882852052007545,-1.0066810047890133,40
다라102984,13,5,0,1,0,영광군,910250.0,1698450.0,True,-0.3332240901606533,-0.5802423146276052,1.0989324922523425,-0.46882852052007545,-1.2285183906543922,41
나라973919,8,5,1,2,0,영광군,897350.0,1691950.0,True,-0.3332240901606533,0.1712190436606048,2.7369639429680985,-0.46882852052007545,-1.29607275772406,42
다마047071,10,3,0,0,1,영광군,904750.0,1707150.0,True,-0.48111568073757244,-0.5802423146276052,-0.5390989584634133,1.214692075892923,-1.3991545540799326,43
다라044943,8,3,0,0,1,영광군,904450.0,1694350.0,True,-0.48111568073757244,-0.5802423146276052,-0.5390989584634133,1.214692075892923,-1.3991545540799326,43
다라088982,15,2,0,1,0,영광군,908850.0,1698250.0,True,-0.5550614760260321,-0.5802423146276052,1.0989324922523425,-0.46882852052007545,-1.4503557765197708,44
다라101978,10,1,0,1,0,영광군,910150.0,1697850.0,True,-0.6290072713144916,-0.5802423146276052,1.0989324922523425,-0.46882852052007545,-1.5243015718082304,45
다라101977,8,1,0,1,0,영광군,910150.0,1697750.0,True,-0.6290072713144916,-0.5802423146276052,1.0989324922523425,-0.46882852052007545,-1.5243015718082304,45
다마044072,13,12,0,0,2,영광군,904450.0,1707250.0,True,0.18439647685856386,-0.5802423146276052,-0.5390989584634133,2.898212672305921,-1.5754026946902953,46
다마041114,9,3,0,0,2,영광군,904150.0,1711450.0,True,-0.48111568073757244,-0.5802423146276052,-0.5390989584634133,2.898212672305921,-2.2409148522864317,47
다라094981,15,2,0,2,0,영광군,909450.0,1698150.0,True,-0.5550614760260321,-0.5802423146276052,2.7369639429680985,-0.46882852052007545,-2.269371501877649,48
다라098983,29,0,0,2,0,영광군,909850.0,1698350.0,True,-0.7029530666029512,-0.5802423146276052,2.7369639429680985,-0.46882852052007545,-2.417263092454568,49
다마043115,10,5,0,1,2,영광군,904350.0,1711550.0,True,-0.3332240901606533,-0.5802423146276052,1.0989324922523425,2.898212672305921,-2.9120389870673904,50
다마042116,14,1,0,2,1,영광군,904250.0,1711650.0,True,-0.6290072713144916,-0.5802423146276052,2.7369639429680985,1.214692075892923,-3.185077595372608,51
다라044405,10,47,2,0,0,영암군,904450.0,1640550.0,True,5.863975893979748,0.6088979435645269,-0.7191992222085859,-0.37242264987106566,7.0186847735841,1
다라043404,15,14,10,0,0,영암군,904350.0,1640450.0,True,1.0690973265236943,5.190704251574828,-0.7191992222085859,-0.37242264987106566,6.805612514138348,2
다라045403,26,29,6,3,0,영암군,904550.0,1640350.0,True,3.248587584458264,2.8998010975696777,0.8336172802872245,-0.37242264987106566,5.917791366819863,3
나라981387,17,0,9,0,0,영암군,898150.0,1638750.0,True,-0.9650935808819042,4.61797846307354,-0.7191992222085859,-0.37242264987106566,4.198695818231462,4
다라045404,15,14,3,0,0,영암군,904550.0,1640450.0,True,1.0690973265236943,1.1816237320658145,-0.7191992222085859,-0.37242264987106566,2.7965319946293343,5
나라971399,14,15,4,4,0,영암군,897150.0,1639950.0,True,1.2143966770526657,1.7543495205671022,1.3512227811191615,-0.37242264987106566,2.47934613199572,6
나라974395,19,12,5,2,1,영암군,897450.0,1639550.0,True,0.7784986254657517,2.3270753090683898,0.3160117794552877,1.5931413355595585,2.1509973770267186,7
다라044402,13,13,3,2,0,영암군,904450.0,1640250.0,True,0.923797975994723,1.1816237320658145,0.3160117794552877,-0.37242264987106566,2.1336271432684266,8
다라268457,11,21,0,0,0,영암군,926850.0,1645750.0,True,2.0861927802264937,-0.5365536334380484,-0.7191992222085859,-0.37242264987106566,2.095450082828271,9
다라148370,9,9,3,0,0,영암군,914850.0,1637050.0,True,0.3426005738788377,1.1816237320658145,-0.7191992222085859,-0.37242264987106566,2.0700352419844776,10
나라975394,8,12,2,0,0,영암군,897550.0,1639450.0,True,0.7784986254657517,0.6088979435645269,-0.7191992222085859,-0.37242264987106566,1.9332075050701043,11
다라042404,13,11,2,0,0,영암군,904250.0,1640450.0,True,0.6331992749367803,0.6088979435645269,-0.7191992222085859,-0.37242264987106566,1.7879081545411328,12
다라185528,7,6,3,0,0,영암군,918550.0,1652850.0,True,-0.0932974777080763,1.1816237320658145,-0.7191992222085859,-0.37242264987106566,1.6341371903975639,13
다라042406,7,17,2,4,0,영암군,904250.0,1640650.0,True,1.5049953781106082,0.6088979435645269,1.3512227811191615,-0.37242264987106566,1.6244932560510872,14
나라971398,9,10,2,1,0,영암군,897150.0,1639850.0,True,0.487899924407809,0.6088979435645269,-0.20159372137664913,-0.37242264987106566,1.3838060535961931,15
다라043405,7,10,2,1,0,영암군,904350.0,1640550.0,True,0.487899924407809,0.6088979435645269,-0.20159372137664913,-0.37242264987106566,1.3838060535961931,15
나라974396,32,12,2,3,0,영암군,897450.0,1639650.0,True,0.7784986254657517,0.6088979435645269,0.8336172802872245,-0.37242264987106566,1.1567992538221992,16
다라042405,23,14,4,1,2,영암군,904250.0,1640550.0,True,1.0690973265236943,1.7543495205671022,-0.20159372137664913,3.558705320990183,1.1448910472840292,17
다라268455,16,8,2,1,0,영암군,926850.0,1645550.0,True,0.19730122334986636,0.6088979435645269,-0.20159372137664913,-0.37242264987106566,1.0932073525382506,18
다라267455,22,9,1,0,0,영암군,926750.0,1645550.0,True,0.3426005738788377,0.0361721550632392,-0.7191992222085859,-0.37242264987106566,0.9245836649819027,19
나라972398,12,5,2,0,0,영암군,897250.0,1639850.0,True,-0.23859682823704761,0.6088979435645269,-0.7191992222085859,-0.37242264987106566,0.916112051367305,20
다라052397,7,5,2,0,0,영암군,905250.0,1639750.0,True,-0.23859682823704761,0.6088979435645269,-0.7191992222085859,-0.37242264987106566,0.916112051367305,20
다라062395,18,12,0,0,0,영암군,906250.0,1639550.0,True,0.7784986254657517,-0.5365536334380484,-0.7191992222085859,-0.37242264987106566,0.787755928067529,21
다라043406,13,11,0,0,0,영암군,904350.0,1640650.0,True,0.6331992749367803,-0.5365536334380484,-0.7191992222085859,-0.37242264987106566,0.6424565775385577,22
다라048404,13,7,1,0,0,영암군,904850.0,1640450.0,True,0.05200187282089504,0.0361721550632392,-0.7191992222085859,-0.37242264987106566,0.6339849639239601,23
다라270449,10,12,1,3,0,영암군,927050.0,1644950.0,True,0.7784986254657517,0.0361721550632392,0.8336172802872245,-0.37242264987106566,0.5840734653209114,24
다라268454,11,6,1,0,0,영암군,926850.0,1645450.0,True,-0.0932974777080763,0.0361721550632392,-0.7191992222085859,-0.37242264987106566,0.48868561339498867,25
다라044404,16,18,0,5,0,영암군,904450.0,1640450.0,True,1.6502947286395797,-0.5365536334380484,1.8688282819510982,-0.37242264987106566,0.36553827916151493,26
다라049405,11,10,0,1,0,영암군,904950.0,1640550.0,True,0.487899924407809,-0.5365536334380484,-0.20159372137664913,-0.37242264987106566,0.23835447659361797,27
나라972397,9,8,0,0,0,영암군,897250.0,1639750.0,True,0.19730122334986636,-0.5365536334380484,-0.7191992222085859,-0.37242264987106566,0.2065585259516437,28
다라053395,7,8,0,0,0,영암군,905350.0,1639550.0,True,0.19730122334986636,-0.5365536334380484,-0.7191992222085859,-0.37242264987106566,0.2065585259516437,28
다라041406,8,3,2,2,0,영암군,904150.0,1640650.0,True,-0.5291955292949903,0.6088979435645269,0.3160117794552877,-0.37242264987106566,0.1079078494774256,29
나라966398,23,7,0,0,0,영암군,896650.0,1639850.0,True,0.05200187282089504,-0.5365536334380484,-0.7191992222085859,-0.37242264987106566,0.061259175422672396,30
다라266454,14,7,0,0,0,영암군,926650.0,1645450.0,True,0.05200187282089504,-0.5365536334380484,-0.7191992222085859,-0.37242264987106566,0.061259175422672396,30
다라265451,15,8,0,1,0,영암군,926550.0,1645150.0,True,0.19730122334986636,-0.5365536334380484,-0.20159372137664913,-0.37242264987106566,-0.052244224464324696,31
다라041405,16,6,0,0,0,영암군,904150.0,1640550.0,True,-0.0932974777080763,-0.5365536334380484,-0.7191992222085859,-0.37242264987106566,-0.08404017510629891,32
다라267453,8,6,0,0,0,영암군,926750.0,1645350.0,True,-0.0932974777080763,-0.5365536334380484,-0.7191992222085859,-0.37242264987106566,-0.08404017510629891,32
다라266452,14,7,1,3,0,영암군,926650.0,1645250.0,True,0.05200187282089504,0.0361721550632392,0.8336172802872245,-0.37242264987106566,-0.14242328732394516,33
다라043402,17,9,0,2,0,영암군,904350.0,1640250.0,True,0.3426005738788377,-0.5365536334380484,0.3160117794552877,-0.37242264987106566,-0.16574762435132173,34
다라042403,8,9,0,2,0,영암군,904250.0,1640350.0,True,0.3426005738788377,-0.5365536334380484,0.3160117794552877,-0.37242264987106566,-0.16574762435132173,34
다라145371,11,5,0,0,0,영암군,914550.0,1637150.0,True,-0.23859682823704761,-0.5365536334380484,-0.7191992222085859,-0.37242264987106566,-0.22933952563527027,35
다라059397,11,5,0,0,0,영암군,905950.0,1639750.0,True,-0.23859682823704761,-0.5365536334380484,-0.7191992222085859,-0.37242264987106566,-0.22933952563527027,35
다라261550,13,1,1,0,0,영암군,926150.0,1655050.0,True,-0.819794230352933,0.0361721550632392,-0.7191992222085859,-0.37242264987106566,-0.23781113924986796,36
다라269452,10,1,1,0,0,영암군,926950.0,1645250.0,True,-0.819794230352933,0.0361721550632392,-0.7191992222085859,-0.37242264987106566,-0.23781113924986796,36
다라185529,8,1,1,0,0,영암군,918550.0,1652950.0,True,-0.819794230352933,0.0361721550632392,-0.7191992222085859,-0.37242264987106566,-0.23781113924986796,36
다라146371,12,4,1,2,0,영암군,914650.0,1637150.0,True,-0.38389617876601895,0.0361721550632392,0.3160117794552877,-0.37242264987106566,-0.3195185884948908,37
다라260551,12,4,0,0,0,영암군,926050.0,1655150.0,True,-0.38389617876601895,-0.5365536334380484,-0.7191992222085859,-0.37242264987106566,-0.37463887616424163,38
다라069394,10,4,0,0,0,영암군,906950.0,1639450.0,True,-0.38389617876601895,-0.5365536334380484,-0.7191992222085859,-0.37242264987106566,-0.37463887616424163,38
다라059395,10,0,1,0,0,영암군,905950.0,1639550.0,True,-0.9650935808819042,0.0361721550632392,-0.7191992222085859,-0.37242264987106566,-0.3831104897788392,39
다라055395,7,0,1,0,0,영암군,905550.0,1639550.0,True,-0.9650935808819042,0.0361721550632392,-0.7191992222085859,-0.37242264987106566,-0.3831104897788392,39
다라041407,9,8,2,7,0,영암군,904150.0,1640750.0,True,0.19730122334986636,0.6088979435645269,2.904039283614972,-0.37242264987106566,-0.45960914995755997,40
다라059393,10,3,0,0,0,영암군,905950.0,1639350.0,True,-0.5291955292949903,-0.5365536334380484,-0.7191992222085859,-0.37242264987106566,-0.5199382266932129,41
다라145370,9,3,0,0,0,영암군,914550.0,1637050.0,True,-0.5291955292949903,-0.5365536334380484,-0.7191992222085859,-0.37242264987106566,-0.5199382266932129,41
다라061397,8,3,0,0,0,영암군,906150.0,1639750.0,True,-0.5291955292949903,-0.5365536334380484,-0.7191992222085859,-0.37242264987106566,-0.5199382266932129,41
다라057394,6,3,0,0,0,영암군,905750.0,1639450.0,True,-0.5291955292949903,-0.5365536334380484,-0.7191992222085859,-0.37242264987106566,-0.5199382266932129,41
다라061395,18,9,0,0,1,영암군,906150.0,1639550.0,True,0.3426005738788377,-0.5365536334380484,-0.7191992222085859,1.5931413355595585,-0.630924116234697,42
다라044403,14,2,0,0,0,영암군,904450.0,1640350.0,True,-0.6744948798239616,-0.5365536334380484,-0.7191992222085859,-0.37242264987106566,-0.6652375772221844,43
다라060395,12,2,0,0,0,영암군,906050.0,1639550.0,True,-0.6744948798239616,-0.5365536334380484,-0.7191992222085859,-0.37242264987106566,-0.6652375772221844,43
다라063395,8,2,0,0,0,영암군,906350.0,1639550.0,True,-0.6744948798239616,-0.5365536334380484,-0.7191992222085859,-0.37242264987106566,-0.6652375772221844,43
다라051398,7,2,0,0,0,영암군,905150.0,1639850.0,True,-0.6744948798239616,-0.5365536334380484,-0.7191992222085859,-0.37242264987106566,-0.6652375772221844,43
다라060396,11,8,1,6,0,영암군,906050.0,1639650.0,True,0.19730122334986636,0.0361721550632392,2.386433782783035,-0.37242264987106566,-0.7735321880428792,44
다라267456,18,1,0,0,0,영암군,926750.0,1645650.0,True,-0.819794230352933,-0.5365536334380484,-0.7191992222085859,-0.37242264987106566,-0.8105369277511556,45
다라264451,16,1,0,0,0,영암군,926450.0,1645150.0,True,-0.819794230352933,-0.5365536334380484,-0.7191992222085859,-0.37242264987106566,-0.8105369277511556,45
다라206411,9,1,0,0,0,영암군,920650.0,1641150.0,True,-0.819794230352933,-0.5365536334380484,-0.7191992222085859,-0.37242264987106566,-0.8105369277511556,45
다라028418,9,1,0,0,0,영암군,902850.0,1641850.0,True,-0.819794230352933,-0.5365536334380484,-0.7191992222085859,-0.37242264987106566,-0.8105369277511556,45
다라143370,6,1,0,0,0,영암군,914350.0,1637050.0,True,-0.819794230352933,-0.5365536334380484,-0.7191992222085859,-0.37242264987106566,-0.8105369277511556,45
다라043407,12,4,0,2,0,영암군,904350.0,1640750.0,True,-0.38389617876601895,-0.5365536334380484,0.3160117794552877,-0.37242264987106566,-0.8922443769961785,46
다라265453,12,4,0,2,0,영암군,926550.0,1645350.0,True,-0.38389617876601895,-0.5365536334380484,0.3160117794552877,-0.37242264987106566,-0.8922443769961785,46
다라053396,14,0,0,0,0,영암군,905350.0,1639650.0,True,-0.9650935808819042,-0.5365536334380484,-0.7191992222085859,-0.37242264987106566,-0.9558362782801268,47
다라052396,10,0,0,0,0,영암군,905250.0,1639650.0,True,-0.9650935808819042,-0.5365536334380484,-0.7191992222085859,-0.37242264987106566,-0.9558362782801268,47
다라254444,8,0,0,0,0,영암군,925450.0,1644450.0,True,-0.9650935808819042,-0.5365536334380484,-0.7191992222085859,-0.37242264987106566,-0.9558362782801268,47
다라254442,7,0,0,0,0,영암군,925450.0,1644250.0,True,-0.9650935808819042,-0.5365536334380484,-0.7191992222085859,-0.37242264987106566,-0.9558362782801268,47
다라266451,7,0,0,0,0,영암군,926650.0,1645150.0,True,-0.9650935808819042,-0.5365536334380484,-0.7191992222085859,-0.37242264987106566,-0.9558362782801268,47
다라145372,7,0,0,0,0,영암군,914550.0,1637250.0,True,-0.9650935808819042,-0.5365536334380484,-0.7191992222085859,-0.37242264987106566,-0.9558362782801268,47
다라045402,7,7,0,4,0,영암군,904550.0,1640250.0,True,0.05200187282089504,-0.5365536334380484,1.3512227811191615,-0.37242264987106566,-0.9739518262412012,48
다라043403,13,18,0,7,1,영암군,904350.0,1640350.0,True,1.6502947286395797,-0.5365536334380484,2.904039283614972,1.5931413355595585,-1.134849214385734,49
다라266453,40,0,1,3,0,영암군,926650.0,1645350.0,True,-0.9650935808819042,0.0361721550632392,0.8336172802872245,-0.37242264987106566,-1.1595187410267445,50
다라265452,39,16,0,6,1,영암군,926550.0,1645250.0,True,1.359696027581637,-0.5365536334380484,2.386433782783035,1.5931413355595585,-1.1666451650277083,51
다라0440,10,5,0,4,0,영암군,904500.0,1640500.0,True,-0.23859682823704761,-0.5365536334380484,1.3512227811191615,-0.37242264987106566,-1.264550527299144,52
다라059394,10,3,0,3,0,영암군,905950.0,1639450.0,True,-0.5291955292949903,-0.5365536334380484,0.8336172802872245,-0.37242264987106566,-1.296346477941118,53
다라159404,8,4,0,4,0,영암군,915950.0,1640450.0,True,-0.38389617876601895,-0.5365536334380484,1.3512227811191615,-0.37242264987106566,-1.4098498778281154,54
다라046402,13,2,0,3,0,영암군,904650.0,1640250.0,True,-0.6744948798239616,-0.5365536334380484,0.8336172802872245,-0.37242264987106566,-1.4416458284700895,55
다라051397,9,5,0,5,0,영암군,905150.0,1639750.0,True,-0.23859682823704761,-0.5365536334380484,1.8688282819510982,-0.37242264987106566,-1.5233532777151124,56
다라313522,8,1,0,3,0,영암군,931350.0,1652250.0,True,-0.819794230352933,-0.5365536334380484,0.8336172802872245,-0.37242264987106566,-1.5869451789990607,57
다라055396,6,1,0,3,0,영암군,905550.0,1639650.0,True,-0.819794230352933,-0.5365536334380484,0.8336172802872245,-0.37242264987106566,-1.5869451789990607,57
다라185530,10,4,0,1,1,영암군,918550.0,1653050.0,True,-0.38389617876601895,-0.5365536334380484,-0.20159372137664913,1.5931413355595585,-1.6162236192955222,58
다라056395,7,2,0,0,1,영암군,905650.0,1639550.0,True,-0.6744948798239616,-0.5365536334380484,-0.7191992222085859,1.5931413355595585,-1.6480195699374964,59
다라049404,8,4,1,4,1,영암군,904950.0,1640450.0,True,-0.38389617876601895,0.0361721550632392,1.3512227811191615,1.5931413355595585,-1.8199060820421398,60
다라147371,34,7,1,6,1,영암군,914750.0,1637150.0,True,0.05200187282089504,0.0361721550632392,2.386433782783035,1.5931413355595585,-1.9016135312871625,61
다라184529,10,1,0,1,1,영암군,918450.0,1652950.0,True,-0.819794230352933,-0.5365536334380484,-0.20159372137664913,1.5931413355595585,-2.0521216708824364,62
다라263452,8,2,0,2,1,영암군,926350.0,1645250.0,True,-0.6744948798239616,-0.5365536334380484,0.3160117794552877,1.5931413355595585,-2.1656250707694333,63
다라267454,23,12,0,4,2,영암군,926750.0,1645450.0,True,0.7784986254657517,-0.5365536334380484,1.3512227811191615,3.558705320990183,-2.213019059026969,64
나라970399,14,1,0,6,0,영암군,897050.0,1639950.0,True,-0.819794230352933,-0.5365536334380484,2.386433782783035,-0.37242264987106566,-2.363353430246966,65
다라261551,16,2,0,3,1,영암군,926150.0,1655150.0,True,-0.6744948798239616,-0.5365536334380484,0.8336172802872245,1.5931413355595585,-2.4244278211854016,66
다라264452,21,4,0,0,3,영암군,926450.0,1645250.0,True,-0.38389617876601895,-0.5365536334380484,-0.7191992222085859,5.524269306420806,-3.3229848543101776,67
다다308918,19,4,25,4,0,완도군,930850.0,1591850.0,True,-0.4704129612940891,8.710242076094794,1.1455297311439563,-0.5270462766947298,7.930587387576091,1
다다308916,22,37,3,4,0,완도군,930850.0,1591650.0,True,3.2853034232313,0.7406120804073207,1.1455297311439563,-0.5270462766947298,3.716673776414008,2
다다307921,21,20,5,0,0,완도군,930750.0,1592150.0,True,1.3505404372636753,1.465123898197091,-0.7375328405995334,-0.5270462766947298,3.447953894107898,3
다다313915,24,31,1,0,0,완도군,931350.0,1591550.0,True,2.6024458987721384,0.016100262617550435,-0.7375328405995334,-0.5270462766947298,3.2508357200368208,4
다다316913,29,22,4,1,0,완도군,931650.0,1591350.0,True,1.5781596120833958,1.102867989302206,-0.266767197663661,-0.5270462766947298,3.0779343385647975,5
다다307917,28,41,1,6,0,완도군,930750.0,1591750.0,True,3.740541772870741,0.016100262617550435,2.087061017015701,-0.5270462766947298,2.976634665327806,6
다다307923,14,18,3,0,0,완도군,930750.0,1592350.0,True,1.1229212624439548,0.7406120804073207,-0.7375328405995334,-0.5270462766947298,2.495822901498407,7
다다310917,19,21,1,0,0,완도군,931050.0,1591750.0,True,1.4643500246735355,0.016100262617550435,-0.7375328405995334,-0.5270462766947298,2.1127398459382176,8
다다310918,22,19,1,1,0,완도군,931050.0,1591850.0,True,1.236730849853815,0.016100262617550435,-0.266767197663661,-0.5270462766947298,1.6497378496505608,9
다다306918,41,23,1,3,0,완도군,930650.0,1591850.0,True,1.6919691994932562,0.016100262617550435,0.6747640882080838,-0.5270462766947298,1.6342105563541296,10
다다314913,12,39,0,7,1,완도군,931450.0,1591350.0,True,3.5129225980510204,-0.34615564627733475,2.5578266599515733,1.0540925533894598,1.360807345103169,11
다다315912,18,8,3,0,0,완도군,931550.0,1591250.0,True,-0.015174611654647983,0.7406120804073207,-0.7375328405995334,-0.5270462766947298,1.3577270273998043,12
다다144763,35,14,4,2,1,완도군,914450.0,1576350.0,True,0.6676829128045136,1.102867989302206,0.20399844527221137,1.0540925533894598,1.141505402775884,13
다다305919,51,17,3,3,1,완도군,930550.0,1591950.0,True,1.0091116750340945,0.7406120804073207,0.6747640882080838,1.0540925533894598,0.8852954346426434,14
다다307916,28,17,1,0,1,완도군,930750.0,1591650.0,True,1.0091116750340945,0.016100262617550435,-0.7375328405995334,1.0540925533894598,0.8669320812566816,15
다다308920,13,13,0,0,0,완도군,930850.0,1592050.0,True,0.5538733253946534,-0.34615564627733475,-0.7375328405995334,-0.5270462766947298,0.8400072377644503,16
다다308921,9,18,1,4,0,완도군,930850.0,1592150.0,True,1.1229212624439548,0.016100262617550435,1.1455297311439563,-0.5270462766947298,0.8297797978368919,17
다다317913,10,9,1,0,0,완도군,931750.0,1591350.0,True,0.0986349757552123,0.016100262617550435,-0.7375328405995334,-0.5270462766947298,0.7470247970198943,18
다다304921,14,12,0,0,0,완도군,930450.0,1592150.0,True,0.4400637379847931,-0.34615564627733475,-0.7375328405995334,-0.5270462766947298,0.7261976503545899,19
다다313916,9,15,1,3,0,완도군,931350.0,1591650.0,True,0.7814925002143739,0.016100262617550435,0.6747640882080838,-0.5270462766947298,0.7237338570752474,20
다다311916,12,5,2,0,0,완도군,931150.0,1591650.0,True,-0.3566033738842288,0.37835617151243556,-0.7375328405995334,-0.5270462766947298,0.6540423562753384,21
다다311917,11,10,1,1,0,완도군,931150.0,1591750.0,True,0.21244456316507257,0.016100262617550435,-0.266767197663661,-0.5270462766947298,0.6254515629618185,22
다다308917,21,12,1,2,0,완도군,930850.0,1591750.0,True,0.4400637379847931,0.016100262617550435,0.20399844527221137,-0.5270462766947298,0.6176879163136028,23
다다306919,37,17,0,3,0,완도군,930650.0,1591950.0,True,1.0091116750340945,-0.34615564627733475,0.6747640882080838,-0.5270462766947298,0.5890971230000828,24
다다308926,12,1,3,0,0,완도군,930850.0,1592650.0,True,-0.8118417235236699,0.7406120804073207,-0.7375328405995334,-0.5270462766947298,0.5610599155307825,25
다다318915,18,7,1,0,0,완도군,931850.0,1591550.0,True,-0.12898419906450825,0.016100262617550435,-0.7375328405995334,-0.5270462766947298,0.5194056222001737,26
다다307922,10,5,2,1,0,완도군,930750.0,1592250.0,True,-0.3566033738842288,0.37835617151243556,-0.266767197663661,-0.5270462766947298,0.41865953480740214,27
다다316914,25,9,0,0,0,완도군,931650.0,1591450.0,True,0.0986349757552123,-0.34615564627733475,-0.7375328405995334,-0.5270462766947298,0.38476888812500915,28
다다309917,13,2,2,0,0,완도군,930950.0,1591750.0,True,-0.6980321361138097,0.37835617151243556,-0.7375328405995334,-0.5270462766947298,0.3126135940457575,29
다라355005,13,5,1,0,0,완도군,935550.0,1600550.0,True,-0.3566033738842288,0.016100262617550435,-0.7375328405995334,-0.5270462766947298,0.29178644738045323,30
다다305920,9,12,0,2,0,완도군,930550.0,1592050.0,True,0.4400637379847931,-0.34615564627733475,0.20399844527221137,-0.5270462766947298,0.2554320074187176,31
다다309919,23,19,1,7,0,완도군,930950.0,1591950.0,True,1.236730849853815,0.016100262617550435,2.5578266599515733,-0.5270462766947298,0.2374409208429436,32
다다308919,11,8,1,2,0,완도군,930850.0,1591950.0,True,-0.015174611654647983,0.016100262617550435,0.20399844527221137,-0.5270462766947298,0.16244956667416166,33
다다143763,17,7,0,0,0,완도군,914350.0,1576350.0,True,-0.12898419906450825,-0.34615564627733475,-0.7375328405995334,-0.5270462766947298,0.1571497133052886,34
다다308925,9,7,0,0,0,완도군,930850.0,1592550.0,True,-0.12898419906450825,-0.34615564627733475,-0.7375328405995334,-0.5270462766947298,0.1571497133052886,34
다라217001,8,16,0,1,1,완도군,921750.0,1600150.0,True,0.8953020876242342,-0.34615564627733475,-0.266767197663661,1.0540925533894598,0.15548376348400006,35
다다312916,14,5,1,1,0,완도군,931250.0,1591650.0,True,-0.3566033738842288,0.016100262617550435,-0.266767197663661,-0.5270462766947298,0.05640362591251705,36
다다309927,12,6,0,0,0,완도군,930950.0,1592750.0,True,-0.24279378647436853,-0.34615564627733475,-0.7375328405995334,-0.5270462766947298,0.043340125895428294,37
다다314914,25,9,1,3,0,완도군,931450.0,1591450.0,True,0.0986349757552123,0.016100262617550435,0.6747640882080838,-0.5270462766947298,0.04087633261608575,38
다다306920,17,13,1,5,0,완도군,930650.0,1592050.0,True,0.5538733253946534,0.016100262617550435,1.6162953740798285,-0.5270462766947298,0.025349039319654543,39
다다307918,21,10,2,2,1,완도군,930750.0,1591850.0,True,0.21244456316507257,0.37835617151243556,0.20399844527221137,1.0540925533894598,-0.038244764653327434,40
다다138755,10,1,1,0,0,완도군,913850.0,1575550.0,True,-0.8118417235236699,0.016100262617550435,-0.7375328405995334,-0.5270462766947298,-0.1634519022589878,41
다다566951,22,4,0,0,0,완도군,956650.0,1595150.0,True,-0.4704129612940891,-0.34615564627733475,-0.7375328405995334,-0.5270462766947298,-0.1842790489242922,42
다다307920,11,9,1,1,1,완도군,930750.0,1592050.0,True,0.0986349757552123,0.016100262617550435,-0.266767197663661,1.0540925533894598,-0.27892743949013665,43
다다139755,14,3,0,0,0,완도군,913950.0,1575550.0,True,-0.5842225487039494,-0.34615564627733475,-0.7375328405995334,-0.5270462766947298,-0.29808863633415256,44
다다304918,12,3,0,0,0,완도군,930450.0,1591850.0,True,-0.5842225487039494,-0.34615564627733475,-0.7375328405995334,-0.5270462766947298,-0.29808863633415256,44
다다317914,9,3,0,0,0,완도군,931750.0,1591450.0,True,-0.5842225487039494,-0.34615564627733475,-0.7375328405995334,-0.5270462766947298,-0.29808863633415256,44
다다308924,8,3,0,0,0,완도군,930850.0,1592450.0,True,-0.5842225487039494,-0.34615564627733475,-0.7375328405995334,-0.5270462766947298,-0.29808863633415256,44
다다303920,8,3,1,2,0,완도군,930350.0,1592050.0,True,-0.5842225487039494,0.016100262617550435,0.20399844527221137,-0.5270462766947298,-0.40659837037513974,45
다다141763,13,2,0,0,0,완도군,914150.0,1576350.0,True,-0.6980321361138097,-0.34615564627733475,-0.7375328405995334,-0.5270462766947298,-0.4118982237440127,46
다다314915,8,2,0,0,0,완도군,931450.0,1591550.0,True,-0.6980321361138097,-0.34615564627733475,-0.7375328405995334,-0.5270462766947298,-0.4118982237440127,46
다다307919,14,4,0,1,0,완도군,930750.0,1591950.0,True,-0.4704129612940891,-0.34615564627733475,-0.266767197663661,-0.5270462766947298,-0.4196618703922284,47
다다145763,29,5,1,0,1,완도군,914550.0,1576350.0,True,-0.3566033738842288,0.016100262617550435,-0.7375328405995334,1.0540925533894598,-0.4987829676616416,48
다다303921,9,1,0,0,0,완도군,930350.0,1592150.0,True,-0.8118417235236699,-0.34615564627733475,-0.7375328405995334,-0.5270462766947298,-0.5257078111538731,49
다다305922,8,1,0,0,0,완도군,930550.0,1592250.0,True,-0.8118417235236699,-0.34615564627733475,-0.7375328405995334,-0.5270462766947298,-0.5257078111538731,49
다다367937,8,1,0,0,0,완도군,936750.0,1593750.0,True,-0.8118417235236699,-0.34615564627733475,-0.7375328405995334,-0.5270462766947298,-0.5257078111538731,49
다다315914,35,3,0,1,0,완도군,931550.0,1591450.0,True,-0.5842225487039494,-0.34615564627733475,-0.266767197663661,-0.5270462766947298,-0.5334714578020887,50
다다302915,8,3,0,1,0,완도군,930250.0,1591550.0,True,-0.5842225487039494,-0.34615564627733475,-0.266767197663661,-0.5270462766947298,-0.5334714578020887,50
다다306917,35,18,0,5,1,완도군,930650.0,1591750.0,True,1.1229212624439548,-0.34615564627733475,1.6162953740798285,1.0540925533894598,-0.5584283475680241,51
다다142763,23,0,0,0,0,완도군,914250.0,1576350.0,True,-0.9256513109335301,-0.34615564627733475,-0.7375328405995334,-0.5270462766947298,-0.6395173985637335,52
다다406766,18,0,0,0,0,완도군,940650.0,1576650.0,True,-0.9256513109335301,-0.34615564627733475,-0.7375328405995334,-0.5270462766947298,-0.6395173985637335,52
다다139763,15,0,0,0,0,완도군,913950.0,1576350.0,True,-0.9256513109335301,-0.34615564627733475,-0.7375328405995334,-0.5270462766947298,-0.6395173985637335,52
다다303922,11,0,0,0,0,완도군,930350.0,1592250.0,True,-0.9256513109335301,-0.34615564627733475,-0.7375328405995334,-0.5270462766947298,-0.6395173985637335,52
다다315913,26,9,0,1,1,완도군,931550.0,1591350.0,True,0.0986349757552123,-0.34615564627733475,-0.266767197663661,1.0540925533894598,-0.6411833483850219,53
다다309916,13,8,0,4,0,완도군,930950.0,1591650.0,True,-0.015174611654647983,-0.34615564627733475,1.1455297311439563,-0.5270462766947298,-0.6705719851565961,54
다다215759,15,3,1,0,1,완도군,921550.0,1575950.0,True,-0.5842225487039494,0.016100262617550435,-0.7375328405995334,1.0540925533894598,-0.7264021424813621,55
다다567951,12,3,0,2,0,완도군,956750.0,1595150.0,True,-0.5842225487039494,-0.34615564627733475,0.20399844527221137,-0.5270462766947298,-0.768854279270025,56
다다297929,7,0,0,1,0,완도군,929750.0,1592950.0,True,-0.9256513109335301,-0.34615564627733475,-0.266767197663661,-0.5270462766947298,-0.8749002200316696,57
다다316912,9,2,0,2,0,완도군,931650.0,1591250.0,True,-0.6980321361138097,-0.34615564627733475,0.20399844527221137,-0.5270462766947298,-0.8826638666798852,58
다다304920,26,4,0,3,0,완도군,930450.0,1592050.0,True,-0.4704129612940891,-0.34615564627733475,0.6747640882080838,-0.5270462766947298,-0.8904275133281008,59
다다305918,35,6,0,4,0,완도군,930550.0,1591850.0,True,-0.24279378647436853,-0.34615564627733475,1.1455297311439563,-0.5270462766947298,-0.8981911599763166,60
다다216758,10,4,0,0,1,완도군,921650.0,1575850.0,True,-0.4704129612940891,-0.34615564627733475,-0.7375328405995334,1.0540925533894598,-0.974848463966387,61
다다381935,12,1,0,2,0,완도군,938150.0,1593550.0,True,-0.8118417235236699,-0.34615564627733475,0.20399844527221137,-0.5270462766947298,-0.9964734540897455,62
다다304919,23,6,0,5,0,완도군,930450.0,1591950.0,True,-0.24279378647436853,-0.34615564627733475,1.6162953740798285,-0.5270462766947298,-1.1335739814442527,63
다라357004,11,2,0,0,1,완도군,935750.0,1600450.0,True,-0.6980321361138097,-0.34615564627733475,-0.7375328405995334,1.0540925533894598,-1.2024676387861075,64
다다381936,8,4,0,1,1,완도군,938150.0,1593650.0,True,-0.4704129612940891,-0.34615564627733475,-0.266767197663661,1.0540925533894598,-1.2102312854343231,65
다다145762,15,1,0,0,1,완도군,914550.0,1576250.0,True,-0.8118417235236699,-0.34615564627733475,-0.7375328405995334,1.0540925533894598,-1.3162772261959679,66
다다407766,9,1,0,0,1,완도군,940750.0,1576650.0,True,-0.8118417235236699,-0.34615564627733475,-0.7375328405995334,1.0540925533894598,-1.3162772261959679,66
다다146763,10,3,0,1,1,완도군,914650.0,1576350.0,True,-0.5842225487039494,-0.34615564627733475,-0.266767197663661,1.0540925533894598,-1.3240408728441837,67
다라358005,16,0,0,0,1,완도군,935850.0,1600550.0,True,-0.9256513109335301,-0.34615564627733475,-0.7375328405995334,1.0540925533894598,-1.4300868136058282,68
다라360004,8,0,0,0,1,완도군,936050.0,1600450.0,True,-0.9256513109335301,-0.34615564627733475,-0.7375328405995334,1.0540925533894598,-1.4300868136058282,68
다다405766,14,2,0,1,1,완도군,940550.0,1576650.0,True,-0.6980321361138097,-0.34615564627733475,-0.266767197663661,1.0540925533894598,-1.4378504602540438,69
다다303923,13,4,0,6,0,완도군,930350.0,1592350.0,True,-0.4704129612940891,-0.34615564627733475,2.087061017015701,-0.5270462766947298,-1.5965759777319095,70
다다309918,20,9,1,4,2,완도군,930950.0,1591850.0,True,0.0986349757552123,0.016100262617550435,1.1455297311439563,2.6352313834736494,-1.7756453189360402,71
다다140755,9,0,0,2,1,완도군,914050.0,1575550.0,True,-0.9256513109335301,-0.34615564627733475,0.20399844527221137,1.0540925533894598,-1.9008524565417007,72
다라359004,8,2,0,0,2,완도군,935950.0,1600450.0,True,-0.6980321361138097,-0.34615564627733475,-0.7375328405995334,2.6352313834736494,-1.9930370538282023,73
다다314911,18,0,0,3,1,완도군,931450.0,1591150.0,True,-0.9256513109335301,-0.34615564627733475,0.6747640882080838,1.0540925533894598,-2.1362352780096368,74
다다302922,14,2,0,8,0,완도군,930250.0,1592250.0,True,-0.6980321361138097,-0.34615564627733475,3.0285923028874455,-0.5270462766947298,-2.294960795487502,75
다다314912,11,2,1,10,0,완도군,931450.0,1591250.0,True,-0.6980321361138097,0.016100262617550435,3.9701235887591904,-0.5270462766947298,-2.4034705295284895,76
다라356004,11,2,0,2,4,완도군,935650.0,1600450.0,True,-0.6980321361138097,-0.34615564627733475,0.20399844527221137,5.7975090436420285,-4.044941526848264,77
다마346005,27,123,4,0,1,장성군,934650.0,1700550.0,True,8.184310667544725,4.201648028315336,-0.6841795522748668,2.0040941700985386,11.726001386948225,1
다마347007,29,34,4,2,0,장성군,934750.0,1700750.0,True,1.9467214876156655,4.201648028315336,0.5401417517959475,-0.42944875073540123,6.093023015400729,2
다마346007,33,29,4,2,1,장성군,934650.0,1700750.0,True,1.5962951291926846,4.201648028315336,0.5401417517959475,2.0040941700985386,4.5258251965607785,3
다마345001,7,4,2,0,0,장성군,934550.0,1700150.0,True,-0.15583666292221973,1.8673991236957053,-0.6841795522748668,-0.42944875073540123,2.2683766122786198,4
다마346012,9,3,2,0,0,장성군,934650.0,1701250.0,True,-0.22592193460681592,1.8673991236957053,-0.6841795522748668,-0.42944875073540123,2.1982913405940234,5
다마348009,14,9,2,2,0,장성군,934850.0,1700950.0,True,0.19458969550076113,1.8673991236957053,0.5401417517959475,-0.42944875073540123,2.0066423186661932,6
다마349009,28,12,1,0,0,장성군,934950.0,1700950.0,True,0.40484551055454965,0.7002746713858894,-0.6841795522748668,-0.42944875073540123,1.6619343334455732,7
다라337996,15,11,1,0,0,장성군,933750.0,1699650.0,True,0.3347602388699535,0.7002746713858894,-0.6841795522748668,-0.42944875073540123,1.5918490617609768,8
다라241962,5,23,0,0,0,장성군,924150.0,1696250.0,True,1.1757834990851077,-0.4668497809239263,-0.6841795522748668,-0.42944875073540123,1.2657478696663154,9
다라246967,4,6,1,0,0,장성군,924650.0,1696750.0,True,-0.015666119553027387,0.7002746713858894,-0.6841795522748668,-0.42944875073540123,1.241422703337996,10
다마346009,8,4,1,0,0,장성군,934650.0,1700950.0,True,-0.15583666292221973,0.7002746713858894,-0.6841795522748668,-0.42944875073540123,1.1012521599688037,11
다마351011,16,3,1,0,0,장성군,935150.0,1701150.0,True,-0.22592193460681592,0.7002746713858894,-0.6841795522748668,-0.42944875073540123,1.0311668882842076,12
다마347008,20,2,1,0,0,장성군,934750.0,1700850.0,True,-0.2960072062914121,0.7002746713858894,-0.6841795522748668,-0.42944875073540123,0.9610816165996113,13
다라245958,11,2,1,0,0,장성군,924550.0,1695850.0,True,-0.2960072062914121,0.7002746713858894,-0.6841795522748668,-0.42944875073540123,0.9610816165996113,13
다마346011,5,2,1,0,0,장성군,934650.0,1701150.0,True,-0.2960072062914121,0.7002746713858894,-0.6841795522748668,-0.42944875073540123,0.9610816165996113,13
다마365033,7,1,1,0,0,장성군,936550.0,1703350.0,True,-0.36609247797600825,0.7002746713858894,-0.6841795522748668,-0.42944875073540123,0.8909963449150151,14
다라246958,12,2,1,1,0,장성군,924650.0,1695850.0,True,-0.2960072062914121,0.7002746713858894,-0.07201890023945968,-0.42944875073540123,0.6550012905819078,15
다마348013,6,13,0,0,0,장성군,934850.0,1701350.0,True,0.4749307822391458,-0.4668497809239263,-0.6841795522748668,-0.42944875073540123,0.5648951528203535,16
다마348007,18,5,1,2,0,장성군,934850.0,1700750.0,True,-0.08575139123762356,0.7002746713858894,0.5401417517959475,-0.42944875073540123,0.5591767796179927,17
다마350013,4,11,0,0,0,장성군,935050.0,1701350.0,True,0.3347602388699535,-0.4668497809239263,-0.6841795522748668,-0.42944875073540123,0.4247246094511612,18
다라338996,11,8,0,0,0,장성군,933850.0,1699650.0,True,0.12450442381616496,-0.4668497809239263,-0.6841795522748668,-0.42944875073540123,0.21446879439737265,19
다마349013,16,7,0,0,0,장성군,934950.0,1701350.0,True,0.05441915213156879,-0.4668497809239263,-0.6841795522748668,-0.42944875073540123,0.1443835227127765,20
다마347013,5,6,0,0,0,장성군,934750.0,1701350.0,True,-0.015666119553027387,-0.4668497809239263,-0.6841795522748668,-0.42944875073540123,0.07429825102818033,21
다라339996,15,4,0,0,0,장성군,933950.0,1699650.0,True,-0.15583666292221973,-0.4668497809239263,-0.6841795522748668,-0.42944875073540123,-0.065872292341012,22
다라245959,5,4,0,0,0,장성군,924550.0,1695950.0,True,-0.15583666292221973,-0.4668497809239263,-0.6841795522748668,-0.42944875073540123,-0.065872292341012,22
다마347009,5,8,0,1,0,장성군,934750.0,1700950.0,True,0.12450442381616496,-0.4668497809239263,-0.07201890023945968,-0.42944875073540123,-0.09161153162033092,23
다라244958,13,12,0,2,0,장성군,924450.0,1695850.0,True,0.40484551055454965,-0.4668497809239263,0.5401417517959475,-0.42944875073540123,-0.11735077089964979,24
다라242961,11,3,0,0,0,장성군,924250.0,1696150.0,True,-0.22592193460681592,-0.4668497809239263,-0.6841795522748668,-0.42944875073540123,-0.1359575640256082,25
다마350011,6,3,0,0,0,장성군,935050.0,1701150.0,True,-0.22592193460681592,-0.4668497809239263,-0.6841795522748668,-0.42944875073540123,-0.1359575640256082,25
다마346010,6,3,0,0,0,장성군,934650.0,1701050.0,True,-0.22592193460681592,-0.4668497809239263,-0.6841795522748668,-0.42944875073540123,-0.1359575640256082,25
다마435146,4,3,0,0,0,장성군,943550.0,1714650.0,True,-0.22592193460681592,-0.4668497809239263,-0.6841795522748668,-0.42944875073540123,-0.1359575640256082,25
다라186942,9,2,0,0,0,장성군,918650.0,1694250.0,True,-0.2960072062914121,-0.4668497809239263,-0.6841795522748668,-0.42944875073540123,-0.20604283571020432,26
다마331000,7,2,0,0,0,장성군,933150.0,1700050.0,True,-0.2960072062914121,-0.4668497809239263,-0.6841795522748668,-0.42944875073540123,-0.20604283571020432,26
다라307989,6,2,0,0,0,장성군,930750.0,1698950.0,True,-0.2960072062914121,-0.4668497809239263,-0.6841795522748668,-0.42944875073540123,-0.20604283571020432,26
다마354013,5,2,0,0,0,장성군,935450.0,1701350.0,True,-0.2960072062914121,-0.4668497809239263,-0.6841795522748668,-0.42944875073540123,-0.20604283571020432,26
다마351013,5,2,0,0,0,장성군,935150.0,1701350.0,True,-0.2960072062914121,-0.4668497809239263,-0.6841795522748668,-0.42944875073540123,-0.20604283571020432,26
다마361028,4,2,0,0,0,장성군,936150.0,1702850.0,True,-0.2960072062914121,-0.4668497809239263,-0.6841795522748668,-0.42944875073540123,-0.20604283571020432,26
다라244959,18,1,0,0,0,장성군,924450.0,1695950.0,True,-0.36609247797600825,-0.4668497809239263,-0.6841795522748668,-0.42944875073540123,-0.27612810739480054,27
다라247958,8,1,0,0,0,장성군,924750.0,1695850.0,True,-0.36609247797600825,-0.4668497809239263,-0.6841795522748668,-0.42944875073540123,-0.27612810739480054,27
다마373151,8,1,0,0,0,장성군,937350.0,1715150.0,True,-0.36609247797600825,-0.4668497809239263,-0.6841795522748668,-0.42944875073540123,-0.27612810739480054,27
다라239964,6,1,0,0,0,장성군,923950.0,1696450.0,True,-0.36609247797600825,-0.4668497809239263,-0.6841795522748668,-0.42944875073540123,-0.27612810739480054,27
다마372150,5,1,0,0,0,장성군,937250.0,1715050.0,True,-0.36609247797600825,-0.4668497809239263,-0.6841795522748668,-0.42944875073540123,-0.27612810739480054,27
다마351012,4,1,0,0,0,장성군,935150.0,1701250.0,True,-0.36609247797600825,-0.4668497809239263,-0.6841795522748668,-0.42944875073540123,-0.27612810739480054,27
다마348008,39,10,1,2,1,장성군,934850.0,1700850.0,True,0.2646749671853573,0.7002746713858894,0.5401417517959475,2.0040941700985386,-0.30716832237599634,28
다마371148,10,1,1,0,1,장성군,937150.0,1714850.0,True,-0.36609247797600825,0.7002746713858894,-0.6841795522748668,2.0040941700985386,-0.3257751155019548,29
다라243960,16,0,0,0,0,장성군,924350.0,1696050.0,True,-0.4361777496606044,-0.4668497809239263,-0.6841795522748668,-0.42944875073540123,-0.34621337907939675,30
다라247963,10,0,0,0,0,장성군,924750.0,1696350.0,True,-0.4361777496606044,-0.4668497809239263,-0.6841795522748668,-0.42944875073540123,-0.34621337907939675,30
다마347010,7,0,0,0,0,장성군,934750.0,1701050.0,True,-0.4361777496606044,-0.4668497809239263,-0.6841795522748668,-0.42944875073540123,-0.34621337907939675,30
다라393934,7,0,0,0,0,장성군,939350.0,1693450.0,True,-0.4361777496606044,-0.4668497809239263,-0.6841795522748668,-0.42944875073540123,-0.34621337907939675,30
다라392937,6,0,0,0,0,장성군,939250.0,1693750.0,True,-0.4361777496606044,-0.4668497809239263,-0.6841795522748668,-0.42944875073540123,-0.34621337907939675,30
다마438129,6,0,0,0,0,장성군,943850.0,1712950.0,True,-0.4361777496606044,-0.4668497809239263,-0.6841795522748668,-0.42944875073540123,-0.34621337907939675,30
다마371149,5,0,0,0,0,장성군,937150.0,1714950.0,True,-0.4361777496606044,-0.4668497809239263,-0.6841795522748668,-0.42944875073540123,-0.34621337907939675,30
다마371110,5,0,0,0,0,장성군,937150.0,1711050.0,True,-0.4361777496606044,-0.4668497809239263,-0.6841795522748668,-0.42944875073540123,-0.34621337907939675,30
다마366034,5,0,0,0,0,장성군,936650.0,1703450.0,True,-0.4361777496606044,-0.4668497809239263,-0.6841795522748668,-0.42944875073540123,-0.34621337907939675,30
다마440128,4,0,0,0,0,장성군,944050.0,1712850.0,True,-0.4361777496606044,-0.4668497809239263,-0.6841795522748668,-0.42944875073540123,-0.34621337907939675,30
다마346008,19,16,0,4,0,장성군,934650.0,1700850.0,True,0.6851865972929344,-0.4668497809239263,1.7644630558667618,-0.42944875073540123,-0.4491703361966721,31
다마346003,24,21,1,5,1,장성군,934650.0,1700350.0,True,1.0356129557159153,0.7002746713858894,2.376623707902169,2.0040941700985386,-0.45447131189854906,32
다마346006,43,19,0,1,1,장성군,934650.0,1700650.0,True,0.895442412346723,-0.4668497809239263,-0.07201890023945968,2.0040941700985386,-0.5374450035067428,33
다라339997,9,6,0,2,0,장성군,933950.0,1699750.0,True,-0.015666119553027387,-0.4668497809239263,0.5401417517959475,-0.42944875073540123,-0.5378624010072268,34
다라246957,11,1,0,1,0,장성군,924650.0,1695750.0,True,-0.36609247797600825,-0.4668497809239263,-0.07201890023945968,-0.42944875073540123,-0.5822084334125041,35
다마436145,10,1,1,1,1,장성군,943650.0,1714550.0,True,-0.36609247797600825,0.7002746713858894,-0.07201890023945968,2.0040941700985386,-0.6318554415196583,36
다마364032,6,0,0,1,0,장성군,936450.0,1703250.0,True,-0.4361777496606044,-0.4668497809239263,-0.07201890023945968,-0.42944875073540123,-0.6522937050971003,37
다라390978,4,0,0,1,0,장성군,939050.0,1697850.0,True,-0.4361777496606044,-0.4668497809239263,-0.07201890023945968,-0.42944875073540123,-0.6522937050971003,37
다라240963,5,8,0,3,0,장성군,924050.0,1696350.0,True,0.12450442381616496,-0.4668497809239263,1.1523024038313547,-0.42944875073540123,-0.7037721836557381,38
다마355016,6,3,0,2,0,장성군,935550.0,1701650.0,True,-0.22592193460681592,-0.4668497809239263,0.5401417517959475,-0.42944875073540123,-0.7481182160610154,39
다라239963,16,2,0,2,0,장성군,923950.0,1696350.0,True,-0.2960072062914121,-0.4668497809239263,0.5401417517959475,-0.42944875073540123,-0.8182034877456115,40
다라223930,8,1,0,2,0,장성군,922350.0,1693050.0,True,-0.36609247797600825,-0.4668497809239263,0.5401417517959475,-0.42944875073540123,-0.8882887594302076,41
다마350005,4,0,0,2,0,장성군,935050.0,1700550.0,True,-0.4361777496606044,-0.4668497809239263,0.5401417517959475,-0.42944875073540123,-0.9583740311148039,42
다마347006,7,8,0,4,0,장성군,934750.0,1700650.0,True,0.12450442381616496,-0.4668497809239263,1.7644630558667618,-0.42944875073540123,-1.0098525096734416,43
다마346002,11,7,0,4,0,장성군,934650.0,1700250.0,True,0.05441915213156879,-0.4668497809239263,1.7644630558667618,-0.42944875073540123,-1.0799377813580378,44
다라340997,10,2,0,3,0,장성군,934050.0,1699750.0,True,-0.2960072062914121,-0.4668497809239263,1.1523024038313547,-0.42944875073540123,-1.124283813763315,45
다마350010,25,2,1,7,0,장성군,935050.0,1701050.0,True,-0.2960072062914121,0.7002746713858894,3.600945011972984,-0.42944875073540123,-1.181480665524314,46
다마349008,14,1,0,3,0,장성군,934950.0,1700850.0,True,-0.36609247797600825,-0.4668497809239263,1.1523024038313547,-0.42944875073540123,-1.1943690854479112,47
다라393977,5,1,0,3,0,장성군,939350.0,1697750.0,True,-0.36609247797600825,-0.4668497809239263,1.1523024038313547,-0.42944875073540123,-1.1943690854479112,47
다마349010,13,5,0,4,0,장성군,934950.0,1701050.0,True,-0.08575139123762356,-0.4668497809239263,1.7644630558667618,-0.42944875073540123,-1.2201083247272302,48
다마439126,10,3,0,0,1,장성군,943950.0,1712650.0,True,-0.22592193460681592,-0.4668497809239263,-0.6841795522748668,2.0040941700985386,-1.3527290244425783,49
다라240962,15,15,0,3,1,장성군,924050.0,1696250.0,True,0.6151013256083382,-0.4668497809239263,1.1523024038313547,2.0040941700985386,-1.4299467422805348,50
다마352010,5,2,0,4,0,장성군,935250.0,1701050.0,True,-0.2960072062914121,-0.4668497809239263,1.7644630558667618,-0.42944875073540123,-1.4303641397810185,51
다라393976,5,0,0,0,1,장성군,939350.0,1697650.0,True,-0.4361777496606044,-0.4668497809239263,-0.6841795522748668,2.0040941700985386,-1.5629848394963668,52
다마352012,10,4,0,5,0,장성군,935250.0,1701250.0,True,-0.15583666292221973,-0.4668497809239263,2.376623707902169,-0.42944875073540123,-1.59627392242953,53
다마346004,26,2,0,2,1,장성군,934650.0,1700450.0,True,-0.2960072062914121,-0.4668497809239263,0.5401417517959475,2.0040941700985386,-2.0349749481625814,54
다마346013,7,2,0,6,0,장성군,934650.0,1701350.0,True,-0.2960072062914121,-0.4668497809239263,2.9887843599375765,-0.42944875073540123,-2.042524791816426,55
다마373152,11,6,0,3,1,장성군,937350.0,1715250.0,True,-0.015666119553027387,-0.4668497809239263,1.1523024038313547,2.0040941700985386,-2.0607141874419,56
다마372149,6,1,0,3,1,장성군,937250.0,1714950.0,True,-0.36609247797600825,-0.4668497809239263,1.1523024038313547,2.0040941700985386,-2.411140545864881,57
다라223932,7,1,0,0,2,장성군,922350.0,1693250.0,True,-0.36609247797600825,-0.4668497809239263,-0.6841795522748668,4.437637090932479,-2.7096710282287404,58
다라458319,11,15,7,0,0,장흥군,945850.0,1631950.0,True,0.41304488036293935,5.184409690357407,-0.6968491854528468,-0.2621112169983113,6.0769347719459255,1
다라458320,17,97,0,1,0,장흥군,945850.0,1632050.0,True,6.515689959599159,-0.576045521150823,0.6518911734881468,-0.2621112169983113,5.744754460203419,2
다라458318,30,15,3,0,0,장흥군,945850.0,1631850.0,True,0.41304488036293935,1.89272099806699,-0.6968491854528468,-0.2621112169983113,2.7852460796555087,3
다라459315,10,3,4,1,0,장흥군,945950.0,1631550.0,True,-0.48002513123260504,2.715643171139594,0.6518911734881468,-0.2621112169983113,2.040728061662071,4
다라455319,22,16,2,0,0,장흥군,945550.0,1631950.0,True,0.4874673813292347,1.0697988249943857,-0.6968491854528468,-0.2621112169983113,2.0367464075491997,5
다라454322,12,14,2,0,0,장흥군,945450.0,1632250.0,True,0.33862237939664397,1.0697988249943857,-0.6968491854528468,-0.2621112169983113,1.8879014056166086,6
다라454323,21,13,2,0,0,장흥군,945450.0,1632350.0,True,0.2641998784303486,1.0697988249943857,-0.6968491854528468,-0.2621112169983113,1.8134789046503133,7
다라456317,13,9,2,0,0,장흥군,945650.0,1631750.0,True,-0.03349012543483286,1.0697988249943857,-0.6968491854528468,-0.2621112169983113,1.515788900785132,8
다라453316,22,20,1,0,0,장흥군,945350.0,1631650.0,True,0.7851573851944161,0.24687665192178135,-0.6968491854528468,-0.2621112169983113,1.5115142383417766,9
다라459316,42,18,2,1,0,장흥군,945950.0,1631650.0,True,0.6363123832618254,1.0697988249943857,0.6518911734881468,-0.2621112169983113,1.5112212300112933,10
다라438118,8,16,1,0,0,장흥군,943850.0,1611850.0,True,0.4874673813292347,0.24687665192178135,-0.6968491854528468,-0.2621112169983113,1.213824234476595,11
다라484189,24,23,2,2,0,장흥군,948450.0,1618950.0,True,1.0084248880933022,1.0697988249943857,2.0006315324291406,-0.2621112169983113,1.2089635553722733,12
다라457316,30,21,1,1,0,장흥군,945750.0,1631650.0,True,0.8595798861607116,0.24687665192178135,0.6518911734881468,-0.2621112169983113,0.9115665598375751,13
다라457317,40,32,0,1,0,장흥군,945750.0,1631750.0,True,1.6782273967899606,-0.576045521150823,0.6518911734881468,-0.2621112169983113,0.9072918973942197,14
다라460317,10,11,1,0,0,장흥군,946050.0,1631750.0,True,0.11535487649775787,0.24687665192178135,-0.6968491854528468,-0.2621112169983113,0.8417117296451182,15
다라458315,26,10,1,0,0,장흥군,945850.0,1631550.0,True,0.040932375531462506,0.24687665192178135,-0.6968491854528468,-0.2621112169983113,0.7672892286788229,16
다라457318,39,21,0,0,0,장흥군,945750.0,1631850.0,True,0.8595798861607116,-0.576045521150823,-0.6968491854528468,-0.2621112169983113,0.7630145662354677,17
다라485099,9,9,1,0,0,장흥군,948550.0,1609950.0,True,-0.03349012543483286,0.24687665192178135,-0.6968491854528468,-0.2621112169983113,0.6928667277125276,18
다라456318,13,8,1,0,0,장흥군,945650.0,1631850.0,True,-0.10791262640112823,0.24687665192178135,-0.6968491854528468,-0.2621112169983113,0.6184442267462322,19
다라485098,10,5,1,0,0,장흥군,948550.0,1609850.0,True,-0.33118012930001434,0.24687665192178135,-0.6968491854528468,-0.2621112169983113,0.39517672384734603,20
다라483188,22,3,1,0,0,장흥군,948350.0,1618850.0,True,-0.48002513123260504,0.24687665192178135,-0.6968491854528468,-0.2621112169983113,0.24633172191475536,21
다라456319,45,8,2,2,0,장흥군,945650.0,1631950.0,True,-0.10791262640112823,1.0697988249943857,2.0006315324291406,-0.2621112169983113,0.09262604087784287,22
다라452313,9,11,0,0,0,장흥군,945250.0,1631350.0,True,0.11535487649775787,-0.576045521150823,-0.6968491854528468,-0.2621112169983113,0.018789556572513966,23
다라437118,28,10,0,0,0,장흥군,943750.0,1611850.0,True,0.040932375531462506,-0.576045521150823,-0.6968491854528468,-0.2621112169983113,-0.05563294439378147,24
다라486099,8,9,0,0,0,장흥군,948650.0,1609950.0,True,-0.03349012543483286,-0.576045521150823,-0.6968491854528468,-0.2621112169983113,-0.1300554453600768,25
다라452318,10,18,0,1,0,장흥군,945250.0,1631850.0,True,0.6363123832618254,-0.576045521150823,0.6518911734881468,-0.2621112169983113,-0.13462311613391537,26
다라457320,33,8,0,0,0,장흥군,945750.0,1632050.0,True,-0.10791262640112823,-0.576045521150823,-0.6968491854528468,-0.2621112169983113,-0.20447794632637212,27
다라460316,11,8,0,0,0,장흥군,946050.0,1631650.0,True,-0.10791262640112823,-0.576045521150823,-0.6968491854528468,-0.2621112169983113,-0.20447794632637212,27
다라451318,8,4,1,1,0,장흥군,945150.0,1631850.0,True,-0.40560263026630966,0.24687665192178135,0.6518911734881468,-0.2621112169983113,-0.3536159565894461,28
다라485188,17,6,1,0,1,장흥군,948550.0,1618850.0,True,-0.25675762833371896,0.24687665192178135,-0.6968491854528468,1.4852968963237643,-0.4041048318473963,29
다라485101,8,5,0,0,0,장흥군,948550.0,1610150.0,True,-0.33118012930001434,-0.576045521150823,-0.6968491854528468,-0.2621112169983113,-0.42774544922525837,30
다라453314,16,3,0,0,0,장흥군,945350.0,1631450.0,True,-0.48002513123260504,-0.576045521150823,-0.6968491854528468,-0.2621112169983113,-0.576590451157849,31
다라457315,14,3,0,0,0,장흥군,945750.0,1631550.0,True,-0.48002513123260504,-0.576045521150823,-0.6968491854528468,-0.2621112169983113,-0.576590451157849,31
다라452315,24,2,0,0,0,장흥군,945250.0,1631550.0,True,-0.5544476321989004,-0.576045521150823,-0.6968491854528468,-0.2621112169983113,-0.6510129521241443,32
다라455312,9,2,0,0,0,장흥군,945550.0,1631250.0,True,-0.5544476321989004,-0.576045521150823,-0.6968491854528468,-0.2621112169983113,-0.6510129521241443,32
다라457324,8,2,0,0,0,장흥군,945750.0,1632450.0,True,-0.5544476321989004,-0.576045521150823,-0.6968491854528468,-0.2621112169983113,-0.6510129521241443,32
다라439118,7,2,0,0,0,장흥군,943950.0,1611850.0,True,-0.5544476321989004,-0.576045521150823,-0.6968491854528468,-0.2621112169983113,-0.6510129521241443,32
다라452314,26,0,1,1,0,장흥군,945250.0,1631450.0,True,-0.7032926341314911,0.24687665192178135,0.6518911734881468,-0.2621112169983113,-0.6513059604546276,33
다라486100,23,1,0,0,0,장흥군,948650.0,1610050.0,True,-0.6288701331651958,-0.576045521150823,-0.6968491854528468,-0.2621112169983113,-0.7254354530904399,34
다라436117,11,1,0,0,0,장흥군,943650.0,1611750.0,True,-0.6288701331651958,-0.576045521150823,-0.6968491854528468,-0.2621112169983113,-0.7254354530904399,34
다라452317,11,1,0,0,0,장흥군,945250.0,1631750.0,True,-0.6288701331651958,-0.576045521150823,-0.6968491854528468,-0.2621112169983113,-0.7254354530904399,34
다라519422,7,1,0,0,0,장흥군,951950.0,1642250.0,True,-0.6288701331651958,-0.576045521150823,-0.6968491854528468,-0.2621112169983113,-0.7254354530904399,34
다라452316,11,0,0,0,0,장흥군,945250.0,1631650.0,True,-0.7032926341314911,-0.576045521150823,-0.6968491854528468,-0.2621112169983113,-0.7998579540567352,35
다라485100,11,0,0,0,0,장흥군,948550.0,1610050.0,True,-0.7032926341314911,-0.576045521150823,-0.6968491854528468,-0.2621112169983113,-0.7998579540567352,35
다라485102,8,0,0,0,0,장흥군,948550.0,1610250.0,True,-0.7032926341314911,-0.576045521150823,-0.6968491854528468,-0.2621112169983113,-0.7998579540567352,35
다라456316,12,9,0,1,0,장흥군,945650.0,1631650.0,True,-0.03349012543483286,-0.576045521150823,0.6518911734881468,-0.2621112169983113,-0.8044256248305737,36
다라458317,12,14,0,2,0,장흥군,945850.0,1631750.0,True,0.33862237939664397,-0.576045521150823,2.0006315324291406,-0.2621112169983113,-1.1066832994695937,37
다라460319,12,4,0,1,0,장흥군,946050.0,1631950.0,True,-0.40560263026630966,-0.576045521150823,0.6518911734881468,-0.2621112169983113,-1.1765381296620505,38
다라456315,9,4,0,1,0,장흥군,945650.0,1631550.0,True,-0.40560263026630966,-0.576045521150823,0.6518911734881468,-0.2621112169983113,-1.1765381296620505,38
다라453315,14,3,0,1,0,장흥군,945350.0,1631550.0,True,-0.48002513123260504,-0.576045521150823,0.6518911734881468,-0.2621112169983113,-1.2509606306283458,39
다라460318,13,1,0,1,0,장흥군,946050.0,1631850.0,True,-0.6288701331651958,-0.576045521150823,0.6518911734881468,-0.2621112169983113,-1.3998056325609367,40
다라455321,10,1,0,1,0,장흥군,945550.0,1632150.0,True,-0.6288701331651958,-0.576045521150823,0.6518911734881468,-0.2621112169983113,-1.3998056325609367,40
다라436118,8,1,0,1,0,장흥군,943650.0,1611850.0,True,-0.6288701331651958,-0.576045521150823,0.6518911734881468,-0.2621112169983113,-1.3998056325609367,40
다라519423,9,1,0,0,1,장흥군,951950.0,1642350.0,True,-0.6288701331651958,-0.576045521150823,-0.6968491854528468,1.4852968963237643,-1.5991395097514776,41
다라457319,49,19,0,2,1,장흥군,945750.0,1631950.0,True,0.7107348842281208,-0.576045521150823,2.0006315324291406,1.4852968963237643,-1.6082748512991545,42
다라453317,12,0,0,0,1,장흥군,945350.0,1631750.0,True,-0.7032926341314911,-0.576045521150823,-0.6968491854528468,1.4852968963237643,-1.6735620107177729,43
다라459319,12,4,0,2,0,장흥군,945950.0,1631950.0,True,-0.40560263026630966,-0.576045521150823,2.0006315324291406,-0.2621112169983113,-1.8509083091325473,44
다라456320,8,10,0,3,0,장흥군,945650.0,1632050.0,True,0.040932375531462506,-0.576045521150823,3.3493718913701342,-0.2621112169983113,-2.0787434828052715,45
다라458316,24,5,0,2,1,장흥군,945850.0,1631650.0,True,-0.33118012930001434,-0.576045521150823,2.0006315324291406,1.4852968963237643,-2.65018986482729,46
다라484188,19,7,2,1,4,장흥군,948450.0,1618850.0,True,-0.1823351273674236,1.0697988249943857,0.6518911734881468,6.7275212362899905,-2.8022425072621067,47
나라864104,23,33,5,0,0,진도군,886450.0,1610450.0,True,2.0031547762392203,3.7121105460212727,-0.5673682170442468,-0.4196022220619008,6.208750541813567,1
나라863104,14,74,0,0,0,진도군,886350.0,1610450.0,True,5.361384842287325,-0.6595898904087386,-0.5673682170442468,-0.4196022220619008,5.195280171431661,2
나라865104,36,23,5,1,0,진도군,886550.0,1610450.0,True,1.1840742723250486,3.7121105460212727,-0.09867273339899944,-0.4196022220619008,5.155322296076771,3
나라865105,49,31,3,4,0,진도군,886550.0,1610550.0,True,1.839338675456386,1.9634303714492682,1.3074137175367428,-0.4196022220619008,3.358863299168233,4
나라864101,30,17,2,0,0,진도군,886450.0,1610150.0,True,0.6926259699765455,1.089090284163266,-0.5673682170442468,-0.4196022220619008,2.275201473692885,5
나라8610,25,38,0,0,0,진도군,886500.0,1610500.0,True,2.4126950281963064,-0.6595898904087386,-0.5673682170442468,-0.4196022220619008,2.2465903573406414,6
나라864103,32,24,3,7,0,진도군,886450.0,1610350.0,True,1.2659823227164657,1.9634303714492682,2.713500168472485,-0.4196022220619008,2.0824637209604417,7
나라865107,15,12,2,1,0,진도군,886550.0,1610750.0,True,0.2830857180194595,1.089090284163266,-0.09867273339899944,-0.4196022220619008,1.6313134799131754,8
나라864107,26,9,2,0,0,진도군,886450.0,1610750.0,True,0.03736156684520789,1.089090284163266,-0.5673682170442468,-0.4196022220619008,1.6199370705615475,9
나라866103,14,20,1,1,0,진도군,886650.0,1610350.0,True,0.938350121150797,0.2147501968772637,-0.09867273339899944,-0.4196022220619008,1.4122377957585106,10
나라867103,11,4,2,1,0,진도군,886750.0,1610350.0,True,-0.37217868511187807,1.089090284163266,-0.09867273339899944,-0.4196022220619008,0.9760490767818379,11
나라863107,24,6,2,3,0,진도군,886350.0,1610750.0,True,-0.2083625843290437,1.089090284163266,0.8387182338914954,-0.4196022220619008,0.6711696939194249,12
나라864102,20,5,2,0,1,진도군,886450.0,1610250.0,True,-0.2902706347204609,1.089090284163266,-0.5673682170442468,1.075230694033621,0.5448884109481179,13
나라865102,9,6,1,0,0,진도군,886550.0,1610250.0,True,-0.2083625843290437,0.2147501968772637,-0.5673682170442468,-0.4196022220619008,0.4998728321012938,14
나라863103,18,8,1,1,0,진도군,886350.0,1610350.0,True,-0.044546483546209305,0.2147501968772637,-0.09867273339899944,-0.4196022220619008,0.42934119106150453,15
나라866101,11,15,0,0,0,진도군,886650.0,1610150.0,True,0.5288098691937111,-0.6595898904087386,-0.5673682170442468,-0.4196022220619008,0.36270519833804626,16
나라862103,15,4,1,0,0,진도군,886250.0,1610350.0,True,-0.37217868511187807,0.2147501968772637,-0.5673682170442468,-0.4196022220619008,0.3360567313184594,17
나라858103,7,4,1,0,0,진도군,885850.0,1610350.0,True,-0.37217868511187807,0.2147501968772637,-0.5673682170442468,-0.4196022220619008,0.3360567313184594,17
나라861104,8,2,1,0,0,진도군,886150.0,1610450.0,True,-0.5359947858947125,0.2147501968772637,-0.5673682170442468,-0.4196022220619008,0.172240630535625,18
나라864105,19,12,0,0,0,진도군,886450.0,1610550.0,True,0.2830857180194595,-0.6595898904087386,-0.5673682170442468,-0.4196022220619008,0.11698104716379465,19
나라775042,6,11,0,0,0,진도군,877550.0,1604250.0,True,0.20117766762804226,-0.6595898904087386,-0.5673682170442468,-0.4196022220619008,0.03507299677237741,20
나라866102,8,0,1,0,0,진도군,886650.0,1610250.0,True,-0.6998108866775469,0.2147501968772637,-0.5673682170442468,-0.4196022220619008,0.008424529752790622,21
나라864106,22,9,0,0,0,진도군,886450.0,1610650.0,True,0.03736156684520789,-0.6595898904087386,-0.5673682170442468,-0.4196022220619008,-0.12874310401045697,22
나다663903,11,7,1,1,1,진도군,866350.0,1590350.0,True,-0.1264545339376265,0.2147501968772637,-0.09867273339899944,1.075230694033621,-0.39998331737767356,23
나라797025,13,4,1,0,1,진도군,879750.0,1602550.0,True,-0.37217868511187807,0.2147501968772637,-0.5673682170442468,1.075230694033621,-0.41135972672930143,24
나라798025,14,4,0,0,0,진도군,879850.0,1602550.0,True,-0.37217868511187807,-0.6595898904087386,-0.5673682170442468,-0.4196022220619008,-0.5382833559675431,25
나라864096,7,5,1,1,1,진도군,886450.0,1609650.0,True,-0.2902706347204609,0.2147501968772637,-0.09867273339899944,1.075230694033621,-0.5637994181605079,26
나라866108,15,1,1,3,0,진도군,886650.0,1610850.0,True,-0.6179028362861296,0.2147501968772637,0.8387182338914954,-0.4196022220619008,-0.6127106453236633,27
나라866105,8,1,1,3,0,진도군,886650.0,1610550.0,True,-0.6179028362861296,0.2147501968772637,0.8387182338914954,-0.4196022220619008,-0.6127106453236633,27
나라865101,6,3,0,0,0,진도군,886550.0,1610150.0,True,-0.45408673550329526,-0.6595898904087386,-0.5673682170442468,-0.4196022220619008,-0.6201914063589602,28
나라865106,38,12,1,7,0,진도군,886550.0,1610650.0,True,0.2830857180194595,0.2147501968772637,2.713500168472485,-0.4196022220619008,-0.6491130583085689,29
나라860104,14,5,0,1,0,진도군,886050.0,1610450.0,True,-0.2902706347204609,-0.6595898904087386,-0.09867273339899944,-0.4196022220619008,-0.6907230473987493,30
나라865100,10,2,0,0,0,진도군,886550.0,1610050.0,True,-0.5359947858947125,-0.6595898904087386,-0.5673682170442468,-0.4196022220619008,-0.7020994567503775,31
나라911125,11,1,0,0,0,진도군,891150.0,1612550.0,True,-0.6179028362861296,-0.6595898904087386,-0.5673682170442468,-0.4196022220619008,-0.7840075071417947,32
나라869103,8,1,0,0,0,진도군,886950.0,1610350.0,True,-0.6179028362861296,-0.6595898904087386,-0.5673682170442468,-0.4196022220619008,-0.7840075071417947,32
나다747978,7,1,0,0,0,진도군,874750.0,1597850.0,True,-0.6179028362861296,-0.6595898904087386,-0.5673682170442468,-0.4196022220619008,-0.7840075071417947,32
나라858104,17,8,1,3,1,진도군,885850.0,1610450.0,True,-0.044546483546209305,0.2147501968772637,0.8387182338914954,1.075230694033621,-0.7867707506315037,33
나라864100,8,10,0,0,1,진도군,886450.0,1610050.0,True,0.11926961723662508,-0.6595898904087386,-0.5673682170442468,1.075230694033621,-0.7942515116668005,34
나라868103,10,3,0,1,0,진도군,886850.0,1610350.0,True,-0.45408673550329526,-0.6595898904087386,-0.09867273339899944,-0.4196022220619008,-0.8545391481815838,35
나라911126,8,0,0,0,0,진도군,891150.0,1612650.0,True,-0.6998108866775469,-0.6595898904087386,-0.5673682170442468,-0.4196022220619008,-0.8659155575332118,36
나라929022,7,0,0,0,0,진도군,892950.0,1602250.0,True,-0.6998108866775469,-0.6595898904087386,-0.5673682170442468,-0.4196022220619008,-0.8659155575332118,36
나라881057,7,0,0,0,0,진도군,888150.0,1605750.0,True,-0.6998108866775469,-0.6595898904087386,-0.5673682170442468,-0.4196022220619008,-0.8659155575332118,36
나라862104,6,0,0,0,0,진도군,886250.0,1610450.0,True,-0.6998108866775469,-0.6595898904087386,-0.5673682170442468,-0.4196022220619008,-0.8659155575332118,36
나라872105,6,0,0,0,0,진도군,887250.0,1610550.0,True,-0.6998108866775469,-0.6595898904087386,-0.5673682170442468,-0.4196022220619008,-0.8659155575332118,36
나라859104,12,3,0,2,0,진도군,885950.0,1610450.0,True,-0.45408673550329526,-0.6595898904087386,0.3700227502462479,-0.4196022220619008,-1.0888868900042075,37
나라910126,8,0,0,1,0,진도군,891050.0,1612650.0,True,-0.6998108866775469,-0.6595898904087386,-0.09867273339899944,-0.4196022220619008,-1.1002632993558354,38
나라882057,7,0,0,1,0,진도군,888250.0,1605750.0,True,-0.6998108866775469,-0.6595898904087386,-0.09867273339899944,-0.4196022220619008,-1.1002632993558354,38
나라867102,30,2,0,2,0,진도군,886750.0,1610250.0,True,-0.5359947858947125,-0.6595898904087386,0.3700227502462479,-0.4196022220619008,-1.1707949403956248,39
나라774042,11,4,0,3,0,진도군,877450.0,1604250.0,True,-0.37217868511187807,-0.6595898904087386,0.8387182338914954,-0.4196022220619008,-1.241326581435414,40
나라865103,11,4,0,0,1,진도군,886550.0,1610350.0,True,-0.37217868511187807,-0.6595898904087386,-0.5673682170442468,1.075230694033621,-1.2856998140153038,41
나라798024,6,8,1,0,3,진도군,879850.0,1602450.0,True,-0.044546483546209305,0.2147501968772637,-0.5673682170442468,4.064896526224664,-1.578560441259154,42
나라910125,11,0,0,0,1,진도군,891050.0,1612550.0,True,-0.6998108866775469,-0.6595898904087386,-0.5673682170442468,1.075230694033621,-1.6133320155809727,43
나라867105,6,1,0,4,0,진도군,886750.0,1610550.0,True,-0.6179028362861296,-0.6595898904087386,1.3074137175367428,-0.4196022220619008,-1.7213984744322894,44
나라799024,10,5,0,0,2,진도군,879950.0,1602450.0,True,-0.2902706347204609,-0.6595898904087386,-0.5673682170442468,2.5700636101291425,-1.9512082216716473,45
나라866106,29,15,0,10,0,진도군,886650.0,1610650.0,True,0.5288098691937111,-0.6595898904087386,4.119586619408227,-0.4196022220619008,-1.9807722198881907,46
나라861106,8,3,0,7,0,진도군,886150.0,1610650.0,True,-0.45408673550329526,-0.6595898904087386,2.713500168472485,-0.4196022220619008,-2.260625599117326,47
나다662903,7,7,0,0,3,진도군,866250.0,1590350.0,True,-0.1264545339376265,-0.6595898904087386,-0.5673682170442468,4.064896526224664,-2.5348085789365737,48
다라106747,36,32,4,3,1,함평군,910650.0,1674750.0,True,2.5392668061142416,4.065863991822648,1.1037591827330722,0.6176486395892539,5.744426886775727,1
다라112741,5,50,0,0,0,함평군,911250.0,1674150.0,True,4.340694107515226,-0.44194173824159216,-0.43146949870474643,-0.5938929226819749,4.411433579966995,2
다라107746,27,27,2,1,0,함평군,910750.0,1674650.0,True,2.038870333502857,1.811961126790528,0.0802733951078598,-0.5938929226819749,4.107641224080443,3
다라105747,19,23,3,0,2,함평군,910550.0,1674750.0,True,1.6385531554137494,2.9389125593065883,-0.43146949870474643,1.8291902018604826,3.87860536314247,4
다라106746,25,8,3,0,0,함평군,910650.0,1674650.0,True,0.13736373757959572,2.9389125593065883,-0.43146949870474643,-0.5938929226819749,3.588957507579545,5
다라109747,44,28,1,0,0,함평군,910950.0,1674750.0,True,2.138949628025134,0.685009694274468,-0.43146949870474643,-0.5938929226819749,3.3366405329929627,6
다라109745,5,24,2,5,1,함평군,910950.0,1674550.0,True,1.7386324499360262,1.811961126790528,2.127244970358285,0.6176486395892539,2.178146771752785,7
다라106745,10,21,0,0,1,함평군,910650.0,1674550.0,True,1.4383945663691955,-0.44194173824159216,-0.43146949870474643,0.6176486395892539,0.9033632576853494,8
다라104748,8,2,1,0,0,함평군,910450.0,1674850.0,True,-0.4631120295540658,0.685009694274468,-0.43146949870474643,-0.5938929226819749,0.7345788754137629,9
다라108743,5,1,1,0,0,함평군,910850.0,1674350.0,True,-0.5631913240763426,0.685009694274468,-0.43146949870474643,-0.5938929226819749,0.6344995808914861,10
다라025836,9,4,1,0,1,함평군,902550.0,1683650.0,True,-0.2629534405095119,0.685009694274468,-0.43146949870474643,0.6176486395892539,0.32896668332270235,11
다라107747,17,9,0,0,0,함평군,910750.0,1674750.0,True,0.23744303210187262,-0.44194173824159216,-0.43146949870474643,-0.5938929226819749,0.30818250455364116,12
다라104747,6,7,0,0,0,함평군,910450.0,1674750.0,True,0.03728444305731881,-0.44194173824159216,-0.43146949870474643,-0.5938929226819749,0.10802391550908733,13
다라183876,12,1,1,0,1,함평군,918350.0,1687650.0,True,-0.5631913240763426,0.685009694274468,-0.43146949870474643,0.6176486395892539,0.02872879975587167,14
다라108746,27,6,0,0,0,함평군,910850.0,1674650.0,True,-0.06279485146495811,-0.44194173824159216,-0.43146949870474643,-0.5938929226819749,0.007944620986810369,15
다라103747,15,6,0,0,0,함평군,910350.0,1674750.0,True,-0.06279485146495811,-0.44194173824159216,-0.43146949870474643,-0.5938929226819749,0.007944620986810369,15
다라106748,20,3,0,0,0,함평군,910650.0,1674850.0,True,-0.36303273503178884,-0.44194173824159216,-0.43146949870474643,-0.5938929226819749,-0.2922932625800203,16
다라206875,9,3,0,0,0,함평군,920650.0,1687550.0,True,-0.36303273503178884,-0.44194173824159216,-0.43146949870474643,-0.5938929226819749,-0.2922932625800203,16
다라2087,8,3,0,0,0,함평군,920500.0,1687500.0,True,-0.36303273503178884,-0.44194173824159216,-0.43146949870474643,-0.5938929226819749,-0.2922932625800203,16
다라184877,7,3,0,0,0,함평군,918450.0,1687750.0,True,-0.36303273503178884,-0.44194173824159216,-0.43146949870474643,-0.5938929226819749,-0.2922932625800203,16
다라184876,19,9,0,0,1,함평군,918450.0,1687650.0,True,0.23744303210187262,-0.44194173824159216,-0.43146949870474643,0.6176486395892539,-0.2975882765819733,17
다라118701,11,2,0,0,0,함평군,911850.0,1670150.0,True,-0.4631120295540658,-0.44194173824159216,-0.43146949870474643,-0.5938929226819749,-0.39237255710229724,18
다라104741,6,2,0,0,0,함평군,910450.0,1674150.0,True,-0.4631120295540658,-0.44194173824159216,-0.43146949870474643,-0.5938929226819749,-0.39237255710229724,18
다라109744,16,1,0,0,0,함평군,910950.0,1674450.0,True,-0.5631913240763426,-0.44194173824159216,-0.43146949870474643,-0.5938929226819749,-0.49245185162457417,19
다라182876,12,1,0,0,0,함평군,918250.0,1687650.0,True,-0.5631913240763426,-0.44194173824159216,-0.43146949870474643,-0.5938929226819749,-0.49245185162457417,19
다라105744,11,1,0,0,0,함평군,910550.0,1674450.0,True,-0.5631913240763426,-0.44194173824159216,-0.43146949870474643,-0.5938929226819749,-0.49245185162457417,19
다라108749,9,1,0,0,0,함평군,910850.0,1674950.0,True,-0.5631913240763426,-0.44194173824159216,-0.43146949870474643,-0.5938929226819749,-0.49245185162457417,19
다라204875,7,1,0,0,0,함평군,920450.0,1687550.0,True,-0.5631913240763426,-0.44194173824159216,-0.43146949870474643,-0.5938929226819749,-0.49245185162457417,19
다라210873,5,1,0,0,0,함평군,921050.0,1687350.0,True,-0.5631913240763426,-0.44194173824159216,-0.43146949870474643,-0.5938929226819749,-0.49245185162457417,19
다라105745,10,6,0,2,0,함평군,910550.0,1674550.0,True,-0.06279485146495811,-0.44194173824159216,0.592016288920466,-0.5938929226819749,-0.5037982728257958,20
다라053779,8,0,0,0,0,함평군,905350.0,1677950.0,True,-0.6632706185986196,-0.44194173824159216,-0.43146949870474643,-0.5938929226819749,-0.592531146146851,21
다라052778,7,0,0,0,0,함평군,905250.0,1677850.0,True,-0.6632706185986196,-0.44194173824159216,-0.43146949870474643,-0.5938929226819749,-0.592531146146851,21
다라115750,6,0,0,0,0,함평군,911550.0,1675050.0,True,-0.6632706185986196,-0.44194173824159216,-0.43146949870474643,-0.5938929226819749,-0.592531146146851,21
다라205875,5,0,0,0,0,함평군,920550.0,1687550.0,True,-0.6632706185986196,-0.44194173824159216,-0.43146949870474643,-0.5938929226819749,-0.592531146146851,21
다라103746,5,0,0,0,0,함평군,910350.0,1674650.0,True,-0.6632706185986196,-0.44194173824159216,-0.43146949870474643,-0.5938929226819749,-0.592531146146851,21
다라107749,6,2,0,1,0,함평군,910750.0,1674950.0,True,-0.4631120295540658,-0.44194173824159216,0.0802733951078598,-0.5938929226819749,-0.6482440040086004,22
다라109746,7,4,0,2,0,함평군,910950.0,1674650.0,True,-0.2629534405095119,-0.44194173824159216,0.592016288920466,-0.5938929226819749,-0.7039568618703497,23
다라103748,13,4,0,0,1,함평군,910350.0,1674850.0,True,-0.2629534405095119,-0.44194173824159216,-0.43146949870474643,0.6176486395892539,-0.7979847491933578,24
다라108748,14,3,0,2,0,함평군,910850.0,1674850.0,True,-0.36303273503178884,-0.44194173824159216,0.592016288920466,-0.5938929226819749,-0.8040361563926265,25
다라118700,7,3,0,0,1,함평군,911850.0,1670050.0,True,-0.36303273503178884,-0.44194173824159216,-0.43146949870474643,0.6176486395892539,-0.8980640437156346,26
다라106744,5,2,0,2,0,함평군,910650.0,1674450.0,True,-0.4631120295540658,-0.44194173824159216,0.592016288920466,-0.5938929226819749,-0.9041154509149035,27
다라108745,5,1,0,2,0,함평군,910850.0,1674550.0,True,-0.5631913240763426,-0.44194173824159216,0.592016288920466,-0.5938929226819749,-1.0041947454371805,28
다라204874,14,1,0,0,1,함평군,920450.0,1687450.0,True,-0.5631913240763426,-0.44194173824159216,-0.43146949870474643,0.6176486395892539,-1.0982226327601885,29
다라105748,10,1,0,0,1,함평군,910550.0,1674850.0,True,-0.5631913240763426,-0.44194173824159216,-0.43146949870474643,0.6176486395892539,-1.0982226327601885,29
다라026836,5,5,0,0,2,함평군,902650.0,1683650.0,True,-0.16287414598723501,-0.44194173824159216,-0.43146949870474643,1.8291902018604826,-1.3036762358066953,30
다라117701,9,7,0,1,2,함평군,911750.0,1670150.0,True,0.03728444305731881,-0.44194173824159216,0.0802733951078598,1.8291902018604826,-1.3593890936684445,31
다라107748,40,11,1,10,1,함평군,910750.0,1674850.0,True,0.4376016211464265,0.685009694274468,4.685959439421316,0.6176486395892539,-1.5291927240843903,32
다라188799,6,1,0,0,2,함평군,918850.0,1679950.0,True,-0.5631913240763426,-0.44194173824159216,-0.43146949870474643,1.8291902018604826,-1.703993413895803,33
다라189800,10,1,0,5,0,함평군,918950.0,1680050.0,True,-0.5631913240763426,-0.44194173824159216,2.127244970358285,-0.5938929226819749,-1.77180908615609,34
다라108747,25,6,0,7,2,함평군,910850.0,1674750.0,True,-0.06279485146495811,-0.44194173824159216,3.1507307579834976,1.8291902018604826,-2.9946970696285407,35
다라026835,5,0,0,0,4,함평군,902650.0,1683550.0,True,-0.6632706185986196,-0.44194173824159216,-0.43146949870474643,4.25227332640294,-3.0156142706893085,36
다라174200,60,99,7,1,1,해남군,917450.0,1620050.0,True,6.407249130677838,4.006985475397534,0.30779350562554625,1.0539303728279354,9.73337266684863,1
다라181199,20,30,10,0,0,해남군,918150.0,1619950.0,True,1.3675319518607048,5.949766311953915,-0.5129891760425771,-0.4992301766027063,7.823407940137261,2
다라173199,70,34,6,1,1,해남군,917350.0,1619950.0,True,1.659689469473292,3.3593918632120743,0.30779350562554625,1.0539303728279354,4.338219393458625,3
다라182200,14,46,2,0,0,해남군,918250.0,1620050.0,True,2.5361620223110544,0.7690174144702339,-0.5129891760425771,-0.4992301766027063,3.81128911310393,4
다라172197,17,52,1,0,0,해남군,917250.0,1619750.0,True,2.9743982987299353,0.12142380228477376,-0.5129891760425771,-0.4992301766027063,3.601931777337351,5
나라926311,23,30,4,1,1,해남군,892650.0,1631150.0,True,1.3675319518607048,2.064204638841154,0.30779350562554625,1.0539303728279354,2.750874651475118,6
다라172198,29,30,3,2,0,해남군,917250.0,1619850.0,True,1.3675319518607048,1.416611026655694,1.1285761872936695,-0.4992301766027063,2.4694699731709173,7
다라173200,59,35,2,0,1,해남군,917350.0,1620050.0,True,1.732728848876439,0.7690174144702339,-0.5129891760425771,1.0539303728279354,2.2312756649539933,8
다라019206,8,33,1,0,0,해남군,901950.0,1620650.0,True,1.5866500900701452,0.12142380228477376,-0.5129891760425771,-0.4992301766027063,2.214183568677561,9
다라169194,19,40,2,1,1,해남군,916950.0,1619450.0,True,2.097925745892173,0.7690174144702339,0.30779350562554625,1.0539303728279354,2.186081221135666,10
다라180199,25,23,2,0,0,해남군,918050.0,1619950.0,True,0.8562562960386769,0.7690174144702339,-0.5129891760425771,-0.4992301766027063,2.1313833868315526,11
다라167208,18,10,4,1,0,해남군,916750.0,1620850.0,True,-0.09325563620223208,2.064204638841154,0.30779350562554625,-0.4992301766027063,2.066667338127502,12
다라174197,9,9,4,1,0,해남군,917450.0,1619750.0,True,-0.16629501560537893,2.064204638841154,0.30779350562554625,-0.4992301766027063,1.993627958724355,13
다라175200,20,44,0,1,0,해남군,917550.0,1620050.0,True,2.3900832635047604,-0.5261698099006863,0.30779350562554625,-0.4992301766027063,1.9596317890926542,14
다라174203,9,7,4,1,0,해남군,917450.0,1620350.0,True,-0.31237377441167263,2.064204638841154,0.30779350562554625,-0.4992301766027063,1.8475491999180615,15
다다099978,25,36,0,0,0,해남군,909950.0,1597850.0,True,1.8057682282795857,-0.5261698099006863,-0.5129891760425771,-0.4992301766027063,1.7857080947015413,16
다라175195,10,15,2,0,0,해남군,917550.0,1619550.0,True,0.2719412608135022,0.7690174144702339,-0.5129891760425771,-0.4992301766027063,1.5470683516063777,17
다라182199,10,5,3,0,0,해남군,918250.0,1619950.0,True,-0.4584525332179663,1.416611026655694,-0.5129891760425771,-0.4992301766027063,1.4642681697603694,18
다라185200,13,7,3,1,0,해남군,918550.0,1620050.0,True,-0.31237377441167263,1.416611026655694,0.30779350562554625,-0.4992301766027063,1.1999555877326014,19
다라170196,35,28,3,5,0,해남군,917050.0,1619650.0,True,1.221453193054411,1.416611026655694,3.5909242322980397,-0.4992301766027063,1.0922171918624386,20
다라175196,19,14,1,0,0,해남군,917550.0,1619650.0,True,0.1989018814103553,0.12142380228477376,-0.5129891760425771,-0.4992301766027063,0.8264353600177707,21
다라168206,24,12,1,0,0,해남군,916850.0,1620650.0,True,0.05282312260406161,0.12142380228477376,-0.5129891760425771,-0.4992301766027063,0.680356601211477,22
다라171201,13,10,3,1,1,해남군,917150.0,1620150.0,True,-0.09325563620223208,1.416611026655694,0.30779350562554625,1.0539303728279354,0.6424934512267211,23
다라175197,18,11,1,0,0,해남군,917550.0,1619750.0,True,-0.02021625679908523,0.12142380228477376,-0.5129891760425771,-0.4992301766027063,0.6073172218083303,24
다라172205,13,11,1,0,0,해남군,917250.0,1620550.0,True,-0.02021625679908523,0.12142380228477376,-0.5129891760425771,-0.4992301766027063,0.6073172218083303,24
다라170195,13,21,1,0,1,해남군,917050.0,1619550.0,True,0.7101775372323832,0.12142380228477376,-0.5129891760425771,1.0539303728279354,0.5611307411244779,25
다라181196,17,19,0,0,0,해남군,918150.0,1619650.0,True,0.5640987784260896,-0.5261698099006863,-0.5129891760425771,-0.4992301766027063,0.544038644848045,26
다라020206,16,10,1,0,0,해남군,902050.0,1620650.0,True,-0.09325563620223208,0.12142380228477376,-0.5129891760425771,-0.4992301766027063,0.5342778424051834,27
다라180200,13,9,1,0,0,해남군,918050.0,1620050.0,True,-0.16629501560537893,0.12142380228477376,-0.5129891760425771,-0.4992301766027063,0.4612384630020365,28
다다100978,20,8,1,0,0,해남군,910050.0,1597850.0,True,-0.23933439500852577,0.12142380228477376,-0.5129891760425771,-0.4992301766027063,0.38819908359888966,29
다라174198,11,13,1,1,0,해남군,917450.0,1619850.0,True,0.12586250200720844,0.12142380228477376,0.30779350562554625,-0.4992301766027063,0.3430046397805622,30
다라180197,15,16,0,0,0,해남군,918050.0,1619750.0,True,0.344980640216649,-0.5261698099006863,-0.5129891760425771,-0.4992301766027063,0.3249205066386044,31
다라176200,31,7,1,0,0,해남군,917650.0,1620050.0,True,-0.31237377441167263,0.12142380228477376,-0.5129891760425771,-0.4992301766027063,0.3151597041957428,32
다라181198,12,7,1,0,0,해남군,918150.0,1619850.0,True,-0.31237377441167263,0.12142380228477376,-0.5129891760425771,-0.4992301766027063,0.3151597041957428,32
다다100979,12,5,1,0,0,해남군,910050.0,1597950.0,True,-0.4584525332179663,0.12142380228477376,-0.5129891760425771,-0.4992301766027063,0.16908094538944918,33
다라177200,26,4,1,0,0,해남군,917750.0,1620050.0,True,-0.5314919126211132,0.12142380228477376,-0.5129891760425771,-0.4992301766027063,0.09604156598630231,34
다라171198,10,4,1,0,0,해남군,917150.0,1619850.0,True,-0.5314919126211132,0.12142380228477376,-0.5129891760425771,-0.4992301766027063,0.09604156598630231,34
다라176202,8,4,1,0,0,해남군,917650.0,1620250.0,True,-0.5314919126211132,0.12142380228477376,-0.5129891760425771,-0.4992301766027063,0.09604156598630231,34
다라179200,15,2,1,0,0,해남군,917950.0,1620050.0,True,-0.6775706714274068,0.12142380228477376,-0.5129891760425771,-0.4992301766027063,-0.050037192819991305,35
다라022207,10,2,1,0,0,해남군,902250.0,1620750.0,True,-0.6775706714274068,0.12142380228477376,-0.5129891760425771,-0.4992301766027063,-0.050037192819991305,35
다라180198,20,10,0,0,0,해남군,918050.0,1619850.0,True,-0.09325563620223208,-0.5261698099006863,-0.5129891760425771,-0.4992301766027063,-0.11331576978027669,36
다라171205,13,9,0,0,0,해남군,917150.0,1620550.0,True,-0.16629501560537893,-0.5261698099006863,-0.5129891760425771,-0.4992301766027063,-0.18635514918342355,37
다라167199,10,9,0,0,0,해남군,916750.0,1619950.0,True,-0.16629501560537893,-0.5261698099006863,-0.5129891760425771,-0.4992301766027063,-0.18635514918342355,37
다라171197,25,19,0,0,1,해남군,917150.0,1619750.0,True,0.5640987784260896,-0.5261698099006863,-0.5129891760425771,1.0539303728279354,-0.2325416298672759,38
다라168208,11,13,0,1,0,해남군,916850.0,1620850.0,True,0.12586250200720844,-0.5261698099006863,0.30779350562554625,-0.4992301766027063,-0.3045889724048978,39
다라174199,17,7,0,0,0,해남군,917450.0,1619950.0,True,-0.31237377441167263,-0.5261698099006863,-0.5129891760425771,-0.4992301766027063,-0.3324339079897173,40
다라182196,9,7,0,0,0,해남군,918250.0,1619650.0,True,-0.31237377441167263,-0.5261698099006863,-0.5129891760425771,-0.4992301766027063,-0.3324339079897173,40
다라198015,9,7,0,0,0,해남군,919850.0,1601550.0,True,-0.31237377441167263,-0.5261698099006863,-0.5129891760425771,-0.4992301766027063,-0.3324339079897173,40
다라169206,9,7,0,0,0,해남군,916950.0,1620650.0,True,-0.31237377441167263,-0.5261698099006863,-0.5129891760425771,-0.4992301766027063,-0.3324339079897173,40
다다096976,8,7,0,0,0,해남군,909650.0,1597650.0,True,-0.31237377441167263,-0.5261698099006863,-0.5129891760425771,-0.4992301766027063,-0.3324339079897173,40
다라172199,38,19,1,0,2,해남군,917250.0,1619950.0,True,0.5640987784260896,0.12142380228477376,-0.5129891760425771,2.6070909222585774,-0.3615282923971368,41
나라910232,12,8,1,0,1,해남군,891050.0,1623250.0,True,-0.23933439500852577,0.12142380228477376,-0.5129891760425771,1.0539303728279354,-0.3883811911164312,42
다라172204,14,6,0,0,0,해남군,917250.0,1620450.0,True,-0.38541315381481944,-0.5261698099006863,-0.5129891760425771,-0.4992301766027063,-0.40547328739286403,43
다라177202,17,5,0,0,0,해남군,917750.0,1620250.0,True,-0.4584525332179663,-0.5261698099006863,-0.5129891760425771,-0.4992301766027063,-0.4785126667960109,44
다라176195,9,5,0,0,0,해남군,917650.0,1619550.0,True,-0.4584525332179663,-0.5261698099006863,-0.5129891760425771,-0.4992301766027063,-0.4785126667960109,44
다라172193,8,5,0,0,0,해남군,917250.0,1619350.0,True,-0.4584525332179663,-0.5261698099006863,-0.5129891760425771,-0.4992301766027063,-0.4785126667960109,44
다라169195,11,10,0,1,0,해남군,916950.0,1619550.0,True,-0.09325563620223208,-0.5261698099006863,0.30779350562554625,-0.4992301766027063,-0.5237071106143384,45
다라169205,16,4,0,0,0,해남군,916950.0,1620550.0,True,-0.5314919126211132,-0.5261698099006863,-0.5129891760425771,-0.4992301766027063,-0.5515520461991578,46
다라191117,9,4,0,0,0,해남군,919150.0,1611750.0,True,-0.5314919126211132,-0.5261698099006863,-0.5129891760425771,-0.4992301766027063,-0.5515520461991578,46
다라175202,8,4,0,0,0,해남군,917550.0,1620250.0,True,-0.5314919126211132,-0.5261698099006863,-0.5129891760425771,-0.4992301766027063,-0.5515520461991578,46
나라910231,17,16,1,0,2,해남군,891050.0,1623150.0,True,0.344980640216649,0.12142380228477376,-0.5129891760425771,2.6070909222585774,-0.5806464306065774,47
다라171204,16,9,0,1,0,해남군,917150.0,1620450.0,True,-0.16629501560537893,-0.5261698099006863,0.30779350562554625,-0.4992301766027063,-0.5967464900174853,48
다라170205,16,3,0,0,0,해남군,917050.0,1620550.0,True,-0.60453129202426,-0.5261698099006863,-0.5129891760425771,-0.4992301766027063,-0.6245914256023047,49
다라175194,10,3,0,0,0,해남군,917550.0,1619450.0,True,-0.60453129202426,-0.5261698099006863,-0.5129891760425771,-0.4992301766027063,-0.6245914256023047,49
다라168207,9,3,0,0,0,해남군,916850.0,1620750.0,True,-0.60453129202426,-0.5261698099006863,-0.5129891760425771,-0.4992301766027063,-0.6245914256023047,49
다라179195,8,3,0,0,0,해남군,917950.0,1619550.0,True,-0.60453129202426,-0.5261698099006863,-0.5129891760425771,-0.4992301766027063,-0.6245914256023047,49
다라199017,8,3,0,0,0,해남군,919950.0,1601750.0,True,-0.60453129202426,-0.5261698099006863,-0.5129891760425771,-0.4992301766027063,-0.6245914256023047,49
다라174195,7,3,0,0,0,해남군,917450.0,1619550.0,True,-0.60453129202426,-0.5261698099006863,-0.5129891760425771,-0.4992301766027063,-0.6245914256023047,49
다라173204,22,13,0,0,1,해남군,917350.0,1620450.0,True,0.12586250200720844,-0.5261698099006863,-0.5129891760425771,1.0539303728279354,-0.670777906286157,50
다라169202,14,2,0,0,0,해남군,916950.0,1620250.0,True,-0.6775706714274068,-0.5261698099006863,-0.5129891760425771,-0.4992301766027063,-0.6976308050054515,51
다다098979,12,2,0,0,0,해남군,909850.0,1597950.0,True,-0.6775706714274068,-0.5261698099006863,-0.5129891760425771,-0.4992301766027063,-0.6976308050054515,51
다다097977,9,2,0,0,0,해남군,909750.0,1597750.0,True,-0.6775706714274068,-0.5261698099006863,-0.5129891760425771,-0.4992301766027063,-0.6976308050054515,51
다라170194,8,7,0,1,0,해남군,917050.0,1619450.0,True,-0.31237377441167263,-0.5261698099006863,0.30779350562554625,-0.4992301766027063,-0.742825248823779,52
다라198014,10,1,0,0,0,해남군,919850.0,1601450.0,True,-0.7506100508305537,-0.5261698099006863,-0.5129891760425771,-0.4992301766027063,-0.7706701844085982,53
다라164206,9,1,0,0,0,해남군,916450.0,1620650.0,True,-0.7506100508305537,-0.5261698099006863,-0.5129891760425771,-0.4992301766027063,-0.7706701844085982,53
나라907205,9,1,0,0,0,해남군,890750.0,1620550.0,True,-0.7506100508305537,-0.5261698099006863,-0.5129891760425771,-0.4992301766027063,-0.7706701844085982,53
다라165204,8,1,0,0,0,해남군,916550.0,1620450.0,True,-0.7506100508305537,-0.5261698099006863,-0.5129891760425771,-0.4992301766027063,-0.7706701844085982,53
다라241080,7,1,0,0,0,해남군,924150.0,1608050.0,True,-0.7506100508305537,-0.5261698099006863,-0.5129891760425771,-0.4992301766027063,-0.7706701844085982,53
다라188096,11,0,0,0,0,해남군,918850.0,1609650.0,True,-0.8236494302337005,-0.5261698099006863,-0.5129891760425771,-0.4992301766027063,-0.843709563811745,54
다다105898,9,0,0,0,0,해남군,910550.0,1589850.0,True,-0.8236494302337005,-0.5261698099006863,-0.5129891760425771,-0.4992301766027063,-0.843709563811745,54
다라175193,9,0,0,0,0,해남군,917550.0,1619350.0,True,-0.8236494302337005,-0.5261698099006863,-0.5129891760425771,-0.4992301766027063,-0.843709563811745,54
다라166209,9,0,0,0,0,해남군,916650.0,1620950.0,True,-0.8236494302337005,-0.5261698099006863,-0.5129891760425771,-0.4992301766027063,-0.843709563811745,54
다라179131,9,0,0,0,0,해남군,917950.0,1613150.0,True,-0.8236494302337005,-0.5261698099006863,-0.5129891760425771,-0.4992301766027063,-0.843709563811745,54
다라166204,8,0,0,0,0,해남군,916650.0,1620450.0,True,-0.8236494302337005,-0.5261698099006863,-0.5129891760425771,-0.4992301766027063,-0.843709563811745,54
다다106898,8,0,0,0,0,해남군,910650.0,1589850.0,True,-0.8236494302337005,-0.5261698099006863,-0.5129891760425771,-0.4992301766027063,-0.843709563811745,54
다라173202,14,11,0,2,0,해남군,917350.0,1620250.0,True,-0.02021625679908523,-0.5261698099006863,1.1285761872936695,-0.4992301766027063,-0.861059072045253,55
다라177195,13,13,1,4,0,해남군,917750.0,1619550.0,True,0.12586250200720844,0.12142380228477376,2.770141550629916,-0.4992301766027063,-0.8881693827216227,56
다라130075,9,10,0,0,1,해남군,913050.0,1607550.0,True,-0.09325563620223208,-0.5261698099006863,-0.5129891760425771,1.0539303728279354,-0.8898960444955976,57
다라176194,14,4,0,1,0,해남군,917650.0,1619450.0,True,-0.5314919126211132,-0.5261698099006863,0.30779350562554625,-0.4992301766027063,-0.9619433870332194,58
다라169208,8,4,0,1,0,해남군,916950.0,1620850.0,True,-0.5314919126211132,-0.5261698099006863,0.30779350562554625,-0.4992301766027063,-0.9619433870332194,58
다라181197,7,4,0,1,0,해남군,918150.0,1619750.0,True,-0.5314919126211132,-0.5261698099006863,0.30779350562554625,-0.4992301766027063,-0.9619433870332194,58
다라172200,17,10,1,0,2,해남군,917250.0,1620050.0,True,-0.09325563620223208,0.12142380228477376,-0.5129891760425771,2.6070909222585774,-1.0188827070254585,59
다라174201,34,8,0,2,0,해남군,917450.0,1620150.0,True,-0.23933439500852577,-0.5261698099006863,1.1285761872936695,-0.4992301766027063,-1.0801772102546936,60
다라171196,10,13,0,1,1,해남군,917150.0,1619650.0,True,0.12586250200720844,-0.5261698099006863,0.30779350562554625,1.0539303728279354,-1.0811692471202186,61
다라198016,12,18,0,0,2,해남군,919850.0,1601650.0,True,0.49105939902294266,-0.5261698099006863,-0.5129891760425771,2.6070909222585774,-1.0821612839857437,62
다라181195,7,1,0,1,0,해남군,918150.0,1619550.0,True,-0.7506100508305537,-0.5261698099006863,0.30779350562554625,-0.4992301766027063,-1.1810615252426597,63
다라167203,8,0,0,1,0,해남군,916750.0,1620350.0,True,-0.8236494302337005,-0.5261698099006863,0.30779350562554625,-0.4992301766027063,-1.2541009046458065,64
다라173201,39,28,1,6,1,해남군,917350.0,1620150.0,True,1.221453193054411,0.12142380228477376,4.411706913966163,1.0539303728279354,-1.3899416480578644,65
나라911231,20,14,1,0,3,해남군,891150.0,1623150.0,True,0.1989018814103553,0.12142380228477376,-0.5129891760425771,4.160251471689219,-1.503305464128192,66
나라927310,12,12,0,0,2,해남군,892750.0,1631050.0,True,0.05282312260406161,-0.5261698099006863,-0.5129891760425771,2.6070909222585774,-1.520397560404625,67
다라095112,11,18,0,3,1,해남군,909550.0,1611250.0,True,0.49105939902294266,-0.5261698099006863,1.949358868961793,1.0539303728279354,-1.5367550317726077,68
다라023207,9,1,0,0,1,해남군,902350.0,1620750.0,True,-0.7506100508305537,-0.5261698099006863,-0.5129891760425771,1.0539303728279354,-1.5472504591239191,69
다라173198,26,18,0,5,0,해남군,917350.0,1619850.0,True,0.49105939902294266,-0.5261698099006863,3.5909242322980397,-0.4992301766027063,-1.5809574387254104,70
다라166206,7,1,0,2,0,해남군,916650.0,1620650.0,True,-0.7506100508305537,-0.5261698099006863,1.1285761872936695,-0.4992301766027063,-1.5914528660767213,71
다라240080,10,0,0,0,1,해남군,924050.0,1608050.0,True,-0.8236494302337005,-0.5261698099006863,-0.5129891760425771,1.0539303728279354,-1.6202898385270659,72
나라910233,9,0,0,0,1,해남군,891050.0,1623350.0,True,-0.8236494302337005,-0.5261698099006863,-0.5129891760425771,1.0539303728279354,-1.6202898385270659,72
다라167207,20,6,1,3,1,해남군,916750.0,1620750.0,True,-0.38541315381481944,0.12142380228477376,1.949358868961793,1.0539303728279354,-1.76563397242491,73
다라172201,32,6,0,4,0,해남군,917250.0,1620150.0,True,-0.38541315381481944,-0.5261698099006863,2.770141550629916,-0.4992301766027063,-2.0470386507291103,74
다라173203,9,5,0,4,0,해남군,917350.0,1620350.0,True,-0.4584525332179663,-0.5261698099006863,2.770141550629916,-0.4992301766027063,-2.1200780301322575,75
다라181200,12,4,0,2,1,해남군,918150.0,1620050.0,True,-0.5314919126211132,-0.5261698099006863,1.1285761872936695,1.0539303728279354,-2.1489150025826023,76
다라218195,8,10,0,1,3,해남군,921850.0,1619550.0,True,-0.09325563620223208,-0.5261698099006863,0.30779350562554625,4.160251471689219,-2.8534479347603012,77
다라178200,14,3,0,4,1,해남군,917850.0,1620050.0,True,-0.60453129202426,-0.5261698099006863,2.770141550629916,1.0539303728279354,-3.042737063653872,78
다라536741,73,105,11,3,0,화순군,953650.0,1674150.0,True,5.527910554077073,4.164384974214826,0.9449733723700801,-0.31234752377721214,9.375982603995467,1
다라535741,27,60,8,0,0,화순군,953550.0,1674150.0,True,2.8360700173436184,2.8645191441130886,-0.6698545424395504,-0.31234752377721214,6.191690194565088,2
다라536740,85,59,7,2,0,화순군,953650.0,1674050.0,True,2.7762513387495416,2.4312305340791758,0.4066974007668699,-0.31234752377721214,5.160306934333889,3
다라537740,16,63,8,5,0,화순군,953750.0,1674050.0,True,3.0155260531258485,2.8645191441130886,2.0215253155765005,-0.31234752377721214,5.025456301339293,4
다라535742,14,28,9,2,0,화순군,953550.0,1674250.0,True,0.9218723023331611,3.297807754147001,0.4066974007668699,-0.31234752377721214,4.172505117985334,5
다라530742,10,38,5,1,0,화순군,953050.0,1674250.0,True,1.5200590882739289,1.564653314011351,-0.13157857083634028,-0.31234752377721214,3.306675449592056,6
다라523739,13,3,9,0,0,화순군,952350.0,1673950.0,True,-0.5735946625187585,3.297807754147001,-0.6698545424395504,-0.31234752377721214,3.2153141247366235,7
다라537738,8,24,6,1,0,화순군,953750.0,1673850.0,True,0.682597587956854,1.9979419240452634,-0.13157857083634028,-0.31234752377721214,2.9025025593088936,8
다라535740,38,49,2,3,0,화순군,953550.0,1674050.0,True,2.1780645528087734,0.26478748390961326,0.9449733723700801,-0.31234752377721214,2.126539112421953,9
다라523735,13,28,3,0,0,화순군,952350.0,1673550.0,True,0.9218723023331611,0.6980760939435259,-0.6698545424395504,-0.31234752377721214,2.1110494293850683,10
다라537744,21,36,1,1,0,화순군,953750.0,1674450.0,True,1.4004217310857754,-0.16850112612429932,-0.13157857083634028,-0.31234752377721214,1.4538836522682523,11
다라534739,16,18,2,0,0,화순군,953450.0,1673950.0,True,0.3236855163923933,0.26478748390961326,-0.6698545424395504,-0.31234752377721214,1.0795740334103878,12
다라536742,17,19,3,2,0,화순군,953650.0,1674250.0,True,0.3835041949864701,0.6980760939435259,0.4066974007668699,-0.31234752377721214,1.0344053504351671,13
다라523734,11,31,0,0,0,화순군,952350.0,1673450.0,True,1.1013283381153915,-0.6017897361582119,-0.6698545424395504,-0.31234752377721214,0.9906396350655611,14
다라531741,33,30,2,3,0,화순군,953150.0,1674150.0,True,1.0415096595213147,0.26478748390961326,0.9449733723700801,-0.31234752377721214,0.9899842191344939,15
다라537737,29,13,3,1,0,화순군,953750.0,1673750.0,True,0.024592123422009365,0.6980760939435259,-0.13157857083634028,-0.31234752377721214,0.9446312646723114,16
다라534740,22,19,2,1,0,화순군,953450.0,1674050.0,True,0.3835041949864701,0.26478748390961326,-0.13157857083634028,-0.31234752377721214,0.8702547262028595,17
다라535737,24,25,1,1,0,화순군,953550.0,1673750.0,True,0.7424162665509307,-0.16850112612429932,-0.13157857083634028,-0.31234752377721214,0.7958781877334076,18
다라537742,7,28,4,0,1,화순군,953750.0,1674250.0,True,0.9218723023331611,1.1313647039774384,-0.6698545424395504,3.2015621187164243,0.7873832181721623,19
다라534737,20,13,2,0,0,화순군,953450.0,1673750.0,True,0.024592123422009365,0.26478748390961326,-0.6698545424395504,-0.31234752377721214,0.780480640440004,20
다라530740,15,12,2,0,0,화순군,953050.0,1674050.0,True,-0.03522655517206742,0.26478748390961326,-0.6698545424395504,-0.31234752377721214,0.7206619618459271,21
다라535738,27,16,2,1,0,화순군,953550.0,1673850.0,True,0.20404815920423972,0.26478748390961326,-0.13157857083634028,-0.31234752377721214,0.6907986904206291,22
다라529740,20,15,2,1,0,화순군,952950.0,1674050.0,True,0.14422948061016294,0.26478748390961326,-0.13157857083634028,-0.31234752377721214,0.6309800118265524,23
다라532747,8,9,2,0,0,화순군,953250.0,1674750.0,True,-0.2146825909542978,0.26478748390961326,-0.6698545424395504,-0.31234752377721214,0.5412059260636968,24
다라547741,7,0,3,0,0,화순군,954750.0,1674150.0,True,-0.7530506983009888,0.6980760939435259,-0.6698545424395504,-0.31234752377721214,0.43612642875091834,25
다라528742,12,7,2,0,0,화순군,952850.0,1674250.0,True,-0.33431994814245136,0.26478748390961326,-0.6698545424395504,-0.31234752377721214,0.42156856887554317,26
다라535748,11,13,3,3,0,화순군,953550.0,1674850.0,True,0.024592123422009365,0.6980760939435259,0.9449733723700801,-0.31234752377721214,0.40635529306910123,27
다라527739,20,6,2,0,0,화순군,952750.0,1673950.0,True,-0.3941386267365281,0.26478748390961326,-0.6698545424395504,-0.31234752377721214,0.3617498902814664,28
다라537743,17,29,0,2,0,화순군,953750.0,1674350.0,True,0.9816909809272379,-0.6017897361582119,0.4066974007668699,-0.31234752377721214,0.3327263062741972,29
다라526738,7,12,1,0,0,화순군,952650.0,1673850.0,True,-0.03522655517206742,-0.16850112612429932,-0.6698545424395504,-0.31234752377721214,0.2873733518120145,30
다라533740,18,8,2,1,0,화순군,953350.0,1674050.0,True,-0.27450126954837456,0.26478748390961326,-0.13157857083634028,-0.31234752377721214,0.21224926166801492,31
다라531742,27,7,1,0,0,화순군,953150.0,1674250.0,True,-0.33431994814245136,-0.16850112612429932,-0.6698545424395504,-0.31234752377721214,-0.011720041158369415,32
다라527732,8,7,1,0,0,화순군,952750.0,1673250.0,True,-0.33431994814245136,-0.16850112612429932,-0.6698545424395504,-0.31234752377721214,-0.011720041158369415,32
다라526732,7,4,1,0,0,화순군,952650.0,1673250.0,True,-0.5137759839246817,-0.16850112612429932,-0.6698545424395504,-0.31234752377721214,-0.19117607694059977,33
다라529742,26,20,1,4,0,화순군,952950.0,1674250.0,True,0.44332287358054684,-0.16850112612429932,1.4832493439732903,-0.31234752377721214,-0.3106291626417915,34
다라537736,24,9,0,0,0,화순군,953750.0,1673650.0,True,-0.2146825909542978,-0.6017897361582119,-0.6698545424395504,-0.31234752377721214,-0.32537129400412834,35
다라528743,11,6,1,1,0,화순군,952850.0,1674350.0,True,-0.3941386267365281,-0.16850112612429932,-0.13157857083634028,-0.31234752377721214,-0.3406767055540513,36
다라525739,9,8,0,0,0,화순군,952550.0,1673950.0,True,-0.27450126954837456,-0.6017897361582119,-0.6698545424395504,-0.31234752377721214,-0.3851899725982051,37
다라532743,22,5,1,1,0,화순군,953250.0,1674350.0,True,-0.4539573053306049,-0.16850112612429932,-0.13157857083634028,-0.31234752377721214,-0.400495384148128,38
다라526741,6,4,1,1,0,화순군,952650.0,1674150.0,True,-0.5137759839246817,-0.16850112612429932,-0.13157857083634028,-0.31234752377721214,-0.4603140627422049,39
다라535735,19,6,0,0,0,화순군,953550.0,1673550.0,True,-0.3941386267365281,-0.6017897361582119,-0.6698545424395504,-0.31234752377721214,-0.5048273297863586,40
다라532744,18,6,0,0,0,화순군,953250.0,1674450.0,True,-0.3941386267365281,-0.6017897361582119,-0.6698545424395504,-0.31234752377721214,-0.5048273297863586,40
다라531743,27,10,0,1,0,화순군,953150.0,1674350.0,True,-0.15486391236022098,-0.6017897361582119,-0.13157857083634028,-0.31234752377721214,-0.5346906012116566,41
다라528740,19,14,0,2,0,화순군,952850.0,1674050.0,True,0.08441080201608615,-0.6017897361582119,0.4066974007668699,-0.31234752377721214,-0.5645538726369546,42
다라537745,9,5,0,0,0,화순군,953750.0,1674550.0,True,-0.4539573053306049,-0.6017897361582119,-0.6698545424395504,-0.31234752377721214,-0.5646460083804354,43
다라533739,7,2,1,1,0,화순군,953350.0,1673950.0,True,-0.6334133411128353,-0.16850112612429932,-0.13157857083634028,-0.31234752377721214,-0.5799514199303584,44
다라533743,9,6,1,2,0,화순군,953350.0,1674350.0,True,-0.3941386267365281,-0.16850112612429932,0.4066974007668699,-0.31234752377721214,-0.6098146913556564,45
다라525737,18,4,0,0,0,화순군,952550.0,1673750.0,True,-0.5137759839246817,-0.6017897361582119,-0.6698545424395504,-0.31234752377721214,-0.6244646869745121,46
다라532740,13,4,0,0,0,화순군,953250.0,1674050.0,True,-0.5137759839246817,-0.6017897361582119,-0.6698545424395504,-0.31234752377721214,-0.6244646869745121,46
다라524734,11,3,0,0,0,화순군,952450.0,1673450.0,True,-0.5735946625187585,-0.6017897361582119,-0.6698545424395504,-0.31234752377721214,-0.6842833655685889,47
다라537735,22,7,0,1,0,화순군,953750.0,1673550.0,True,-0.33431994814245136,-0.6017897361582119,-0.13157857083634028,-0.31234752377721214,-0.7141466369938869,48
다라530741,24,2,0,0,0,화순군,953050.0,1674150.0,True,-0.6334133411128353,-0.6017897361582119,-0.6698545424395504,-0.31234752377721214,-0.7441020441626658,49
다라530743,12,2,0,0,0,화순군,953050.0,1674350.0,True,-0.6334133411128353,-0.6017897361582119,-0.6698545424395504,-0.31234752377721214,-0.7441020441626658,49
다라533735,10,2,0,0,0,화순군,953350.0,1673550.0,True,-0.6334133411128353,-0.6017897361582119,-0.6698545424395504,-0.31234752377721214,-0.7441020441626658,49
다라525736,6,2,0,0,0,화순군,952550.0,1673650.0,True,-0.6334133411128353,-0.6017897361582119,-0.6698545424395504,-0.31234752377721214,-0.7441020441626658,49
다라527738,12,8,1,3,0,화순군,952750.0,1673850.0,True,-0.27450126954837456,-0.16850112612429932,0.9449733723700801,-0.31234752377721214,-0.7593153199691078,50
다라534738,12,10,0,2,0,화순군,953450.0,1673850.0,True,-0.15486391236022098,-0.6017897361582119,0.4066974007668699,-0.31234752377721214,-0.8038285870132618,51
다라505663,13,1,0,0,0,화순군,950550.0,1666350.0,True,-0.6932320197069121,-0.6017897361582119,-0.6698545424395504,-0.31234752377721214,-0.8039207227567426,52
다라530744,11,1,0,0,0,화순군,953050.0,1674450.0,True,-0.6932320197069121,-0.6017897361582119,-0.6698545424395504,-0.31234752377721214,-0.8039207227567426,52
다라533744,9,1,0,0,0,화순군,953350.0,1674450.0,True,-0.6932320197069121,-0.6017897361582119,-0.6698545424395504,-0.31234752377721214,-0.8039207227567426,52
다라528739,52,7,1,3,0,화순군,952850.0,1673950.0,True,-0.33431994814245136,-0.16850112612429932,0.9449733723700801,-0.31234752377721214,-0.8191339985631847,53
다라535736,15,5,0,1,0,화순군,953550.0,1673650.0,True,-0.4539573053306049,-0.6017897361582119,-0.13157857083634028,-0.31234752377721214,-0.8337839941820406,54
다라530734,10,0,0,0,0,화순군,953050.0,1673450.0,True,-0.7530506983009888,-0.6017897361582119,-0.6698545424395504,-0.31234752377721214,-0.8637394013508193,55
다라659752,10,0,0,0,0,화순군,965950.0,1675250.0,True,-0.7530506983009888,-0.6017897361582119,-0.6698545424395504,-0.31234752377721214,-0.8637394013508193,55
다라529743,9,0,0,0,0,화순군,952950.0,1674350.0,True,-0.7530506983009888,-0.6017897361582119,-0.6698545424395504,-0.31234752377721214,-0.8637394013508193,55
다라532735,9,0,0,0,0,화순군,953250.0,1673550.0,True,-0.7530506983009888,-0.6017897361582119,-0.6698545424395504,-0.31234752377721214,-0.8637394013508193,55
다라526737,9,0,0,0,0,화순군,952650.0,1673750.0,True,-0.7530506983009888,-0.6017897361582119,-0.6698545424395504,-0.31234752377721214,-0.8637394013508193,55
다라507619,8,0,0,0,0,화순군,950750.0,1661950.0,True,-0.7530506983009888,-0.6017897361582119,-0.6698545424395504,-0.31234752377721214,-0.8637394013508193,55
다라620853,7,0,0,0,0,화순군,962050.0,1685350.0,True,-0.7530506983009888,-0.6017897361582119,-0.6698545424395504,-0.31234752377721214,-0.8637394013508193,55
다라526736,7,0,0,0,0,화순군,952650.0,1673650.0,True,-0.7530506983009888,-0.6017897361582119,-0.6698545424395504,-0.31234752377721214,-0.8637394013508193,55
다라616795,6,0,0,0,0,화순군,961650.0,1679550.0,True,-0.7530506983009888,-0.6017897361582119,-0.6698545424395504,-0.31234752377721214,-0.8637394013508193,55
다라531740,14,4,0,1,0,화순군,953150.0,1674050.0,True,-0.5137759839246817,-0.6017897361582119,-0.13157857083634028,-0.31234752377721214,-0.8936026727761173,56
다라529741,10,8,0,2,0,화순군,952950.0,1674150.0,True,-0.27450126954837456,-0.6017897361582119,0.4066974007668699,-0.31234752377721214,-0.9234659442014153,57
다라535747,20,12,0,3,0,화순군,953550.0,1674750.0,True,-0.03522655517206742,-0.6017897361582119,0.9449733723700801,-0.31234752377721214,-0.9533292156267132,58
다라536736,15,11,0,3,0,화순군,953650.0,1673650.0,True,-0.09504523376614421,-0.6017897361582119,0.9449733723700801,-0.31234752377721214,-1.01314789422079,59
다라458704,6,6,0,2,0,화순군,945850.0,1670450.0,True,-0.3941386267365281,-0.6017897361582119,0.4066974007668699,-0.31234752377721214,-1.0431033013895687,60
다라467671,7,18,1,0,1,화순군,946750.0,1667150.0,True,0.3236855163923933,-0.16850112612429932,-0.6698545424395504,3.2015621187164243,-1.110669397870343,61
다라505661,8,0,0,1,0,화순군,950550.0,1666150.0,True,-0.7530506983009888,-0.6017897361582119,-0.13157857083634028,-0.31234752377721214,-1.1328773871524245,62
다라537746,12,10,2,0,1,화순군,953750.0,1674650.0,True,-0.15486391236022098,0.26478748390961326,-0.6698545424395504,3.2015621187164243,-1.1559302165890446,63
다라535739,7,20,0,6,0,화순군,953550.0,1673950.0,True,0.44332287358054684,-0.6017897361582119,2.5598012871797104,-0.31234752377721214,-1.2821937442789142,64
다라528738,7,2,0,3,0,화순군,952850.0,1673850.0,True,-0.6334133411128353,-0.6017897361582119,0.9449733723700801,-0.31234752377721214,-1.5515160015674812,65
다라535746,9,21,2,4,1,화순군,953550.0,1674650.0,True,0.5031415521746236,0.26478748390961326,1.4832493439732903,3.2015621187164243,-1.5744766952606204,66
다라531744,13,11,0,6,0,화순군,953150.0,1674450.0,True,-0.09504523376614421,-0.6017897361582119,2.5598012871797104,-0.31234752377721214,-1.8205618516256052,67
다라536735,19,9,0,6,0,화순군,953650.0,1673550.0,True,-0.2146825909542978,-0.6017897361582119,2.5598012871797104,-0.31234752377721214,-1.9401992088137587,68
다라536746,11,3,0,5,0,화순군,953650.0,1674650.0,True,-0.5735946625187585,-0.6017897361582119,2.0215253155765005,-0.31234752377721214,-2.0299732945766147,69
다라532746,10,2,0,0,1,화순군,953250.0,1674650.0,True,-0.6334133411128353,-0.6017897361582119,-0.6698545424395504,3.2015621187164243,-2.501056865409484,70
다라505664,10,0,0,0,1,화순군,950550.0,1666450.0,True,-0.7530506983009888,-0.6017897361582119,-0.6698545424395504,3.2015621187164243,-2.6206942225976375,71
다라633679,7,0,0,0,1,화순군,963350.0,1667950.0,True,-0.7530506983009888,-0.6017897361582119,-0.6698545424395504,3.2015621187164243,-2.6206942225976375,71
다라507618,8,1,0,2,1,화순군,950750.0,1661850.0,True,-0.6932320197069121,-0.6017897361582119,0.4066974007668699,3.2015621187164243,-3.099151515606771,72
다라506663,11,1,0,11,0,화순군,950650.0,1666350.0,True,-0.6932320197069121,-0.6017897361582119,5.251181145195762,-0.31234752377721214,-3.764438566574399,73
